uint16_t fad1[953]={30,30,55,56,81,80,104,105,126,128,153,154,177,178,199,201,222,224,247,248,266,269,288,290,312,315,342,345,375,378,410,414,447,451,481,486,516,520,557,562,597,603,639,644,679,684,717,723,750,757,781,787,811,817,841,847,864,871,878,886,890,898,903,910,911,918,917,925,920,927,912,920,896,903,873,880,848,855,820,827,793,800,763,769,733,739,704,709,672,677,640,644,607,611,572,577,537,541,504,509,475,479,449,453,424,427,405,408,391,394,374,377,362,364,351,353,338,340,329,332,320,322,315,316,304,306,292,294,278,280,261,262,246,247,230,232,217,219,200,201,172,173,145,146,119,120,88,89,56,57,24,24,-7,-8,-41,-40,-71,-72,-98,-99,-127,-128,-160,-162,-191,-193,-225,-227,-262,-264,-305,-307,-349,-351,-388,-391,-433,-437,-475,-479,-515,-517,-554,-558,-594,-600,-633,-639,-669,-675,-706,-712,-741,-747,-767,-773,-787,-794,-807,-814,-825,-831,-837,-844,-846,-853,-852,-858,-852,-859,-842,-849,-823,-831,-799,-805,-766,-773,-734,-741,-702,-707,-666,-671,-633,-638,-597,-601,-559,-564,-522,-526,-488,-491,-458,-461,-433,-436,-404,-408,-375,-378,-352,-355,-338,-340,-325,-327,-313,-316,-300,-303,-290,-292,-279,-282,-268,-271,-260,-262,-254,-256,-249,-252,-240,-241,-226,-228,-212,-214,-197,-199,-181,-183,-163,-165,-149,-149,-128,-129,-102,-102,-80,-81,-54,-54,-27,-28,-1,-1,27,27,59,60,91,91,117,119,144,145,171,172,196,198,227,228,259,261,290,292,321,323,354,358,390,393,428,430,461,465,496,501,535,538,569,573,600,604,629,634,658,663,687,692,708,714,728,735,744,751,755,761,761,768,763,770,762,768,756,762,746,752,730,735,712,717,693,698,665,670,631,636,598,601,560,565,520,525,480,484,434,437,386,389,336,338,284,287,236,237,188,189,142,142,103,104,66,66,25,26,-10,-10,-38,-38,-60,-61,-83,-84,-103,-104,-118,-119,-128,-128,-136,-138,-142,-143,-142,-143,-138,-139,-134,-135,-136,-137,-127,-128,-118,-118,-113,-114,-107,-108,-99,-100,-88,-89,-85,-85,-80,-80,-70,-70,-66,-66,-65,-66,-63,-63,-60,-60,-60,-61,-58,-58,-62,-62,-65,-66,-67,-69,-74,-75,-77,-78,-84,-85,-90,-91,-95,-96,-100,-101,-106,-106,-110,-111,-114,-116,-117,-118,-126,-128,-128,-128,-122,-124,-116,-117,-103,-103,-89,-91,-71,-72,-48,-49,-25,-25,9,9,41,42,81,81,130,131,179,180,231,232,292,294,356,358,421,424,486,489,550,553,614,619,676,681,737,744,796,801,851,857,905,912,956,964,1007,1015,1056,1064,1102,1111,1140,1150,1173,1183,1205,1215,1230,1241,1253,1263,1274,1284,1288,1299,1302,1312,1313,1323,1319,1330,1322,1331,1316,1326,1308,1319,1295,1305,1274,1285,1250,1259,1224,1235,1193,1202,1158,1167,1121,1131,1080,1088,1038,1047,992,1000,944,950,893,899,841,848,788,794,734,740,685,690,633,638,580,585,526,531,469,474,418,420,367,369,313,315,263,266,218,220,175,177,139,139,104,106,72,72,40,40,10,9,-22,-22,-50,-51,-78,-79,-104,-105,-130,-131,-156,-156,-181,-182,-214,-215,-243,-246,-278,-278,-318,-320,-360,-364,-407,-409,-448,-451,-493,-496,-537,-540,-582,-586,-627,-633,-673,-678,-711,-716,-749,-755,-787,-795,-828,-835,-865,-872,-898,-905,-931,-938,-963,-971,-996,-1004,-1016,-1025,-1041,-1048,-1059,-1067,-1079,-1087,-1099,-1106,-1108,-1117,-1116,-1124,-1123,-1132,-1132,-1142,-1141,-1149,-1152,-1162,-1160,-1169,-1164,-1173,-1165,-1174,-1166,-1175,-1159,-1168,-1153,-1163,-1148,-1158,-1139,-1148,-1131,-1139,-1125,-1135,-1116,-1125,-1097,-1106,-1078,-1086,-1054,-1062,-1032,-1041,-1004,-1012,-964,-973,-926,-933,-888,-895,-847,-854,-811,-816,-772,-777,-726,-732,-682,-686,-634,-639,-587,-591,-539,-543,-498,-503,-453,-456,-404,-407,-365,-369,-329,-331,-299,-301,-266,-269,-234,-237,-212,-214,-192,-193,-169,-171,-150,-151,-133,-133,-117,-117,-104,-105,-87,-88,-60,-61,-30,-30,-3,-3,33,33,68,68,94,96,125,126,156,157,184,186,208,209,234,236,253,255,279,281,311,313,326,330,340,343,348,350,342,345,338,341,339,342,338,340,337,340,332,334,320,323,305,308,280,283,251,253,214,216,173,174,131,132,93,93,45,45,-6,-7,-62,-63,-120,-120,-181,-181,-248,-250,-309,-312,-372,-374,-423,-427,-465,-470,-503,-508,-537,-542,-569,-574,-601,-606,-635,-640,-666,-671,-695,-702,-719,-724,-737,-744,-754,-759,-766,-772,-776,-782,-787,-794,-804,-811,-816,-823,-840,-847,-865,-871,-888,-895,-904,-911,-916,-923,-921,-929,-921,-928,-924,-931,-933,-939,-948,-956,-962,-970,-967,-974,-958,-965,-942,-950,-917,-924,-886,-893,-848,-856,-812,-819,-768,-774,-719,-726,-671,-677,-614,-620,-560,-565,-498,-501,-435,-438,-372,-375,-306,-309,-251,-253,-202,-204,};
uint16_t la1[801]={431,431,483,487,532,536,580,584,620,625,653,659,684,690,707,713,721,727,715,720,689,695,650,654,591,595,519,522,437,441,336,339,227,230,120,121,13,14,-88,-90,-189,-192,-280,-283,-360,-364,-426,-429,-473,-476,-501,-505,-508,-512,-493,-497,-467,-470,-428,-431,-372,-376,-309,-311,-235,-238,-157,-158,-78,-79,3,3,87,88,174,175,263,265,347,350,432,435,510,514,583,588,655,660,721,727,782,789,837,843,879,886,915,922,942,949,961,968,970,979,962,971,940,947,909,916,869,875,827,834,781,787,728,734,677,682,619,624,555,559,493,497,432,436,369,371,310,311,252,254,197,199,135,137,77,77,27,27,-17,-18,-60,-59,-93,-94,-116,-116,-128,-129,-132,-134,-125,-126,-108,-109,-83,-84,-52,-51,-9,-8,49,50,114,115,185,186,255,257,319,322,376,380,425,428,462,466,482,487,490,494,490,493,484,488,479,482,478,482,481,484,488,492,505,508,524,529,538,543,540,544,534,539,522,525,495,499,458,463,419,421,373,375,322,323,264,266,195,196,119,120,46,46,-25,-25,-86,-87,-133,-136,-172,-174,-206,-208,-231,-233,-249,-251,-262,-264,-276,-279,-289,-292,-313,-315,-339,-341,-355,-358,-370,-373,-380,-383,-385,-388,-386,-390,-383,-385,-373,-376,-364,-366,-358,-360,-347,-351,-333,-336,-328,-330,-325,-327,-322,-323,-313,-316,-304,-307,-286,-288,-261,-262,-240,-242,-221,-224,-205,-207,-196,-197,-191,-194,-198,-199,-208,-210,-222,-224,-241,-242,-266,-267,-290,-293,-321,-324,-351,-354,-383,-387,-420,-424,-454,-457,-491,-495,-531,-536,-568,-572,-607,-612,-644,-650,-680,-685,-719,-723,-757,-763,-794,-800,-831,-838,-872,-879,-915,-923,-962,-969,-1011,-1019,-1054,-1062,-1091,-1102,-1126,-1136,-1165,-1173,-1194,-1203,-1220,-1229,-1256,-1267,-1285,-1296,-1308,-1320,-1328,-1338,-1344,-1354,-1350,-1361,-1342,-1353,-1323,-1333,-1287,-1298,-1222,-1232,-1124,-1134,-988,-996,-806,-812,-605,-610,-406,-408,-210,-212,-23,-22,155,156,321,325,473,477,595,600,689,695,767,774,830,836,873,880,917,924,957,965,985,992,1009,1017,1029,1038,1041,1050,1037,1046,1013,1021,961,968,875,882,759,766,625,630,475,478,318,320,163,164,13,12,-139,-139,-284,-287,-412,-416,-528,-531,-621,-625,-690,-695,-729,-735,-740,-745,-723,-728,-672,-677,-598,-602,-505,-509,-401,-405,-301,-304,-197,-199,-87,-88,23,24,134,135,250,252,370,374,486,490,600,604,709,714,813,820,900,906,981,989,1056,1064,1116,1125,1172,1182,1221,1231,1265,1274,1291,1302,1294,1305,1287,1298,1260,1270,1215,1225,1167,1176,1106,1115,1038,1045,968,975,898,906,828,835,753,759,676,682,601,605,515,519,431,435,353,357,273,275,203,205,131,133,54,55,-20,-20,-85,-87,-143,-143,-189,-190,-219,-221,-237,-239,-245,-247,-240,-243,-226,-228,-206,-208,-171,-173,-118,-119,-46,-46,49,49,160,161,273,275,376,378,462,464,532,538,591,597,632,637,652,658,659,664,653,659,645,651,654,659,668,674,685,691,713,719,749,754,782,788,813,819,838,845,850,855,834,841,804,810,759,765,686,692,597,602,497,502,386,390,272,274,159,160,58,58,-34,-35,-116,-115,-178,-179,-226,-228,-264,-266,-296,-297,-331,-334,-362,-366,-388,-391,-407,-409,-422,-426,-435,-438,-442,-446,-442,-445,-448,-452,-457,-460,-462,-464,-457,-461,-442,-445,-425,-428,-407,-410,-392,-396,-376,-379,-349,-352,-311,-314,-263,-266,-211,-212,-154,-156,-92,-93,-29,-29,32,32,75,75,101,101,105,106,88,88,61,62,34,34,-3,-3,-47,-48,-94,-95,-141,-141,-186,-188,-230,-233,-271,-273,-319,-322,-372,-375,-424,-428,-478,-482,-534,-538,-593,-597,-659,-664,-732,-739,-808,-815,-882,-889,-962,-969,-1043,-1051,-1119,-1129,-1191,-1201,-1259,-1268,-1320,-1331,-1382,-1393,-1448,-1460,-1510,-1523,-1567,-1578,-1608,-1621,-1644,-1657,-1676,-1688,-1696,-1709,-1707,-1720,-1714,-1727,-1715,-1729,-1707,-1720,-1682,-1695,-1628,-1641,-1531,-1544,-1383,-1394,-1174,-1184,-925,-932,-664,-669,-404,-407,-144,-146,107,108,344,346,557,562,738,742,};
uint16_t do2[674]={64,64,65,79,80,97,98,115,115,131,131,148,149,167,169,184,186,201,202,215,217,226,227,236,236,246,247,255,256,262,264,267,270,272,274,276,277,280,282,284,286,286,288,287,288,287,290,287,290,287,290,291,294,294,296,298,301,300,302,298,301,296,299,296,298,295,298,297,299,296,300,293,295,291,294,286,289,282,285,279,281,273,276,268,270,266,267,263,265,260,262,258,259,255,257,255,256,253,255,250,252,246,248,244,246,243,246,243,245,241,242,237,238,230,231,224,226,219,221,212,213,203,204,195,196,186,189,181,182,175,177,165,166,152,154,140,141,128,128,112,114,102,103,91,91,79,80,67,68,54,55,40,40,23,24,9,9,-6,-6,-22,-23,-37,-38,-50,-50,-62,-63,-76,-76,-89,-90,-104,-106,-120,-121,-135,-136,-154,-155,-171,-173,-188,-189,-202,-204,-215,-217,-226,-229,-238,-241,-251,-253,-265,-268,-277,-280,-288,-290,-298,-301,-305,-309,-309,-312,-313,-316,-319,-320,-326,-328,-332,-334,-339,-341,-348,-350,-358,-361,-368,-372,-377,-380,-383,-385,-388,-391,-395,-397,-401,-404,-405,-408,-405,-408,-404,-408,-408,-410,-412,-415,-419,-422,-426,-428,-423,-428,-423,-426,-422,-425,-421,-425,-421,-424,-423,-427,-420,-424,-420,-424,-419,-422,-415,-418,-407,-410,-400,-404,-394,-397,-387,-391,-380,-383,-370,-373,-360,-363,-345,-347,-330,-333,-320,-322,-301,-304,-279,-282,-256,-257,-232,-234,-208,-210,-186,-187,-166,-166,-145,-145,-123,-125,-98,-98,-72,-74,-47,-47,-18,-19,12,13,43,44,72,73,102,103,131,131,157,159,184,185,209,211,235,237,260,262,282,284,305,307,329,331,351,353,368,370,389,392,412,415,430,433,448,451,466,470,483,486,496,501,510,513,516,522,523,527,529,533,531,536,535,539,536,539,535,539,534,538,531,534,524,529,518,523,508,513,498,503,490,494,480,485,468,471,455,459,448,451,444,447,436,439,426,428,417,420,406,410,399,402,393,396,384,387,373,375,361,364,351,354,344,347,337,340,329,333,321,324,315,318,314,317,310,312,306,307,306,309,307,310,311,313,315,318,319,322,319,322,312,315,305,308,299,300,298,300,295,297,294,296,287,289,277,279,270,272,265,268,258,258,245,247,232,233,215,217,198,200,182,184,163,164,141,142,120,121,104,105,93,93,81,81,66,67,47,47,25,26,8,7,-11,-11,-29,-29,-43,-44,-60,-60,-83,-85,-108,-108,-129,-129,-151,-151,-176,-176,-196,-197,-217,-218,-234,-236,-248,-250,-261,-264,-278,-280,-291,-293,-308,-312,-326,-329,-339,-342,-351,-354,-364,-367,-371,-375,-377,-380,-385,-388,-393,-397,-403,-407,-413,-417,-431,-434,-447,-451,-455,-460,-467,-472,-478,-482,-483,-488,-492,-495,-503,-507,-521,-525,-545,-550,-570,-574,-596,-601,-618,-624,-628,-633,-640,-645,-650,-655,-654,-660,-666,-671,-680,-686,-695,-702,-708,-714,-715,-720,-719,-725,-723,-729,-721,-728,-719,-726,-721,-728,-721,-726,-724,-729,-731,-736,-737,-743,-736,-741,-730,-737,-714,-719,-690,-695,-666,-671,-645,-650,-622,-628,-600,-603,-579,-582,-557,-561,-529,-532,-494,-497,-456,-461,-417,-421,-377,-380,-337,-340,-297,-299,-256,-259,-218,-220,-176,-177,-136,-136,-94,-95,-50,-49,-5,-6,34,34,70,70,106,107,146,147,183,183,221,224,265,267,303,306,};
uint16_t mi2[535]={111,111,167,169,226,229,284,286,342,344,397,399,449,452,500,504,547,552,590,595,628,634,665,670,694,699,721,726,743,749,763,770,778,784,788,795,801,807,811,816,822,827,832,838,842,847,851,856,854,860,857,864,861,869,863,870,863,869,863,869,860,866,854,861,848,855,838,845,820,827,800,806,777,783,748,754,714,719,676,682,638,644,601,605,562,567,529,532,496,500,464,469,432,436,400,402,369,372,342,345,320,323,302,305,286,288,275,278,265,267,252,253,236,237,222,222,204,207,184,186,162,163,137,138,106,108,73,73,34,34,-7,-8,-52,-52,-102,-102,-150,-152,-203,-205,-256,-258,-309,-311,-360,-363,-409,-412,-458,-462,-505,-508,-548,-552,-586,-592,-621,-625,-651,-655,-679,-684,-701,-707,-721,-728,-739,-745,-753,-759,-765,-771,-776,-781,-781,-787,-784,-790,-788,-794,-787,-793,-783,-790,-781,-787,-780,-786,-772,-779,-767,-773,-761,-767,-747,-753,-730,-736,-708,-714,-680,-686,-652,-658,-623,-628,-595,-600,-565,-570,-532,-537,-499,-503,-460,-464,-417,-421,-376,-379,-336,-338,-297,-298,-258,-259,-224,-225,-196,-197,-162,-163,-128,-130,-99,-99,-69,-69,-39,-40,-14,-15,9,9,33,34,55,56,79,80,106,107,137,138,170,171,204,205,239,241,276,278,311,314,349,351,389,392,430,434,471,476,515,519,555,559,594,599,630,635,663,669,694,699,723,728,750,755,774,779,792,798,809,815,825,831,833,840,838,845,843,850,847,854,853,860,861,867,869,876,880,887,888,896,897,904,904,911,911,917,916,924,921,928,921,929,919,926,912,920,904,911,890,897,870,878,847,852,819,826,784,791,743,749,701,708,657,662,608,614,556,562,507,512,455,459,404,407,356,359,310,312,265,268,222,225,183,184,144,145,108,108,77,77,46,47,15,14,-14,-13,-40,-41,-69,-69,-98,-100,-132,-133,-166,-167,-207,-208,-252,-255,-296,-298,-336,-340,-381,-386,-430,-434,-481,-486,-533,-537,-586,-591,-636,-642,-686,-691,-735,-741,-781,-787,-828,-835,-874,-881,-909,-916,-942,-950,-973,-980,-999,-1007,-1027,-1035,-1056,-1064,-1083,-1092,-1108,-1116,-1134,-1142,-1158,-1167,-1177,-1187,-1195,-1205,-1213,-1223,-1228,-1237,-1245,-1256,-1264,-1274,-1282,-1292,-1295,-1305,-1299,-1309,-1300,-1312,-1297,-1306,-1284,-1294,-1266,-1276,-1246,-1257,-1223,-1232,-1191,-1200,-1153,-1162,-1112,-1121,-1067,-1077,-1016,-1025,-968,-975,-922,-929,-874,-882,-834,-842,-802,-809,-767,-773,-731,-736,-696,-702,-665,-671,-640,-644,-617,-622,-603,-607,-592,-597,-579,-584,-557,-560,-524,-528,-483,-487,-435,-438,-381,-384,-320,-323,-252,-255,-182,-182,-104,-105,-23,-22,65,65,156,157,254,256,351,354,};
uint16_t fad2[476]={-64,-64,-64,-44,-45,-24,-23,-5,-5,9,10,26,25,42,43,57,58,76,76,94,94,108,109,120,122,133,134,146,148,159,159,170,171,180,183,193,194,202,203,215,217,229,230,233,234,238,240,246,248,253,256,260,262,269,272,277,279,282,284,289,290,295,298,299,302,304,307,310,314,313,315,315,316,314,318,314,315,311,313,309,312,308,311,307,309,306,308,304,307,303,306,303,305,302,305,300,303,298,299,288,290,276,279,269,271,261,263,250,252,241,243,236,238,223,224,208,209,196,196,181,182,169,171,157,159,144,145,130,131,114,115,99,100,83,83,67,67,50,50,29,30,12,12,-1,-1,-15,-16,-31,-31,-49,-49,-64,-65,-81,-81,-101,-103,-122,-122,-139,-140,-153,-154,-169,-170,-189,-189,-205,-206,-220,-222,-234,-236,-242,-243,-247,-248,-254,-256,-263,-265,-271,-273,-279,-281,-286,-289,-291,-292,-294,-296,-295,-298,-294,-296,-294,-296,-295,-298,-295,-297,-295,-298,-297,-299,-294,-297,-290,-292,-285,-288,-280,-282,-271,-272,-259,-261,-248,-250,-236,-238,-224,-226,-209,-211,-195,-197,-184,-185,-173,-173,-158,-159,-141,-142,-122,-123,-104,-105,-91,-92,-80,-81,-64,-65,-46,-47,-29,-30,-12,-11,3,3,17,17,31,31,45,45,61,61,79,79,93,95,107,107,117,117,125,125,135,136,146,148,157,159,164,166,169,171,178,179,186,186,193,195,199,201,204,206,206,208,209,211,213,215,220,222,227,228,232,233,236,238,240,241,241,242,241,244,246,247,251,252,253,257,257,259,261,263,263,265,265,267,266,269,268,270,268,270,264,265,259,262,254,257,250,251,248,250,247,248,244,247,243,244,240,242,235,237,229,231,222,223,211,212,199,201,185,188,174,174,160,160,141,143,128,128,111,111,91,92,73,75,56,58,37,38,18,17,-4,-4,-29,-31,-56,-57,-88,-89,-121,-122,-152,-155,-184,-185,-215,-217,-246,-248,-281,-282,-316,-318,-350,-353,-382,-385,-408,-411,-438,-440,-467,-471,-495,-498,-519,-524,-547,-550,-572,-576,-592,-596,-613,-618,-630,-635,-641,-647,-650,-655,-656,-662,-658,-664,-655,-660,-653,-658,-650,-654,-638,-644,-628,-633,-616,-621,-601,-606,-586,-590,-570,-575,-548,-552,-526,-531,-505,-510,-480,-484,-453,-455,-425,-429,-401,-403,-374,-376,-342,-346,-312,-315,-282,-284,-249,-251,};
uint16_t do3[337]={91,91,206,206,348,350,505,509,655,662,769,776,847,853,917,924,979,988,1004,1013,999,1007,970,978,925,932,876,883,827,834,795,801,794,800,799,805,774,780,704,709,612,618,555,560,547,551,553,559,551,554,529,534,493,496,441,444,371,374,287,289,220,221,200,202,214,217,212,214,193,194,163,164,117,119,80,81,63,62,59,59,52,53,21,22,-30,-31,-88,-88,-144,-145,-184,-185,-210,-211,-248,-250,-293,-295,-340,-344,-382,-385,-408,-411,-439,-442,-490,-494,-538,-543,-584,-590,-641,-646,-682,-688,-710,-716,-750,-756,-823,-829,-908,-914,-977,-985,-1010,-1018,-1005,-1013,-965,-973,-887,-894,-791,-797,-718,-723,-671,-677,-630,-635,-586,-590,-528,-532,-467,-471,-402,-406,-313,-316,-205,-206,-108,-109,-52,-52,-36,-35,-22,-23,31,30,133,134,259,261,390,393,515,519,618,623,719,724,844,851,972,981,1080,1090,1159,1168,1203,1212,1222,1231,1232,1241,1249,1260,1273,1284,1283,1294,1263,1273,1210,1220,1159,1169,1154,1164,1183,1193,1207,1216,1229,1240,1266,1276,1306,1315,1318,1329,1281,1291,1230,1240,1189,1198,1132,1141,1056,1064,965,973,876,883,798,805,733,739,652,657,548,552,435,438,321,323,214,216,131,131,63,64,-20,-20,-130,-132,-254,-256,-371,-374,-478,-482,-571,-576,-653,-660,-735,-741,-828,-835,-936,-944,-1053,-1061,-1168,-1177,-1279,-1289,-1404,-1415,-1514,-1526,-1572,-1584,-1574,-1585,-1559,-1570,-1578,-1591,-1639,-1653,-1721,-1734,-1792,-1807,-1832,-1846,-1828,-1842,-1789,-1802,-1701,-1715,-1578,-1590,-1466,-1478,-1399,-1409,-1369,-1379,-1346,-1357,-1315,-1326,-1263,-1274,-1191,-1199,-1105,-1113,-1006,-1014,-897,-903,-781,-789,-694,-699,-653,-659,-631,-635,-597,-602,-531,-535,-407,-410,-221,-222,};
uint16_t mi3[267]={55,55,63,64,69,70,70,70,69,70,75,76,79,80,80,80,84,84,91,91,99,100,109,110,121,121,135,137,154,155,173,174,190,192,211,213,239,240,265,267,289,292,317,319,344,346,363,367,380,383,395,397,406,409,421,425,437,442,449,453,458,463,468,471,474,477,476,478,472,476,470,474,467,471,459,463,454,458,451,455,447,451,440,442,428,432,412,415,393,396,372,375,351,354,330,332,310,312,283,285,252,255,227,229,199,201,166,167,137,138,109,110,82,83,55,55,25,25,-4,-4,-32,-32,-62,-61,-92,-92,-120,-121,-140,-141,-158,-160,-181,-182,-202,-203,-220,-221,-238,-240,-253,-255,-267,-269,-282,-285,-301,-304,-322,-325,-342,-345,-355,-358,-361,-364,-377,-381,-400,-403,-423,-426,-450,-454,-474,-477,-482,-486,-483,-486,-493,-497,-509,-513,-517,-520,-518,-521,-519,-523,-512,-517,-492,-497,-473,-476,-456,-461,-449,-452,-439,-444,-418,-422,-395,-398,-384,-388,-374,-377,-358,-361,-351,-353,-341,-344,-323,-326,-309,-311,-301,-303,-296,-297,-294,-297,-289,-292,-277,-280,-256,-259,-230,-233,-205,-207,-178,-179,-150,-151,-123,-125,-95,-95,-63,-64,-29,-29,10,11,56,56,97,98,129,130,161,161,193,195,224,226,246,248,257,260,257,258,248,249,236,238,219,221,198,199,182,183,};
uint16_t fad3[238]={22,22,22,45,45,66,66,84,86,101,102,119,120,135,135,146,146,153,155,161,163,169,171,170,171,175,176,178,180,179,180,178,179,182,184,184,186,182,182,178,180,175,176,171,173,161,161,152,154,145,147,132,134,120,120,105,107,88,89,74,75,60,61,47,47,36,37,26,28,19,18,8,7,1,1,-2,-1,0,0,1,1,6,6,14,13,23,22,31,30,37,38,48,48,52,53,55,56,66,66,77,78,84,86,95,97,108,108,116,118,127,128,137,139,149,150,153,155,166,167,177,179,184,185,188,189,188,189,183,184,179,180,174,176,170,172,165,166,160,162,154,156,142,144,130,131,115,116,97,98,82,82,65,66,48,48,28,29,5,5,-18,-18,-41,-41,-63,-64,-85,-86,-109,-110,-134,-135,-158,-160,-186,-188,-214,-215,-241,-242,-267,-269,-294,-296,-316,-317,-333,-336,-352,-354,-361,-365,-367,-370,-371,-374,-370,-372,-368,-370,-365,-368,-358,-362,-353,-355,-346,-349,-338,-341,-331,-333,-317,-318,-296,-298,-280,-282,-262,-264,-238,-239,-214,-215,-189,-191,-160,-162,-130,-131,-98,-99,-65,-66,-34,-35,-6,-5,26,27,};
uint16_t do4[168]={78,78,79,106,108,132,134,153,154,170,171,186,188,200,201,215,217,226,229,237,238,248,249,255,259,263,265,271,273,273,276,272,274,274,276,274,277,271,274,268,270,269,271,273,274,276,280,281,284,286,287,284,287,283,286,282,285,281,282,275,279,272,274,269,271,262,264,256,258,245,247,231,233,216,219,199,199,178,180,161,163,145,145,127,127,105,105,75,76,40,40,3,1,-35,-35,-74,-75,-112,-113,-146,-148,-184,-185,-225,-226,-265,-267,-305,-307,-344,-346,-377,-381,-408,-412,-435,-439,-459,-464,-481,-484,-498,-502,-513,-517,-524,-529,-531,-534,-530,-534,-522,-527,-508,-512,-492,-496,-473,-476,-449,-453,-421,-425,-393,-396,-358,-361,-320,-322,-280,-282,-240,-241,-196,-198,-151,-152,-103,-104,-54,-54,-7,-7,41,40,83,83,122,123,};
uint16_t lad1[754]={-73,-73,-74,-42,-42,-14,-14,6,5,20,21,37,37,48,48,54,53,58,59,59,59,51,52,40,40,29,29,21,22,20,21,15,15,11,11,7,8,3,4,-2,-1,-4,-4,-10,-10,-20,-21,-31,-31,-41,-40,-49,-49,-58,-59,-63,-64,-68,-69,-72,-74,-84,-85,-98,-100,-110,-111,-119,-118,-129,-130,-140,-141,-147,-148,-150,-151,-146,-147,-140,-141,-133,-134,-119,-120,-100,-101,-80,-80,-56,-56,-31,-31,-5,-4,29,29,71,71,112,114,161,162,212,214,255,257,290,292,319,322,348,350,376,379,398,401,407,410,411,414,427,429,449,452,465,468,475,479,476,481,467,470,455,458,445,448,431,435,416,418,400,404,378,381,348,350,321,323,298,300,276,277,250,252,222,223,193,195,169,171,146,148,123,123,97,97,73,72,54,53,36,37,20,20,4,5,-5,-5,-16,-17,-35,-35,-48,-48,-50,-51,-46,-47,-42,-43,-36,-36,-29,-29,-24,-25,-18,-17,-6,-7,9,9,27,27,49,49,71,72,92,93,112,113,129,130,151,152,171,173,187,189,199,201,206,207,210,212,209,210,206,207,196,197,186,188,177,178,167,168,154,155,137,137,112,113,86,86,58,59,31,32,7,7,-15,-16,-35,-36,-53,-54,-69,-69,-86,-86,-105,-105,-121,-122,-136,-138,-148,-150,-157,-157,-162,-163,-162,-164,-159,-160,-150,-151,-142,-143,-128,-129,-113,-114,-102,-102,-93,-93,-80,-82,-62,-63,-37,-37,-11,-11,23,22,59,60,97,98,141,142,183,184,223,224,256,258,285,287,306,308,318,321,330,332,337,340,344,346,347,351,351,354,355,357,356,359,357,359,359,362,367,370,376,379,384,387,397,400,409,412,414,417,420,423,421,425,414,418,404,407,389,391,372,376,352,355,333,335,311,315,291,294,270,273,252,254,234,237,222,224,207,208,187,188,172,173,159,160,150,152,146,147,144,145,146,147,146,148,149,151,157,158,168,169,181,183,194,195,206,207,218,220,232,233,244,246,260,262,277,278,289,292,300,302,307,311,316,318,318,320,317,320,314,317,306,308,295,297,282,285,269,272,256,259,243,245,227,228,204,206,182,183,159,160,131,133,106,106,80,81,53,54,28,28,3,2,-21,-20,-44,-45,-66,-67,-91,-91,-123,-124,-151,-153,-176,-177,-198,-201,-221,-223,-241,-243,-265,-267,-287,-290,-304,-306,-321,-322,-337,-339,-353,-355,-365,-368,-375,-378,-383,-385,-383,-387,-379,-381,-372,-375,-366,-368,-357,-360,-345,-348,-333,-335,-322,-324,-316,-318,-317,-320,-316,-318,-314,-317,-316,-318,-309,-310,-301,-304,-297,-299,-293,-294,-293,-295,-293,-296,-291,-295,-293,-295,-295,-297,-292,-295,-288,-289,-280,-282,-270,-272,-260,-263,-258,-260,-255,-256,-252,-254,-248,-250,-244,-247,-240,-242,-239,-241,-241,-243,-250,-252,-258,-260,-260,-262,-261,-262,-262,-266,-261,-262,-258,-260,-260,-261,-258,-260,-252,-254,-246,-247,-237,-239,-225,-226,-212,-214,-203,-205,-198,-200,-193,-196,-191,-191,-183,-184,-172,-173,-159,-161,-142,-143,-124,-124,-107,-108,-96,-97,-92,-93,-92,-93,-92,-94,-96,-98,-99,-100,-96,-97,-90,-91,-88,-89,-85,-85,-80,-81,-72,-74,-67,-68,-64,-64,-60,-60,-58,-59,-57,-57,-57,-57,-57,-57,-57,-57,-54,-55,-51,-51,-53,-55,-59,-60,-61,-61,-59,-59,-55,-56,-55,-55,-54,-55,-55,-55,-54,-54,-52,-53,-53,-53,-52,-54,-55,-56,-62,-63,-64,-65,-65,-66,-67,-68,-67,-67,-68,-70,-77,-77,-88,-88,-98,-99,-107,-107,-112,-113,-115,-117,-122,-122,-130,-132,-141,-142,-146,-148,-153,-153,-160,-162,-169,-170,-177,-179,-188,-189,-199,-200,-206,-207,-207,-208,-202,-203,-193,-194,-181,-183,-166,-167,-144,-145,-119,-120,-92,-93,-59,-60,-24,-24,};
uint16_t si1[714]={45,45,46,63,63,82,84,100,101,115,115,130,130,139,141,145,145,157,159,167,169,177,179,185,186,193,194,204,206,216,217,222,223,226,227,229,230,227,229,225,226,224,226,226,227,225,227,224,225,222,223,218,219,215,217,212,213,208,209,204,206,199,201,199,200,198,199,195,197,195,196,187,188,181,182,181,182,176,177,170,171,166,168,166,167,161,162,158,159,150,151,139,138,131,132,127,129,128,130,133,134,136,136,132,133,127,127,121,122,115,116,110,112,110,110,108,110,106,106,107,108,110,110,111,112,117,118,118,119,111,113,110,111,109,110,109,111,116,117,122,123,130,131,131,132,136,137,141,142,144,146,147,147,144,145,143,145,144,146,145,147,146,148,150,152,148,149,144,146,141,142,131,132,123,124,114,115,102,103,94,94,85,86,78,78,66,67,54,55,42,42,25,25,7,7,-8,-8,-26,-25,-44,-45,-54,-56,-61,-63,-66,-66,-75,-76,-88,-88,-105,-106,-117,-118,-132,-133,-149,-151,-164,-166,-173,-175,-183,-185,-193,-196,-207,-208,-223,-224,-238,-239,-256,-258,-271,-274,-282,-283,-290,-293,-297,-300,-311,-313,-327,-330,-345,-349,-368,-372,-389,-392,-406,-409,-418,-421,-429,-432,-437,-441,-447,-451,-466,-470,-480,-484,-492,-496,-504,-509,-512,-518,-527,-531,-534,-538,-536,-540,-538,-543,-536,-541,-540,-544,-543,-547,-544,-548,-542,-547,-536,-539,-526,-532,-521,-526,-515,-519,-508,-512,-501,-505,-493,-497,-483,-487,-472,-474,-458,-461,-448,-451,-437,-440,-426,-428,-414,-418,-403,-405,-387,-391,-367,-370,-351,-355,-346,-349,-335,-337,-317,-319,-298,-301,-275,-277,-248,-251,-226,-228,-203,-205,-183,-185,-163,-164,-142,-143,-119,-120,-92,-93,-65,-64,-35,-35,-3,-3,25,26,53,53,85,86,112,113,136,136,162,164,187,189,219,220,254,256,288,290,320,322,346,348,369,371,388,390,403,406,422,425,443,447,465,468,483,487,501,505,516,520,524,529,530,533,535,539,539,541,534,539,529,533,525,530,520,525,516,521,507,511,494,499,479,483,467,471,458,462,443,447,426,430,417,420,404,408,388,392,371,374,355,357,342,346,333,335,327,329,319,322,310,313,301,304,294,296,289,291,281,284,272,275,268,271,267,269,266,267,269,270,273,275,272,274,273,275,276,278,277,278,276,277,273,275,276,278,284,286,288,291,294,296,300,302,297,299,296,298,296,298,296,299,296,299,294,296,288,291,280,283,273,275,270,272,262,264,253,255,244,247,234,235,221,223,205,207,187,187,172,173,156,158,142,142,133,135,121,123,107,107,96,97,84,85,71,72,56,57,39,39,22,22,-3,-2,-16,-16,-24,-24,-34,-34,-41,-41,-47,-47,-54,-55,-59,-60,-65,-65,-81,-81,-94,-95,-108,-108,-121,-121,-133,-135,-148,-149,-165,-166,-184,-186,-203,-204,-223,-226,-247,-248,-269,-272,-294,-296,-319,-322,-344,-346,-366,-370,-393,-396,-419,-423,-446,-449,-470,-474,-489,-493,-507,-512,-527,-532,-548,-552,-559,-564,-565,-569,-570,-574,-575,-580,-583,-587,-589,-594,-592,-596,-590,-595,-592,-596,-596,-601,-599,-604,-590,-594,-574,-578,-559,-563,-541,-545,-524,-529,-508,-512,-492,-497,-473,-477,-454,-458,-432,-435,-410,-414,-389,-391,-362,-366,-339,-342,-311,-313,-281,-283,-255,-256,-230,-231,-209,-211,-198,-199,-190,-192,-177,-177,-158,-160,-135,-136,-109,-110,-90,-90,-78,-79,-70,-71,-56,-56,-45,-45,-32,-33,-13,-13,10,10,32,32,52,51,64,65,72,73,};
uint16_t re2[600]={398,398,401,406,408,407,411,411,415,422,426,438,441,453,456,468,472,485,488,503,505,522,526,546,552,576,581,604,608,627,631,644,649,656,660,664,669,674,680,689,694,706,711,725,730,742,748,751,757,755,761,763,769,772,778,783,791,800,807,820,826,845,852,877,884,917,925,963,971,1009,1017,1045,1052,1070,1079,1087,1096,1089,1097,1072,1080,1042,1049,998,1007,948,955,887,895,817,824,739,745,651,657,560,565,474,477,403,407,350,353,300,302,251,253,204,206,168,169,140,142,118,119,101,102,81,81,48,49,16,15,-18,-18,-50,-51,-83,-83,-124,-124,-175,-177,-235,-236,-290,-293,-344,-347,-394,-398,-446,-450,-501,-506,-555,-561,-605,-609,-642,-648,-666,-671,-685,-690,-697,-703,-709,-714,-726,-733,-743,-749,-750,-756,-761,-766,-777,-783,-790,-795,-808,-815,-836,-841,-871,-878,-916,-923,-964,-972,-1009,-1016,-1051,-1059,-1086,-1095,-1112,-1120,-1127,-1135,-1138,-1146,-1150,-1159,-1146,-1155,-1137,-1148,-1121,-1129,-1105,-1113,-1095,-1103,-1081,-1089,-1059,-1067,-1038,-1047,-1028,-1037,-1022,-1030,-1021,-1030,-1041,-1049,-1056,-1063,-1041,-1048,-1003,-1012,-939,-947,-845,-851,-742,-748,-652,-657,-557,-561,-468,-471,-401,-404,-360,-362,-331,-334,-316,-318,-304,-305,-273,-275,-227,-228,-177,-179,-117,-117,-43,-42,25,26,78,79,116,117,148,149,167,168,186,187,204,206,227,228,256,258,290,292,319,322,338,341,349,352,347,350,327,329,293,296,254,256,208,210,170,172,141,142,119,121,106,107,98,99,95,97,102,102,117,118,138,139,171,173,219,222,277,279,334,337,393,395,451,454,511,514,576,581,641,647,699,704,750,755,793,799,824,830,849,856,874,882,905,911,936,943,968,976,1003,1011,1043,1052,1090,1098,1139,1149,1183,1192,1216,1224,1234,1243,1239,1247,1228,1238,1200,1209,1153,1162,1088,1097,1011,1020,933,939,859,865,793,800,737,742,683,688,628,634,575,579,522,526,471,474,416,419,358,361,301,304,244,247,195,196,148,148,98,99,41,41,-24,-24,-108,-108,-202,-204,-299,-301,-396,-399,-489,-493,-571,-576,-643,-648,-698,-703,-732,-737,-750,-757,-760,-765,-762,-767,-757,-763,-746,-751,-727,-734,-703,-709,-676,-681,-645,-650,-618,-625,-593,-598,-570,-575,-552,-557,-548,-552,-564,-568,-592,-596,-624,-629,-660,-665,-697,-703,-738,-745,-786,-792,-837,-844,-879,-886,-908,-914,-920,-928,-919,-926,-905,-912,-890,-897,-867,-874,-849,-857,-846,-854,-844,-849,-851,-857,-864,-870,-881,-888,-906,-913,-935,-943,-943,-951,-911,-918,-833,-840,-719,-724,-598,-603,-491,-495,-393,-397,-300,-303,-216,-219,-141,-142,-88,-90,-63,-63,-49,-49,-38,-38,-25,-26,-14,-14,-10,-10,-12,-12,-13,-14,-17,-18,-28,-28,-40,-40,-40,-40,-20,-19,22,21,74,76,141,141,215,217,292,294,355,358,400,403,431,436,459,462,480,485,500,503,512,516,523,526,539,544,559,562,572,577,577,582,569,574,558,562,553,558,561,565,579,583,606,611,644,648,689,695,741,748,};
uint16_t fa2[505]={1,1,0,0,0,0,1,1,0,0,0,0,0,0,1,0,1,1,0,0,0,0,-1,1,0,0,-1,1,0,0,0,0,0,0,-1,0,1,0,0,0,-1,0,-1,0,0,0,0,-1,0,0,0,0,-1,0,0,0,-1,0,0,0,0,1,1,0,0,0,1,0,0,0,0,0,0,0,-1,0,1,0,0,0,0,0,0,0,0,0,0,1,0,1,0,-1,0,0,-1,0,0,-1,-1,1,0,1,0,0,0,0,0,0,-1,1,0,0,0,0,0,0,0,0,1,0,0,0,0,1,0,0,-1,0,0,0,0,0,1,0,-1,0,1,0,0,0,0,0,0,-1,0,0,0,1,-1,0,0,1,0,1,-1,0,-1,0,-1,-1,0,-1,0,0,1,0,0,0,1,0,0,0,0,0,0,0,0,-1,-1,0,0,0,0,0,0,0,1,0,0,1,0,-1,0,0,0,0,1,0,-1,0,0,1,0,-1,0,0,0,0,0,0,0,1,-1,0,-1,0,0,0,-1,0,0,1,0,0,-1,-1,0,0,0,-1,0,0,1,0,1,0,0,0,0,0,0,0,0,0,0,0,0,-1,0,1,0,0,0,0,0,0,0,1,0,1,0,1,0,0,0,0,0,0,0,0,0,0,0,0,-1,-1,0,0,-1,0,0,0,0,0,1,1,0,0,1,0,-1,-1,-1,1,0,0,1,-1,0,0,0,-1,0,0,0,0,-1,1,1,0,0,0,0,0,0,0,1,1,0,-1,0,0,0,0,0,0,0,0,1,0,0,0,0,0,0,0,0,1,0,0,0,0,0,0,0,0,0,0,0,0,-1,-1,0,1,0,0,0,0,0,0,0,-1,0,0,0,0,1,0,0,0,0,0,-1,-1,0,-1,0,0,0,0,0,0,0,-1,0,0,1,1,0,0,0,0,0,1,1,-1,0,0,0,0,-1,0,1,0,0,0,-1,-1,-1,0,-1,0,0,-1,0,0,1,0,0,-1,0,0,0,0,0,0,0,0,0,0,0,0,0,0,1,0,0,1,-1,0,1,0,0,0,0,1,0,0,1,0,0,0,-1,1,0,1,0,0,0,0,0,0,0,0,1,0,1,0,0,0,0,0,0,0,0,0,0,0,0,0,0,1,1,0,0,1,0,0,-1,0,1,0,1,1,0,0,0,0,0,0,1,0,0,0,0,0,};
uint16_t la2[400]={5,5,5,24,24,36,36,48,50,63,63,78,79,95,96,106,108,117,118,127,128,135,135,142,144,149,150,150,152,153,155,155,157,154,154,152,153,155,156,158,159,166,167,174,175,179,181,186,188,194,196,205,206,216,217,230,232,242,245,246,247,256,259,268,270,276,278,295,297,300,302,304,306,319,321,319,322,318,320,321,325,320,322,321,324,325,326,322,324,329,331,332,334,321,325,318,320,310,313,299,301,293,296,286,288,275,277,263,265,254,257,241,244,229,231,221,224,212,214,207,208,195,196,174,176,155,156,132,133,107,109,90,90,76,77,58,59,40,41,19,21,-6,-6,-29,-29,-54,-55,-86,-86,-114,-115,-141,-141,-166,-166,-191,-192,-216,-218,-237,-240,-264,-266,-286,-288,-304,-307,-321,-325,-333,-336,-343,-346,-346,-349,-342,-346,-341,-344,-338,-341,-334,-337,-331,-333,-318,-321,-296,-298,-274,-276,-249,-251,-222,-225,-196,-198,-170,-173,-148,-150,-127,-128,-109,-110,-91,-92,-70,-70,-48,-48,-31,-31,-17,-17,-5,-5,4,4,12,11,16,17,24,23,27,27,23,23,21,21,25,24,27,26,29,29,34,35,42,43,54,54,62,63,69,70,73,75,75,75,81,81,86,86,86,88,94,96,104,106,108,108,110,112,113,115,119,120,119,121,112,112,103,104,87,89,74,75,56,56,34,35,19,18,2,2,-13,-13,-29,-29,-46,-46,-66,-66,-85,-85,-102,-104,-127,-128,-151,-153,-170,-170,-189,-191,-210,-211,-225,-226,-244,-246,-262,-264,-275,-278,-290,-293,-305,-307,-320,-322,-341,-343,-355,-359,-359,-361,-359,-362,-363,-365,-364,-367,-360,-362,-362,-364,-365,-368,-367,-370,-363,-365,-360,-362,-361,-363,-358,-361,-355,-359,-358,-361,-362,-365,-361,-363,-354,-355,-340,-343,-332,-334,-331,-334,-328,-330,-319,-321,-309,-311,-290,-292,-271,-274,-258,-259,-237,-238,-209,-211,-178,-180,-139,-140,-102,-102,-66,-66,-35,-35,-8,-8,21,21,46,46,68,70,};
uint16_t si2[357]={-53,-53,-58,-58,-61,-61,-68,-69,-77,-78,-79,-79,-75,-74,-55,-56,-41,-42,-33,-33,-24,-24,-18,-19,-14,-16,-13,-13,-15,-15,-16,-16,-21,-22,-34,-34,-45,-45,-54,-55,-74,-74,-94,-96,-118,-119,-141,-142,-166,-166,-187,-188,-206,-207,-220,-223,-225,-226,-227,-228,-230,-232,-230,-231,-226,-227,-221,-223,-214,-217,-207,-208,-199,-201,-195,-198,-191,-194,-191,-193,-190,-191,-186,-185,-179,-181,-180,-181,-179,-180,-175,-177,-174,-175,-168,-169,-161,-162,-158,-160,-148,-150,-142,-142,-137,-137,-123,-124,-112,-113,-95,-96,-71,-71,-49,-49,-31,-32,-16,-16,-11,-11,-7,-8,1,2,17,17,32,33,56,56,80,82,93,94,106,106,119,120,134,134,156,157,179,179,202,204,223,225,233,236,240,243,248,249,252,256,257,261,271,273,284,287,290,292,295,298,310,311,325,328,349,353,379,383,418,422,457,460,490,494,519,524,547,551,583,587,625,629,658,664,684,691,704,709,713,718,718,723,719,725,711,716,697,703,679,685,650,654,615,619,580,584,540,544,495,498,443,447,394,399,348,352,293,295,244,246,207,209,172,174,143,143,114,114,85,86,56,55,26,26,-9,-8,-41,-43,-67,-67,-87,-89,-115,-115,-141,-143,-163,-164,-184,-185,-219,-221,-254,-256,-278,-279,-296,-298,-308,-311,-326,-328,-345,-348,-361,-364,-384,-387,-421,-423,-449,-451,-447,-452,-444,-447,-454,-458,-461,-465,-472,-476,-475,-480,-485,-488,-499,-503,-493,-497,-478,-481,-472,-476,-469,-473,-465,-469,-462,-466,-447,-451,-432,-436,-419,-423,-406,-410,-396,-400,-399,-402,-394,-396,-371,-374,-357,-360,-359,-362,-365,-368,-363,-366,-353,-356,-347,-350,-336,-339,-312,-315,-302,-304,-290,-292,-271,-274,-254,-256,-223,-225,-182,-183,-137,-138,-97,-98,-59,-59,};
uint16_t fa3[252]={-97,-97,-99,-66,-67,-36,-37,-6,-6,27,26,54,53,80,80,104,104,125,125,147,148,170,172,190,192,203,205,218,219,232,234,241,243,247,249,246,248,244,246,242,244,243,244,237,240,231,233,226,227,218,219,209,210,195,196,177,178,160,162,145,146,130,132,114,114,98,99,83,84,75,76,75,75,71,71,69,69,70,71,69,69,63,63,58,58,57,56,64,64,72,73,82,82,93,94,108,109,122,123,136,136,152,152,166,167,180,182,197,199,215,216,234,236,255,257,270,274,282,285,292,295,302,305,310,311,313,316,321,324,324,326,324,326,325,328,327,330,324,327,320,322,316,318,310,313,306,308,301,302,292,294,279,282,265,268,252,254,236,237,220,222,205,207,188,188,167,169,147,148,125,125,100,101,70,71,37,37,-1,0,-44,-44,-81,-82,-114,-115,-151,-151,-193,-195,-236,-237,-271,-273,-301,-302,-321,-324,-344,-347,-370,-372,-395,-399,-427,-430,-462,-465,-495,-498,-524,-529,-549,-552,-575,-580,-602,-607,-620,-623,-631,-635,-642,-647,-652,-657,-651,-656,-653,-657,-655,-660,-647,-650,-629,-633,-602,-606,-561,-565,-513,-518,-461,-465,-405,-408,-350,-352,-297,-299,-244,-246,-188,-189,};
uint16_t la3[200]={-104,-104,-104,-63,-64,-30,-29,-6,-6,12,11,24,24,34,34,47,47,64,65,90,91,123,125,168,169,220,222,270,273,312,315,343,346,368,370,380,383,383,386,376,379,355,358,328,331,297,300,265,267,241,242,224,226,219,220,221,223,235,236,254,256,277,278,300,303,325,328,348,350,355,358,350,353,324,326,280,282,226,227,166,167,105,106,54,55,14,13,-13,-13,-22,-22,-15,-16,1,1,28,28,62,62,94,96,121,124,138,140,143,145,136,138,117,119,88,88,49,49,8,8,-21,-22,-38,-38,-37,-37,-19,-19,-2,-2,16,16,31,31,40,40,46,45,35,35,13,13,-18,-19,-58,-58,-100,-100,-145,-145,-187,-190,-233,-235,-285,-287,-332,-333,-352,-356,-363,-367,-371,-375,-366,-368,-355,-358,-338,-341,-307,-310,-282,-284,-282,-285,-306,-307,-339,-341,-374,-377,-409,-412,-443,-446,-476,-479,-500,-504,-511,-516,-498,-502,-456,-460,-394,-397,-314,-317,-226,-228,-132,-133,};
uint16_t si3[178]={10,10,11,24,25,36,35,50,49,65,66,79,80,95,95,114,114,133,135,154,155,169,171,179,181,192,194,204,206,218,218,229,231,241,243,245,247,246,248,248,249,246,248,242,243,236,239,230,232,221,223,211,213,200,202,188,189,176,178,167,170,160,161,156,157,156,157,160,161,165,166,163,164,160,161,153,154,146,148,148,149,146,147,138,138,129,130,116,117,102,104,90,91,79,79,63,64,47,46,29,29,10,11,-9,-10,-27,-28,-47,-47,-65,-66,-86,-87,-105,-105,-121,-122,-141,-142,-160,-161,-178,-180,-196,-197,-212,-214,-227,-229,-244,-245,-263,-266,-282,-286,-300,-302,-317,-318,-324,-326,-326,-329,-328,-330,-323,-326,-315,-318,-306,-308,-296,-298,-279,-281,-260,-262,-234,-236,-208,-210,-176,-177,-146,-146,-122,-122,-97,-98,-74,-75,-59,-58,-44,-44,-25,-25,-4,-3,};
uint16_t re4[150]={63,63,63,106,106,145,146,180,182,213,215,243,245,270,272,299,301,329,332,361,364,393,396,420,425,441,443,451,455,456,459,460,463,459,462,450,453,438,441,424,427,406,410,382,385,358,360,333,336,309,311,286,289,261,264,236,238,211,213,190,191,170,172,152,153,139,140,121,122,100,101,83,84,65,66,49,49,32,32,12,13,-8,-7,-35,-36,-68,-69,-100,-100,-129,-130,-157,-158,-181,-183,-208,-211,-238,-241,-272,-274,-310,-312,-346,-347,-378,-379,-399,-403,-415,-419,-427,-430,-439,-443,-453,-457,-466,-470,-478,-481,-477,-482,-467,-471,-448,-452,-426,-431,-408,-411,-386,-389,-357,-361,-320,-323,-275,-278,-232,-233,-188,-189,-140,-140,-91,-91,-44,-44,-5,-5,};
uint16_t fa4[126]={36,36,35,65,66,98,99,134,136,168,169,184,186,210,211,233,234,246,249,257,258,264,266,266,269,263,265,264,266,260,262,247,250,237,238,230,232,217,219,194,196,175,175,156,157,138,140,120,121,97,97,75,75,49,49,22,23,-8,-8,-42,-42,-73,-74,-96,-96,-113,-114,-139,-141,-162,-164,-184,-184,-211,-213,-237,-239,-250,-252,-262,-264,-279,-281,-284,-286,-290,-293,-299,-302,-302,-304,-307,-310,-308,-310,-312,-314,-318,-320,-314,-317,-301,-303,-275,-278,-253,-255,-235,-237,-214,-216,-202,-204,-180,-181,-140,-141,-90,-91,-47,-48,-12,-12,22,22,53,54,};
uint16_t dod2[636]={129,129,130,148,149,178,180,209,211,226,228,235,237,233,234,215,217,190,192,166,166,147,148,126,126,101,103,75,76,49,49,38,37,37,37,38,38,38,39,40,40,33,32,25,25,18,17,9,9,13,13,33,34,62,63,97,98,136,137,175,176,208,210,237,238,251,253,259,260,275,276,296,299,324,327,360,363,398,402,445,448,490,494,521,525,550,554,578,582,597,601,619,624,636,642,635,641,632,637,623,627,603,608,584,588,557,562,519,524,468,472,404,406,324,326,237,238,155,155,74,75,6,6,-58,-59,-131,-131,-201,-204,-276,-278,-352,-356,-416,-420,-469,-474,-524,-528,-577,-581,-620,-625,-663,-668,-693,-697,-709,-715,-722,-726,-721,-726,-701,-707,-676,-682,-648,-654,-614,-620,-576,-580,-529,-533,-485,-488,-441,-446,-398,-401,-359,-362,-329,-332,-293,-295,-263,-267,-243,-246,-228,-230,-210,-212,-192,-193,-170,-170,-154,-156,-138,-139,-116,-117,-95,-96,-71,-72,-40,-41,-15,-16,9,8,29,30,30,30,25,24,15,15,-11,-11,-41,-41,-71,-73,-112,-114,-160,-161,-208,-210,-261,-263,-321,-325,-382,-385,-432,-436,-484,-488,-533,-537,-579,-582,-621,-625,-668,-673,-712,-718,-753,-758,-788,-795,-815,-822,-835,-842,-848,-854,-857,-864,-854,-860,-836,-843,-812,-819,-778,-784,-733,-738,-679,-685,-623,-627,-559,-563,-490,-495,-423,-426,-358,-361,-285,-287,-215,-218,-154,-155,-88,-89,-21,-20,39,41,100,101,145,147,183,184,225,227,265,267,304,306,336,339,368,372,393,396,414,417,433,436,453,455,476,479,498,502,521,525,536,541,540,545,529,534,525,528,520,524,503,506,481,484,452,455,431,434,418,422,403,405,390,392,374,377,353,356,344,347,341,343,334,336,337,340,345,347,354,357,367,371,375,379,393,397,415,417,433,437,463,468,501,505,543,547,595,601,649,654,701,707,761,767,821,827,886,894,946,953,1002,1009,1055,1063,1104,1114,1147,1157,1181,1191,1211,1221,1250,1260,1287,1298,1316,1327,1343,1354,1364,1375,1375,1386,1372,1382,1359,1371,1341,1352,1299,1309,1236,1245,1171,1180,1088,1096,992,1000,905,912,814,821,713,720,608,613,498,502,389,392,282,284,176,177,79,80,-5,-6,-79,-79,-145,-145,-202,-203,-248,-250,-292,-295,-337,-340,-377,-381,-410,-413,-434,-438,-448,-452,-450,-454,-448,-453,-440,-443,-419,-422,-391,-395,-366,-369,-345,-347,-324,-326,-303,-305,-286,-288,-267,-270,-245,-248,-226,-228,-204,-206,-180,-181,-163,-164,-141,-142,-122,-123,-104,-104,-83,-84,-57,-57,-36,-37,-17,-17,3,4,17,18,25,25,35,35,33,33,20,20,3,3,-24,-25,-59,-59,-102,-104,-156,-158,-208,-210,-264,-265,-323,-325,-380,-383,-438,-442,-504,-508,-572,-577,-645,-650,-721,-727,-793,-800,-862,-869,-935,-942,-1005,-1014,-1072,-1081,-1137,-1146,-1195,-1205,-1239,-1249,-1272,-1283,-1287,-1297,-1280,-1290,-1264,-1274,-1233,-1244,-1194,-1204,-1152,-1161,-1101,-1110,-1045,-1054,-987,-996,-925,-933,-857,-864,-793,-800,-727,-732,-661,-666,-605,-610,-540,-545,-475,-479,-422,-426,-364,-367,-300,-303,-242,-244,-186,-188,-131,-132,-76,-77,-23,-23,32,32,80,80,117,118,156,156,194,196,228,229,};
uint16_t red2[566]={-1,-1,0,0,0,0,0,0,0,0,0,0,0,0,0,0,0,0,-1,0,0,0,0,0,0,-1,0,0,0,0,0,0,0,0,1,0,0,0,0,0,1,0,0,0,-1,0,0,0,-1,0,0,0,0,0,0,0,1,-1,0,-1,0,1,0,0,0,0,0,0,0,1,0,1,0,0,1,0,0,-1,1,0,0,-1,0,0,0,0,0,0,-1,0,0,0,0,0,-1,0,0,0,0,-1,-1,1,1,0,0,-1,0,-1,0,0,1,1,0,1,0,0,0,0,0,0,0,0,0,0,-1,-1,0,0,-1,0,0,0,0,1,0,0,-1,0,-1,0,0,0,0,0,0,-1,0,-1,0,0,0,1,1,-1,0,-1,-1,0,0,0,0,0,0,0,0,0,1,0,0,-1,0,1,0,0,-1,-1,0,0,-1,-1,0,0,0,-1,0,0,1,-1,0,0,0,0,0,1,-1,-1,0,0,0,0,1,-1,0,1,1,-1,0,1,0,-1,0,0,0,0,-1,-1,0,0,0,-1,0,0,0,0,0,0,0,-1,0,0,1,1,0,-1,0,0,0,0,-1,0,0,0,0,0,0,0,0,0,0,1,-1,0,-1,0,-1,1,0,1,0,-1,0,0,-1,0,0,0,0,0,0,0,1,0,0,0,0,0,0,0,1,0,0,0,0,1,0,1,0,0,0,0,0,-1,0,1,0,0,-1,0,0,-1,-1,0,0,0,0,0,0,0,0,0,0,0,0,0,0,0,0,0,0,0,0,0,1,1,0,1,0,1,0,0,0,0,0,0,1,0,0,0,0,0,1,0,0,1,0,0,0,0,1,0,0,0,0,1,0,0,0,0,-1,0,0,0,0,0,0,0,0,0,0,1,1,0,0,0,0,0,0,0,0,0,1,0,0,0,0,0,0,0,1,0,0,0,0,0,1,0,0,1,0,0,1,0,0,0,1,0,0,0,0,0,0,1,0,0,0,0,-1,0,0,0,0,0,0,0,0,0,0,0,1,0,0,0,1,0,0,0,1,1,0,0,0,0,0,0,-1,1,0,0,-1,0,0,-1,0,-1,0,0,0,0,0,0,-1,0,0,0,-1,0,1,1,0,1,0,-1,1,-1,0,0,-1,0,1,0,0,0,0,-1,0,0,0,0,-1,0,-1,0,0,0,0,0,0,0,0,0,0,-1,0,0,0,0,0,-1,0,0,0,0,0,0,0,0,0,0,0,1,0,0,0,0,0,0,0,0,1,1,0,0,-1,0,0,0,0,0,-1,0,0,0,1,-1,0,0,1,1,0,-1,0,0,0,-1,1,0,0,0,1,0,-1,0,-1,0,0,0,0,};
uint16_t sol2[449]={-1,-1,24,24,51,51,76,75,98,99,120,121,141,141,157,158,175,176,193,195,214,216,233,235,255,256,277,280,300,303,325,327,351,354,379,382,408,411,436,440,459,462,482,486,505,510,524,529,541,546,555,559,562,567,569,573,573,576,572,577,567,573,564,570,556,561,545,550,534,538,522,525,506,510,491,496,477,482,462,466,441,445,419,422,399,400,377,379,354,356,332,336,312,315,291,293,268,270,242,244,218,219,191,193,163,164,135,136,102,104,68,68,32,33,-6,-5,-44,-45,-87,-88,-130,-131,-171,-171,-214,-216,-259,-261,-305,-308,-349,-353,-390,-394,-430,-433,-468,-472,-501,-505,-530,-534,-559,-562,-584,-589,-608,-614,-632,-638,-657,-662,-680,-686,-702,-708,-721,-728,-740,-746,-759,-765,-776,-782,-791,-798,-807,-813,-819,-827,-832,-839,-843,-849,-853,-860,-861,-869,-868,-874,-874,-880,-876,-883,-874,-881,-871,-879,-868,-876,-857,-864,-842,-849,-823,-830,-802,-809,-778,-784,-751,-756,-719,-725,-684,-689,-647,-652,-607,-612,-566,-570,-522,-526,-477,-480,-430,-434,-380,-383,-331,-334,-288,-289,-242,-244,-195,-196,-148,-149,-110,-110,-73,-74,-35,-37,4,4,45,45,84,85,123,125,161,163,201,202,237,239,275,277,315,319,357,359,396,399,437,439,478,481,519,523,561,566,601,605,640,646,675,680,710,716,739,746,767,772,790,795,805,812,819,825,830,836,832,838,831,836,826,832,822,828,818,824,810,816,802,808,792,800,785,793,779,785,769,776,759,765,745,752,731,738,712,718,693,697,671,676,645,650,614,619,584,589,552,557,520,524,486,489,446,450,406,410,367,369,324,327,277,280,224,224,176,177,133,135,86,86,40,41,-5,-5,-52,-53,-94,-95,-130,-133,-162,-163,-195,-196,-229,-231,-257,-259,-280,-283,-303,-305,-322,-325,-337,-340,-351,-354,-366,-368,-376,-379,-386,-389,-401,-404,-411,-415,-417,-421,-427,-431,-445,-448,-459,-462,-472,-475,-484,-488,-499,-502,-513,-518,-526,-530,-539,-541,-550,-555,-555,-560,-552,-556,-551,-555,-550,-554,-540,-544,-525,-529,-509,-513,-486,-490,-455,-458,-422,-424,-394,-397,-361,-365,-324,-326,-287,-290,-252,-253,-213,-215,-174,-176,-138,-138,-101,-102,-64,-66,};
uint16_t lad2[378]={-61,-61,-61,-41,-42,-27,-27,-12,-11,8,8,25,24,37,38,50,50,56,55,60,60,73,73,95,96,114,114,130,131,144,145,155,157,167,168,172,174,175,176,178,179,186,186,200,202,211,212,215,218,219,220,222,225,223,224,218,220,215,216,212,215,208,211,203,204,197,199,189,192,184,185,175,177,165,166,157,159,156,157,151,152,137,138,119,119,99,100,82,81,67,69,60,61,60,60,55,55,35,35,12,12,-4,-4,-16,-17,-18,-17,-15,-16,-16,-16,-19,-20,-34,-36,-54,-53,-74,-75,-96,-97,-104,-104,-94,-95,-96,-98,-110,-110,-121,-122,-134,-134,-152,-154,-169,-169,-172,-174,-167,-168,-163,-164,-171,-172,-179,-181,-190,-192,-203,-205,-214,-217,-218,-219,-211,-212,-199,-201,-185,-187,-179,-180,-184,-185,-183,-185,-171,-174,-162,-163,-155,-157,-139,-140,-118,-119,-109,-111,-99,-100,-80,-81,-58,-58,-44,-44,-29,-30,-3,-3,26,25,31,31,44,44,62,62,65,66,79,80,88,89,105,107,130,131,140,142,157,158,164,165,162,164,174,175,188,189,195,195,201,202,207,207,214,216,227,230,233,233,234,236,234,235,233,234,230,232,226,228,226,227,227,229,233,235,233,235,227,230,217,219,207,208,199,199,184,186,168,169,155,156,136,138,117,119,104,105,91,92,68,69,41,41,21,22,10,9,-5,-6,-33,-33,-59,-60,-80,-81,-98,-99,-112,-113,-115,-116,-112,-113,-124,-125,-156,-157,-190,-191,-213,-215,-228,-230,-230,-233,-227,-228,-226,-228,-233,-235,-241,-243,-263,-263,-287,-290,-301,-303,-307,-310,-311,-314,-311,-315,-305,-307,-298,-301,-307,-309,-331,-334,-353,-357,-356,-358,-348,-349,-333,-335,-312,-315,-290,-293,-285,-288,-292,-294,-295,-298,-295,-298,-289,-290,-262,-264,-230,-231,-198,-201,-173,-174,-154,-156,-133,-133,-109,-111,-87,-87,-57,-57,-25,-24,};
uint16_t re3[300]={74,74,73,109,110,145,147,180,182,204,205,231,233,259,260,288,290,310,313,327,329,338,342,346,349,357,360,359,361,365,368,371,375,379,382,380,383,373,376,376,379,377,381,371,373,358,360,348,351,348,351,343,347,332,335,320,322,312,314,296,298,273,275,253,255,235,237,213,215,186,187,158,159,133,134,112,113,86,85,56,56,25,25,-7,-7,-34,-34,-55,-55,-75,-75,-102,-102,-122,-123,-144,-146,-166,-168,-176,-178,-187,-188,-189,-189,-185,-187,-184,-186,-184,-185,-190,-193,-198,-200,-207,-208,-214,-215,-208,-209,-207,-209,-205,-207,-203,-204,-195,-196,-176,-178,-149,-150,-114,-115,-78,-79,-45,-46,-7,-8,22,22,55,57,91,91,124,125,155,157,178,180,188,190,199,201,212,213,212,215,212,214,212,214,210,211,204,207,203,204,196,198,193,195,192,194,191,194,188,188,188,189,188,189,188,190,204,205,206,208,212,213,216,218,218,219,210,212,206,208,199,201,190,191,177,178,154,155,124,125,82,82,42,41,-13,-14,-71,-72,-127,-128,-182,-183,-235,-236,-281,-283,-328,-330,-380,-385,-430,-433,-478,-482,-526,-530,-572,-577,-617,-621,-658,-662,-693,-698,-726,-732,-751,-758,-773,-779,-791,-798,-802,-808,-804,-811,-804,-812,-807,-812,-803,-810,-796,-803,-789,-795,-783,-790,-757,-763,-723,-729,-692,-696,-652,-658,-604,-608,-549,-554,-488,-493,-423,-426,-362,-365,-304,-306,-241,-243,-170,-171,-94,-95,-7,-8,73,73,148,149,};
uint16_t red3[283]={0,0,25,25,55,55,86,86,116,116,145,145,172,173,199,201,227,229,249,251,269,270,285,287,293,296,299,301,304,305,308,309,309,312,310,313,307,310,298,300,285,286,272,274,263,266,254,257,246,247,232,234,219,221,210,212,195,198,175,176,153,154,130,131,112,113,96,97,74,75,51,52,28,28,6,6,-12,-12,-31,-31,-54,-55,-82,-82,-106,-108,-132,-133,-155,-157,-177,-178,-195,-196,-213,-215,-227,-230,-235,-237,-235,-238,-229,-231,-216,-218,-200,-201,-183,-184,-163,-165,-144,-145,-124,-125,-106,-108,-89,-91,-68,-69,-44,-43,-18,-19,4,4,22,22,35,35,52,51,66,67,79,79,96,97,114,114,127,128,144,146,168,170,194,194,221,222,245,246,264,266,281,284,294,297,302,306,309,312,317,320,322,325,323,326,320,322,312,315,302,304,286,289,268,271,251,253,232,234,212,214,194,195,176,177,160,161,142,142,115,116,92,92,74,74,53,54,30,29,-3,-3,-42,-42,-78,-79,-107,-110,-134,-134,-154,-156,-181,-182,-212,-215,-247,-250,-288,-290,-330,-332,-368,-370,-400,-403,-436,-439,-473,-476,-506,-510,-530,-535,-544,-548,-549,-553,-549,-553,-545,-548,-535,-539,-518,-523,-494,-497,-462,-466,-433,-436,-408,-411,-385,-389,-357,-359,-327,-329,-295,-297,-268,-270,-246,-248,-221,-223,-195,-195,-167,-168,-139,-141,-113,-114,-87,-88,-55,-56,};
uint16_t sol3[225]={26,26,38,37,45,45,51,51,53,53,52,52,50,49,47,48,48,49,48,48,50,49,55,56,61,62,69,70,79,81,92,93,105,106,119,119,130,132,142,142,152,153,159,160,163,164,165,166,165,167,164,166,159,160,154,155,150,151,142,144,134,134,127,130,123,124,122,122,125,126,128,129,129,130,129,129,129,129,130,132,129,131,124,126,123,125,125,126,123,125,120,121,116,117,112,112,109,110,105,106,101,102,98,99,95,96,92,92,87,87,83,84,78,78,71,72,62,63,55,56,41,40,20,20,5,4,-12,-12,-26,-26,-36,-37,-49,-48,-59,-59,-74,-75,-91,-91,-105,-106,-121,-121,-135,-136,-148,-150,-161,-162,-173,-173,-176,-177,-174,-175,-173,-174,-174,-176,-185,-186,-190,-192,-192,-194,-195,-196,-197,-198,-196,-199,-200,-201,-206,-207,-219,-220,-233,-235,-246,-247,-258,-261,-270,-272,-279,-282,-289,-290,-291,-293,-289,-290,-284,-286,-278,-281,-275,-277,-269,-271,-255,-256,-234,-236,-197,-200,-154,-156,-116,-116,-75,-76,-41,-41,-11,-11,19,20,45,45,65,66,82,84,};
uint16_t lad3[189]={28,28,44,45,58,58,75,75,92,93,107,108,120,121,134,135,148,149,162,163,174,175,184,186,195,198,204,206,210,211,217,220,226,228,231,233,236,237,236,238,233,235,229,230,222,224,216,217,206,208,198,199,190,191,182,183,174,175,165,167,155,157,140,140,124,125,113,114,105,106,98,99,91,92,79,79,65,65,51,52,38,38,26,26,13,13,2,3,-6,-6,-17,-17,-28,-28,-37,-37,-42,-43,-49,-49,-55,-54,-59,-58,-58,-59,-63,-64,-69,-70,-74,-75,-81,-82,-89,-89,-95,-96,-98,-98,-101,-101,-105,-107,-113,-113,-117,-118,-121,-123,-128,-128,-135,-135,-143,-145,-150,-151,-156,-158,-163,-165,-169,-170,-177,-179,-188,-188,-199,-200,-206,-208,-207,-208,-202,-204,-198,-200,-198,-199,-196,-198,-194,-194,-190,-192,-183,-186,-173,-174,-163,-164,-155,-156,-146,-147,-138,-139,-128,-129,-112,-112,-92,-91,-73,-73,-51,-51,-30,-30,};
uint16_t fad1B[953]={30,30,55,56,81,80,104,105,126,128,153,154,177,178,199,201,222,224,247,248,266,269,288,290,312,315,342,345,375,378,410,414,447,451,481,486,516,520,557,562,597,603,639,644,679,684,717,723,750,757,781,787,811,817,841,847,864,871,878,886,890,898,903,910,911,918,917,925,920,927,912,920,896,903,873,880,848,855,820,827,793,800,763,769,733,739,704,709,672,677,640,644,607,611,572,577,537,541,504,509,475,479,449,453,424,427,405,408,391,394,374,377,362,364,351,353,338,340,329,332,320,322,315,316,304,306,292,294,278,280,261,262,246,247,230,232,217,219,200,201,172,173,145,146,119,120,88,89,56,57,24,24,-7,-8,-41,-40,-71,-72,-98,-99,-127,-128,-160,-162,-191,-193,-225,-227,-262,-264,-305,-307,-349,-351,-388,-391,-433,-437,-475,-479,-515,-517,-554,-558,-594,-600,-633,-639,-669,-675,-706,-712,-741,-747,-767,-773,-787,-794,-807,-814,-825,-831,-837,-844,-846,-853,-852,-858,-852,-859,-842,-849,-823,-831,-799,-805,-766,-773,-734,-741,-702,-707,-666,-671,-633,-638,-597,-601,-559,-564,-522,-526,-488,-491,-458,-461,-433,-436,-404,-408,-375,-378,-352,-355,-338,-340,-325,-327,-313,-316,-300,-303,-290,-292,-279,-282,-268,-271,-260,-262,-254,-256,-249,-252,-240,-241,-226,-228,-212,-214,-197,-199,-181,-183,-163,-165,-149,-149,-128,-129,-102,-102,-80,-81,-54,-54,-27,-28,-1,-1,27,27,59,60,91,91,117,119,144,145,171,172,196,198,227,228,259,261,290,292,321,323,354,358,390,393,428,430,461,465,496,501,535,538,569,573,600,604,629,634,658,663,687,692,708,714,728,735,744,751,755,761,761,768,763,770,762,768,756,762,746,752,730,735,712,717,693,698,665,670,631,636,598,601,560,565,520,525,480,484,434,437,386,389,336,338,284,287,236,237,188,189,142,142,103,104,66,66,25,26,-10,-10,-38,-38,-60,-61,-83,-84,-103,-104,-118,-119,-128,-128,-136,-138,-142,-143,-142,-143,-138,-139,-134,-135,-136,-137,-127,-128,-118,-118,-113,-114,-107,-108,-99,-100,-88,-89,-85,-85,-80,-80,-70,-70,-66,-66,-65,-66,-63,-63,-60,-60,-60,-61,-58,-58,-62,-62,-65,-66,-67,-69,-74,-75,-77,-78,-84,-85,-90,-91,-95,-96,-100,-101,-106,-106,-110,-111,-114,-116,-117,-118,-126,-128,-128,-128,-122,-124,-116,-117,-103,-103,-89,-91,-71,-72,-48,-49,-25,-25,9,9,41,42,81,81,130,131,179,180,231,232,292,294,356,358,421,424,486,489,550,553,614,619,676,681,737,744,796,801,851,857,905,912,956,964,1007,1015,1056,1064,1102,1111,1140,1150,1173,1183,1205,1215,1230,1241,1253,1263,1274,1284,1288,1299,1302,1312,1313,1323,1319,1330,1322,1331,1316,1326,1308,1319,1295,1305,1274,1285,1250,1259,1224,1235,1193,1202,1158,1167,1121,1131,1080,1088,1038,1047,992,1000,944,950,893,899,841,848,788,794,734,740,685,690,633,638,580,585,526,531,469,474,418,420,367,369,313,315,263,266,218,220,175,177,139,139,104,106,72,72,40,40,10,9,-22,-22,-50,-51,-78,-79,-104,-105,-130,-131,-156,-156,-181,-182,-214,-215,-243,-246,-278,-278,-318,-320,-360,-364,-407,-409,-448,-451,-493,-496,-537,-540,-582,-586,-627,-633,-673,-678,-711,-716,-749,-755,-787,-795,-828,-835,-865,-872,-898,-905,-931,-938,-963,-971,-996,-1004,-1016,-1025,-1041,-1048,-1059,-1067,-1079,-1087,-1099,-1106,-1108,-1117,-1116,-1124,-1123,-1132,-1132,-1142,-1141,-1149,-1152,-1162,-1160,-1169,-1164,-1173,-1165,-1174,-1166,-1175,-1159,-1168,-1153,-1163,-1148,-1158,-1139,-1148,-1131,-1139,-1125,-1135,-1116,-1125,-1097,-1106,-1078,-1086,-1054,-1062,-1032,-1041,-1004,-1012,-964,-973,-926,-933,-888,-895,-847,-854,-811,-816,-772,-777,-726,-732,-682,-686,-634,-639,-587,-591,-539,-543,-498,-503,-453,-456,-404,-407,-365,-369,-329,-331,-299,-301,-266,-269,-234,-237,-212,-214,-192,-193,-169,-171,-150,-151,-133,-133,-117,-117,-104,-105,-87,-88,-60,-61,-30,-30,-3,-3,33,33,68,68,94,96,125,126,156,157,184,186,208,209,234,236,253,255,279,281,311,313,326,330,340,343,348,350,342,345,338,341,339,342,338,340,337,340,332,334,320,323,305,308,280,283,251,253,214,216,173,174,131,132,93,93,45,45,-6,-7,-62,-63,-120,-120,-181,-181,-248,-250,-309,-312,-372,-374,-423,-427,-465,-470,-503,-508,-537,-542,-569,-574,-601,-606,-635,-640,-666,-671,-695,-702,-719,-724,-737,-744,-754,-759,-766,-772,-776,-782,-787,-794,-804,-811,-816,-823,-840,-847,-865,-871,-888,-895,-904,-911,-916,-923,-921,-929,-921,-928,-924,-931,-933,-939,-948,-956,-962,-970,-967,-974,-958,-965,-942,-950,-917,-924,-886,-893,-848,-856,-812,-819,-768,-774,-719,-726,-671,-677,-614,-620,-560,-565,-498,-501,-435,-438,-372,-375,-306,-309,-251,-253,-202,-204,};
uint16_t la1B[801]={431,431,483,487,532,536,580,584,620,625,653,659,684,690,707,713,721,727,715,720,689,695,650,654,591,595,519,522,437,441,336,339,227,230,120,121,13,14,-88,-90,-189,-192,-280,-283,-360,-364,-426,-429,-473,-476,-501,-505,-508,-512,-493,-497,-467,-470,-428,-431,-372,-376,-309,-311,-235,-238,-157,-158,-78,-79,3,3,87,88,174,175,263,265,347,350,432,435,510,514,583,588,655,660,721,727,782,789,837,843,879,886,915,922,942,949,961,968,970,979,962,971,940,947,909,916,869,875,827,834,781,787,728,734,677,682,619,624,555,559,493,497,432,436,369,371,310,311,252,254,197,199,135,137,77,77,27,27,-17,-18,-60,-59,-93,-94,-116,-116,-128,-129,-132,-134,-125,-126,-108,-109,-83,-84,-52,-51,-9,-8,49,50,114,115,185,186,255,257,319,322,376,380,425,428,462,466,482,487,490,494,490,493,484,488,479,482,478,482,481,484,488,492,505,508,524,529,538,543,540,544,534,539,522,525,495,499,458,463,419,421,373,375,322,323,264,266,195,196,119,120,46,46,-25,-25,-86,-87,-133,-136,-172,-174,-206,-208,-231,-233,-249,-251,-262,-264,-276,-279,-289,-292,-313,-315,-339,-341,-355,-358,-370,-373,-380,-383,-385,-388,-386,-390,-383,-385,-373,-376,-364,-366,-358,-360,-347,-351,-333,-336,-328,-330,-325,-327,-322,-323,-313,-316,-304,-307,-286,-288,-261,-262,-240,-242,-221,-224,-205,-207,-196,-197,-191,-194,-198,-199,-208,-210,-222,-224,-241,-242,-266,-267,-290,-293,-321,-324,-351,-354,-383,-387,-420,-424,-454,-457,-491,-495,-531,-536,-568,-572,-607,-612,-644,-650,-680,-685,-719,-723,-757,-763,-794,-800,-831,-838,-872,-879,-915,-923,-962,-969,-1011,-1019,-1054,-1062,-1091,-1102,-1126,-1136,-1165,-1173,-1194,-1203,-1220,-1229,-1256,-1267,-1285,-1296,-1308,-1320,-1328,-1338,-1344,-1354,-1350,-1361,-1342,-1353,-1323,-1333,-1287,-1298,-1222,-1232,-1124,-1134,-988,-996,-806,-812,-605,-610,-406,-408,-210,-212,-23,-22,155,156,321,325,473,477,595,600,689,695,767,774,830,836,873,880,917,924,957,965,985,992,1009,1017,1029,1038,1041,1050,1037,1046,1013,1021,961,968,875,882,759,766,625,630,475,478,318,320,163,164,13,12,-139,-139,-284,-287,-412,-416,-528,-531,-621,-625,-690,-695,-729,-735,-740,-745,-723,-728,-672,-677,-598,-602,-505,-509,-401,-405,-301,-304,-197,-199,-87,-88,23,24,134,135,250,252,370,374,486,490,600,604,709,714,813,820,900,906,981,989,1056,1064,1116,1125,1172,1182,1221,1231,1265,1274,1291,1302,1294,1305,1287,1298,1260,1270,1215,1225,1167,1176,1106,1115,1038,1045,968,975,898,906,828,835,753,759,676,682,601,605,515,519,431,435,353,357,273,275,203,205,131,133,54,55,-20,-20,-85,-87,-143,-143,-189,-190,-219,-221,-237,-239,-245,-247,-240,-243,-226,-228,-206,-208,-171,-173,-118,-119,-46,-46,49,49,160,161,273,275,376,378,462,464,532,538,591,597,632,637,652,658,659,664,653,659,645,651,654,659,668,674,685,691,713,719,749,754,782,788,813,819,838,845,850,855,834,841,804,810,759,765,686,692,597,602,497,502,386,390,272,274,159,160,58,58,-34,-35,-116,-115,-178,-179,-226,-228,-264,-266,-296,-297,-331,-334,-362,-366,-388,-391,-407,-409,-422,-426,-435,-438,-442,-446,-442,-445,-448,-452,-457,-460,-462,-464,-457,-461,-442,-445,-425,-428,-407,-410,-392,-396,-376,-379,-349,-352,-311,-314,-263,-266,-211,-212,-154,-156,-92,-93,-29,-29,32,32,75,75,101,101,105,106,88,88,61,62,34,34,-3,-3,-47,-48,-94,-95,-141,-141,-186,-188,-230,-233,-271,-273,-319,-322,-372,-375,-424,-428,-478,-482,-534,-538,-593,-597,-659,-664,-732,-739,-808,-815,-882,-889,-962,-969,-1043,-1051,-1119,-1129,-1191,-1201,-1259,-1268,-1320,-1331,-1382,-1393,-1448,-1460,-1510,-1523,-1567,-1578,-1608,-1621,-1644,-1657,-1676,-1688,-1696,-1709,-1707,-1720,-1714,-1727,-1715,-1729,-1707,-1720,-1682,-1695,-1628,-1641,-1531,-1544,-1383,-1394,-1174,-1184,-925,-932,-664,-669,-404,-407,-144,-146,107,108,344,346,557,562,738,742,};
uint16_t do2B[674]={64,64,65,79,80,97,98,115,115,131,131,148,149,167,169,184,186,201,202,215,217,226,227,236,236,246,247,255,256,262,264,267,270,272,274,276,277,280,282,284,286,286,288,287,288,287,290,287,290,287,290,291,294,294,296,298,301,300,302,298,301,296,299,296,298,295,298,297,299,296,300,293,295,291,294,286,289,282,285,279,281,273,276,268,270,266,267,263,265,260,262,258,259,255,257,255,256,253,255,250,252,246,248,244,246,243,246,243,245,241,242,237,238,230,231,224,226,219,221,212,213,203,204,195,196,186,189,181,182,175,177,165,166,152,154,140,141,128,128,112,114,102,103,91,91,79,80,67,68,54,55,40,40,23,24,9,9,-6,-6,-22,-23,-37,-38,-50,-50,-62,-63,-76,-76,-89,-90,-104,-106,-120,-121,-135,-136,-154,-155,-171,-173,-188,-189,-202,-204,-215,-217,-226,-229,-238,-241,-251,-253,-265,-268,-277,-280,-288,-290,-298,-301,-305,-309,-309,-312,-313,-316,-319,-320,-326,-328,-332,-334,-339,-341,-348,-350,-358,-361,-368,-372,-377,-380,-383,-385,-388,-391,-395,-397,-401,-404,-405,-408,-405,-408,-404,-408,-408,-410,-412,-415,-419,-422,-426,-428,-423,-428,-423,-426,-422,-425,-421,-425,-421,-424,-423,-427,-420,-424,-420,-424,-419,-422,-415,-418,-407,-410,-400,-404,-394,-397,-387,-391,-380,-383,-370,-373,-360,-363,-345,-347,-330,-333,-320,-322,-301,-304,-279,-282,-256,-257,-232,-234,-208,-210,-186,-187,-166,-166,-145,-145,-123,-125,-98,-98,-72,-74,-47,-47,-18,-19,12,13,43,44,72,73,102,103,131,131,157,159,184,185,209,211,235,237,260,262,282,284,305,307,329,331,351,353,368,370,389,392,412,415,430,433,448,451,466,470,483,486,496,501,510,513,516,522,523,527,529,533,531,536,535,539,536,539,535,539,534,538,531,534,524,529,518,523,508,513,498,503,490,494,480,485,468,471,455,459,448,451,444,447,436,439,426,428,417,420,406,410,399,402,393,396,384,387,373,375,361,364,351,354,344,347,337,340,329,333,321,324,315,318,314,317,310,312,306,307,306,309,307,310,311,313,315,318,319,322,319,322,312,315,305,308,299,300,298,300,295,297,294,296,287,289,277,279,270,272,265,268,258,258,245,247,232,233,215,217,198,200,182,184,163,164,141,142,120,121,104,105,93,93,81,81,66,67,47,47,25,26,8,7,-11,-11,-29,-29,-43,-44,-60,-60,-83,-85,-108,-108,-129,-129,-151,-151,-176,-176,-196,-197,-217,-218,-234,-236,-248,-250,-261,-264,-278,-280,-291,-293,-308,-312,-326,-329,-339,-342,-351,-354,-364,-367,-371,-375,-377,-380,-385,-388,-393,-397,-403,-407,-413,-417,-431,-434,-447,-451,-455,-460,-467,-472,-478,-482,-483,-488,-492,-495,-503,-507,-521,-525,-545,-550,-570,-574,-596,-601,-618,-624,-628,-633,-640,-645,-650,-655,-654,-660,-666,-671,-680,-686,-695,-702,-708,-714,-715,-720,-719,-725,-723,-729,-721,-728,-719,-726,-721,-728,-721,-726,-724,-729,-731,-736,-737,-743,-736,-741,-730,-737,-714,-719,-690,-695,-666,-671,-645,-650,-622,-628,-600,-603,-579,-582,-557,-561,-529,-532,-494,-497,-456,-461,-417,-421,-377,-380,-337,-340,-297,-299,-256,-259,-218,-220,-176,-177,-136,-136,-94,-95,-50,-49,-5,-6,34,34,70,70,106,107,146,147,183,183,221,224,265,267,303,306,};
uint16_t mi2B[535]={111,111,167,169,226,229,284,286,342,344,397,399,449,452,500,504,547,552,590,595,628,634,665,670,694,699,721,726,743,749,763,770,778,784,788,795,801,807,811,816,822,827,832,838,842,847,851,856,854,860,857,864,861,869,863,870,863,869,863,869,860,866,854,861,848,855,838,845,820,827,800,806,777,783,748,754,714,719,676,682,638,644,601,605,562,567,529,532,496,500,464,469,432,436,400,402,369,372,342,345,320,323,302,305,286,288,275,278,265,267,252,253,236,237,222,222,204,207,184,186,162,163,137,138,106,108,73,73,34,34,-7,-8,-52,-52,-102,-102,-150,-152,-203,-205,-256,-258,-309,-311,-360,-363,-409,-412,-458,-462,-505,-508,-548,-552,-586,-592,-621,-625,-651,-655,-679,-684,-701,-707,-721,-728,-739,-745,-753,-759,-765,-771,-776,-781,-781,-787,-784,-790,-788,-794,-787,-793,-783,-790,-781,-787,-780,-786,-772,-779,-767,-773,-761,-767,-747,-753,-730,-736,-708,-714,-680,-686,-652,-658,-623,-628,-595,-600,-565,-570,-532,-537,-499,-503,-460,-464,-417,-421,-376,-379,-336,-338,-297,-298,-258,-259,-224,-225,-196,-197,-162,-163,-128,-130,-99,-99,-69,-69,-39,-40,-14,-15,9,9,33,34,55,56,79,80,106,107,137,138,170,171,204,205,239,241,276,278,311,314,349,351,389,392,430,434,471,476,515,519,555,559,594,599,630,635,663,669,694,699,723,728,750,755,774,779,792,798,809,815,825,831,833,840,838,845,843,850,847,854,853,860,861,867,869,876,880,887,888,896,897,904,904,911,911,917,916,924,921,928,921,929,919,926,912,920,904,911,890,897,870,878,847,852,819,826,784,791,743,749,701,708,657,662,608,614,556,562,507,512,455,459,404,407,356,359,310,312,265,268,222,225,183,184,144,145,108,108,77,77,46,47,15,14,-14,-13,-40,-41,-69,-69,-98,-100,-132,-133,-166,-167,-207,-208,-252,-255,-296,-298,-336,-340,-381,-386,-430,-434,-481,-486,-533,-537,-586,-591,-636,-642,-686,-691,-735,-741,-781,-787,-828,-835,-874,-881,-909,-916,-942,-950,-973,-980,-999,-1007,-1027,-1035,-1056,-1064,-1083,-1092,-1108,-1116,-1134,-1142,-1158,-1167,-1177,-1187,-1195,-1205,-1213,-1223,-1228,-1237,-1245,-1256,-1264,-1274,-1282,-1292,-1295,-1305,-1299,-1309,-1300,-1312,-1297,-1306,-1284,-1294,-1266,-1276,-1246,-1257,-1223,-1232,-1191,-1200,-1153,-1162,-1112,-1121,-1067,-1077,-1016,-1025,-968,-975,-922,-929,-874,-882,-834,-842,-802,-809,-767,-773,-731,-736,-696,-702,-665,-671,-640,-644,-617,-622,-603,-607,-592,-597,-579,-584,-557,-560,-524,-528,-483,-487,-435,-438,-381,-384,-320,-323,-252,-255,-182,-182,-104,-105,-23,-22,65,65,156,157,254,256,351,354,};
uint16_t fad2B[476]={-64,-64,-64,-44,-45,-24,-23,-5,-5,9,10,26,25,42,43,57,58,76,76,94,94,108,109,120,122,133,134,146,148,159,159,170,171,180,183,193,194,202,203,215,217,229,230,233,234,238,240,246,248,253,256,260,262,269,272,277,279,282,284,289,290,295,298,299,302,304,307,310,314,313,315,315,316,314,318,314,315,311,313,309,312,308,311,307,309,306,308,304,307,303,306,303,305,302,305,300,303,298,299,288,290,276,279,269,271,261,263,250,252,241,243,236,238,223,224,208,209,196,196,181,182,169,171,157,159,144,145,130,131,114,115,99,100,83,83,67,67,50,50,29,30,12,12,-1,-1,-15,-16,-31,-31,-49,-49,-64,-65,-81,-81,-101,-103,-122,-122,-139,-140,-153,-154,-169,-170,-189,-189,-205,-206,-220,-222,-234,-236,-242,-243,-247,-248,-254,-256,-263,-265,-271,-273,-279,-281,-286,-289,-291,-292,-294,-296,-295,-298,-294,-296,-294,-296,-295,-298,-295,-297,-295,-298,-297,-299,-294,-297,-290,-292,-285,-288,-280,-282,-271,-272,-259,-261,-248,-250,-236,-238,-224,-226,-209,-211,-195,-197,-184,-185,-173,-173,-158,-159,-141,-142,-122,-123,-104,-105,-91,-92,-80,-81,-64,-65,-46,-47,-29,-30,-12,-11,3,3,17,17,31,31,45,45,61,61,79,79,93,95,107,107,117,117,125,125,135,136,146,148,157,159,164,166,169,171,178,179,186,186,193,195,199,201,204,206,206,208,209,211,213,215,220,222,227,228,232,233,236,238,240,241,241,242,241,244,246,247,251,252,253,257,257,259,261,263,263,265,265,267,266,269,268,270,268,270,264,265,259,262,254,257,250,251,248,250,247,248,244,247,243,244,240,242,235,237,229,231,222,223,211,212,199,201,185,188,174,174,160,160,141,143,128,128,111,111,91,92,73,75,56,58,37,38,18,17,-4,-4,-29,-31,-56,-57,-88,-89,-121,-122,-152,-155,-184,-185,-215,-217,-246,-248,-281,-282,-316,-318,-350,-353,-382,-385,-408,-411,-438,-440,-467,-471,-495,-498,-519,-524,-547,-550,-572,-576,-592,-596,-613,-618,-630,-635,-641,-647,-650,-655,-656,-662,-658,-664,-655,-660,-653,-658,-650,-654,-638,-644,-628,-633,-616,-621,-601,-606,-586,-590,-570,-575,-548,-552,-526,-531,-505,-510,-480,-484,-453,-455,-425,-429,-401,-403,-374,-376,-342,-346,-312,-315,-282,-284,-249,-251,};
uint16_t do3B[337]={91,91,206,206,348,350,505,509,655,662,769,776,847,853,917,924,979,988,1004,1013,999,1007,970,978,925,932,876,883,827,834,795,801,794,800,799,805,774,780,704,709,612,618,555,560,547,551,553,559,551,554,529,534,493,496,441,444,371,374,287,289,220,221,200,202,214,217,212,214,193,194,163,164,117,119,80,81,63,62,59,59,52,53,21,22,-30,-31,-88,-88,-144,-145,-184,-185,-210,-211,-248,-250,-293,-295,-340,-344,-382,-385,-408,-411,-439,-442,-490,-494,-538,-543,-584,-590,-641,-646,-682,-688,-710,-716,-750,-756,-823,-829,-908,-914,-977,-985,-1010,-1018,-1005,-1013,-965,-973,-887,-894,-791,-797,-718,-723,-671,-677,-630,-635,-586,-590,-528,-532,-467,-471,-402,-406,-313,-316,-205,-206,-108,-109,-52,-52,-36,-35,-22,-23,31,30,133,134,259,261,390,393,515,519,618,623,719,724,844,851,972,981,1080,1090,1159,1168,1203,1212,1222,1231,1232,1241,1249,1260,1273,1284,1283,1294,1263,1273,1210,1220,1159,1169,1154,1164,1183,1193,1207,1216,1229,1240,1266,1276,1306,1315,1318,1329,1281,1291,1230,1240,1189,1198,1132,1141,1056,1064,965,973,876,883,798,805,733,739,652,657,548,552,435,438,321,323,214,216,131,131,63,64,-20,-20,-130,-132,-254,-256,-371,-374,-478,-482,-571,-576,-653,-660,-735,-741,-828,-835,-936,-944,-1053,-1061,-1168,-1177,-1279,-1289,-1404,-1415,-1514,-1526,-1572,-1584,-1574,-1585,-1559,-1570,-1578,-1591,-1639,-1653,-1721,-1734,-1792,-1807,-1832,-1846,-1828,-1842,-1789,-1802,-1701,-1715,-1578,-1590,-1466,-1478,-1399,-1409,-1369,-1379,-1346,-1357,-1315,-1326,-1263,-1274,-1191,-1199,-1105,-1113,-1006,-1014,-897,-903,-781,-789,-694,-699,-653,-659,-631,-635,-597,-602,-531,-535,-407,-410,-221,-222,};
uint16_t mi3B[267]={55,55,63,64,69,70,70,70,69,70,75,76,79,80,80,80,84,84,91,91,99,100,109,110,121,121,135,137,154,155,173,174,190,192,211,213,239,240,265,267,289,292,317,319,344,346,363,367,380,383,395,397,406,409,421,425,437,442,449,453,458,463,468,471,474,477,476,478,472,476,470,474,467,471,459,463,454,458,451,455,447,451,440,442,428,432,412,415,393,396,372,375,351,354,330,332,310,312,283,285,252,255,227,229,199,201,166,167,137,138,109,110,82,83,55,55,25,25,-4,-4,-32,-32,-62,-61,-92,-92,-120,-121,-140,-141,-158,-160,-181,-182,-202,-203,-220,-221,-238,-240,-253,-255,-267,-269,-282,-285,-301,-304,-322,-325,-342,-345,-355,-358,-361,-364,-377,-381,-400,-403,-423,-426,-450,-454,-474,-477,-482,-486,-483,-486,-493,-497,-509,-513,-517,-520,-518,-521,-519,-523,-512,-517,-492,-497,-473,-476,-456,-461,-449,-452,-439,-444,-418,-422,-395,-398,-384,-388,-374,-377,-358,-361,-351,-353,-341,-344,-323,-326,-309,-311,-301,-303,-296,-297,-294,-297,-289,-292,-277,-280,-256,-259,-230,-233,-205,-207,-178,-179,-150,-151,-123,-125,-95,-95,-63,-64,-29,-29,10,11,56,56,97,98,129,130,161,161,193,195,224,226,246,248,257,260,257,258,248,249,236,238,219,221,198,199,182,183,};
uint16_t fad3B[238]={22,22,22,45,45,66,66,84,86,101,102,119,120,135,135,146,146,153,155,161,163,169,171,170,171,175,176,178,180,179,180,178,179,182,184,184,186,182,182,178,180,175,176,171,173,161,161,152,154,145,147,132,134,120,120,105,107,88,89,74,75,60,61,47,47,36,37,26,28,19,18,8,7,1,1,-2,-1,0,0,1,1,6,6,14,13,23,22,31,30,37,38,48,48,52,53,55,56,66,66,77,78,84,86,95,97,108,108,116,118,127,128,137,139,149,150,153,155,166,167,177,179,184,185,188,189,188,189,183,184,179,180,174,176,170,172,165,166,160,162,154,156,142,144,130,131,115,116,97,98,82,82,65,66,48,48,28,29,5,5,-18,-18,-41,-41,-63,-64,-85,-86,-109,-110,-134,-135,-158,-160,-186,-188,-214,-215,-241,-242,-267,-269,-294,-296,-316,-317,-333,-336,-352,-354,-361,-365,-367,-370,-371,-374,-370,-372,-368,-370,-365,-368,-358,-362,-353,-355,-346,-349,-338,-341,-331,-333,-317,-318,-296,-298,-280,-282,-262,-264,-238,-239,-214,-215,-189,-191,-160,-162,-130,-131,-98,-99,-65,-66,-34,-35,-6,-5,26,27,};
uint16_t do4B[168]={78,78,79,106,108,132,134,153,154,170,171,186,188,200,201,215,217,226,229,237,238,248,249,255,259,263,265,271,273,273,276,272,274,274,276,274,277,271,274,268,270,269,271,273,274,276,280,281,284,286,287,284,287,283,286,282,285,281,282,275,279,272,274,269,271,262,264,256,258,245,247,231,233,216,219,199,199,178,180,161,163,145,145,127,127,105,105,75,76,40,40,3,1,-35,-35,-74,-75,-112,-113,-146,-148,-184,-185,-225,-226,-265,-267,-305,-307,-344,-346,-377,-381,-408,-412,-435,-439,-459,-464,-481,-484,-498,-502,-513,-517,-524,-529,-531,-534,-530,-534,-522,-527,-508,-512,-492,-496,-473,-476,-449,-453,-421,-425,-393,-396,-358,-361,-320,-322,-280,-282,-240,-241,-196,-198,-151,-152,-103,-104,-54,-54,-7,-7,41,40,83,83,122,123,};
uint16_t lad1B[754]={-73,-73,-74,-42,-42,-14,-14,6,5,20,21,37,37,48,48,54,53,58,59,59,59,51,52,40,40,29,29,21,22,20,21,15,15,11,11,7,8,3,4,-2,-1,-4,-4,-10,-10,-20,-21,-31,-31,-41,-40,-49,-49,-58,-59,-63,-64,-68,-69,-72,-74,-84,-85,-98,-100,-110,-111,-119,-118,-129,-130,-140,-141,-147,-148,-150,-151,-146,-147,-140,-141,-133,-134,-119,-120,-100,-101,-80,-80,-56,-56,-31,-31,-5,-4,29,29,71,71,112,114,161,162,212,214,255,257,290,292,319,322,348,350,376,379,398,401,407,410,411,414,427,429,449,452,465,468,475,479,476,481,467,470,455,458,445,448,431,435,416,418,400,404,378,381,348,350,321,323,298,300,276,277,250,252,222,223,193,195,169,171,146,148,123,123,97,97,73,72,54,53,36,37,20,20,4,5,-5,-5,-16,-17,-35,-35,-48,-48,-50,-51,-46,-47,-42,-43,-36,-36,-29,-29,-24,-25,-18,-17,-6,-7,9,9,27,27,49,49,71,72,92,93,112,113,129,130,151,152,171,173,187,189,199,201,206,207,210,212,209,210,206,207,196,197,186,188,177,178,167,168,154,155,137,137,112,113,86,86,58,59,31,32,7,7,-15,-16,-35,-36,-53,-54,-69,-69,-86,-86,-105,-105,-121,-122,-136,-138,-148,-150,-157,-157,-162,-163,-162,-164,-159,-160,-150,-151,-142,-143,-128,-129,-113,-114,-102,-102,-93,-93,-80,-82,-62,-63,-37,-37,-11,-11,23,22,59,60,97,98,141,142,183,184,223,224,256,258,285,287,306,308,318,321,330,332,337,340,344,346,347,351,351,354,355,357,356,359,357,359,359,362,367,370,376,379,384,387,397,400,409,412,414,417,420,423,421,425,414,418,404,407,389,391,372,376,352,355,333,335,311,315,291,294,270,273,252,254,234,237,222,224,207,208,187,188,172,173,159,160,150,152,146,147,144,145,146,147,146,148,149,151,157,158,168,169,181,183,194,195,206,207,218,220,232,233,244,246,260,262,277,278,289,292,300,302,307,311,316,318,318,320,317,320,314,317,306,308,295,297,282,285,269,272,256,259,243,245,227,228,204,206,182,183,159,160,131,133,106,106,80,81,53,54,28,28,3,2,-21,-20,-44,-45,-66,-67,-91,-91,-123,-124,-151,-153,-176,-177,-198,-201,-221,-223,-241,-243,-265,-267,-287,-290,-304,-306,-321,-322,-337,-339,-353,-355,-365,-368,-375,-378,-383,-385,-383,-387,-379,-381,-372,-375,-366,-368,-357,-360,-345,-348,-333,-335,-322,-324,-316,-318,-317,-320,-316,-318,-314,-317,-316,-318,-309,-310,-301,-304,-297,-299,-293,-294,-293,-295,-293,-296,-291,-295,-293,-295,-295,-297,-292,-295,-288,-289,-280,-282,-270,-272,-260,-263,-258,-260,-255,-256,-252,-254,-248,-250,-244,-247,-240,-242,-239,-241,-241,-243,-250,-252,-258,-260,-260,-262,-261,-262,-262,-266,-261,-262,-258,-260,-260,-261,-258,-260,-252,-254,-246,-247,-237,-239,-225,-226,-212,-214,-203,-205,-198,-200,-193,-196,-191,-191,-183,-184,-172,-173,-159,-161,-142,-143,-124,-124,-107,-108,-96,-97,-92,-93,-92,-93,-92,-94,-96,-98,-99,-100,-96,-97,-90,-91,-88,-89,-85,-85,-80,-81,-72,-74,-67,-68,-64,-64,-60,-60,-58,-59,-57,-57,-57,-57,-57,-57,-57,-57,-54,-55,-51,-51,-53,-55,-59,-60,-61,-61,-59,-59,-55,-56,-55,-55,-54,-55,-55,-55,-54,-54,-52,-53,-53,-53,-52,-54,-55,-56,-62,-63,-64,-65,-65,-66,-67,-68,-67,-67,-68,-70,-77,-77,-88,-88,-98,-99,-107,-107,-112,-113,-115,-117,-122,-122,-130,-132,-141,-142,-146,-148,-153,-153,-160,-162,-169,-170,-177,-179,-188,-189,-199,-200,-206,-207,-207,-208,-202,-203,-193,-194,-181,-183,-166,-167,-144,-145,-119,-120,-92,-93,-59,-60,-24,-24,};
uint16_t si1B[714]={45,45,46,63,63,82,84,100,101,115,115,130,130,139,141,145,145,157,159,167,169,177,179,185,186,193,194,204,206,216,217,222,223,226,227,229,230,227,229,225,226,224,226,226,227,225,227,224,225,222,223,218,219,215,217,212,213,208,209,204,206,199,201,199,200,198,199,195,197,195,196,187,188,181,182,181,182,176,177,170,171,166,168,166,167,161,162,158,159,150,151,139,138,131,132,127,129,128,130,133,134,136,136,132,133,127,127,121,122,115,116,110,112,110,110,108,110,106,106,107,108,110,110,111,112,117,118,118,119,111,113,110,111,109,110,109,111,116,117,122,123,130,131,131,132,136,137,141,142,144,146,147,147,144,145,143,145,144,146,145,147,146,148,150,152,148,149,144,146,141,142,131,132,123,124,114,115,102,103,94,94,85,86,78,78,66,67,54,55,42,42,25,25,7,7,-8,-8,-26,-25,-44,-45,-54,-56,-61,-63,-66,-66,-75,-76,-88,-88,-105,-106,-117,-118,-132,-133,-149,-151,-164,-166,-173,-175,-183,-185,-193,-196,-207,-208,-223,-224,-238,-239,-256,-258,-271,-274,-282,-283,-290,-293,-297,-300,-311,-313,-327,-330,-345,-349,-368,-372,-389,-392,-406,-409,-418,-421,-429,-432,-437,-441,-447,-451,-466,-470,-480,-484,-492,-496,-504,-509,-512,-518,-527,-531,-534,-538,-536,-540,-538,-543,-536,-541,-540,-544,-543,-547,-544,-548,-542,-547,-536,-539,-526,-532,-521,-526,-515,-519,-508,-512,-501,-505,-493,-497,-483,-487,-472,-474,-458,-461,-448,-451,-437,-440,-426,-428,-414,-418,-403,-405,-387,-391,-367,-370,-351,-355,-346,-349,-335,-337,-317,-319,-298,-301,-275,-277,-248,-251,-226,-228,-203,-205,-183,-185,-163,-164,-142,-143,-119,-120,-92,-93,-65,-64,-35,-35,-3,-3,25,26,53,53,85,86,112,113,136,136,162,164,187,189,219,220,254,256,288,290,320,322,346,348,369,371,388,390,403,406,422,425,443,447,465,468,483,487,501,505,516,520,524,529,530,533,535,539,539,541,534,539,529,533,525,530,520,525,516,521,507,511,494,499,479,483,467,471,458,462,443,447,426,430,417,420,404,408,388,392,371,374,355,357,342,346,333,335,327,329,319,322,310,313,301,304,294,296,289,291,281,284,272,275,268,271,267,269,266,267,269,270,273,275,272,274,273,275,276,278,277,278,276,277,273,275,276,278,284,286,288,291,294,296,300,302,297,299,296,298,296,298,296,299,296,299,294,296,288,291,280,283,273,275,270,272,262,264,253,255,244,247,234,235,221,223,205,207,187,187,172,173,156,158,142,142,133,135,121,123,107,107,96,97,84,85,71,72,56,57,39,39,22,22,-3,-2,-16,-16,-24,-24,-34,-34,-41,-41,-47,-47,-54,-55,-59,-60,-65,-65,-81,-81,-94,-95,-108,-108,-121,-121,-133,-135,-148,-149,-165,-166,-184,-186,-203,-204,-223,-226,-247,-248,-269,-272,-294,-296,-319,-322,-344,-346,-366,-370,-393,-396,-419,-423,-446,-449,-470,-474,-489,-493,-507,-512,-527,-532,-548,-552,-559,-564,-565,-569,-570,-574,-575,-580,-583,-587,-589,-594,-592,-596,-590,-595,-592,-596,-596,-601,-599,-604,-590,-594,-574,-578,-559,-563,-541,-545,-524,-529,-508,-512,-492,-497,-473,-477,-454,-458,-432,-435,-410,-414,-389,-391,-362,-366,-339,-342,-311,-313,-281,-283,-255,-256,-230,-231,-209,-211,-198,-199,-190,-192,-177,-177,-158,-160,-135,-136,-109,-110,-90,-90,-78,-79,-70,-71,-56,-56,-45,-45,-32,-33,-13,-13,10,10,32,32,52,51,64,65,72,73,};
uint16_t re2B[600]={398,398,401,406,408,407,411,411,415,422,426,438,441,453,456,468,472,485,488,503,505,522,526,546,552,576,581,604,608,627,631,644,649,656,660,664,669,674,680,689,694,706,711,725,730,742,748,751,757,755,761,763,769,772,778,783,791,800,807,820,826,845,852,877,884,917,925,963,971,1009,1017,1045,1052,1070,1079,1087,1096,1089,1097,1072,1080,1042,1049,998,1007,948,955,887,895,817,824,739,745,651,657,560,565,474,477,403,407,350,353,300,302,251,253,204,206,168,169,140,142,118,119,101,102,81,81,48,49,16,15,-18,-18,-50,-51,-83,-83,-124,-124,-175,-177,-235,-236,-290,-293,-344,-347,-394,-398,-446,-450,-501,-506,-555,-561,-605,-609,-642,-648,-666,-671,-685,-690,-697,-703,-709,-714,-726,-733,-743,-749,-750,-756,-761,-766,-777,-783,-790,-795,-808,-815,-836,-841,-871,-878,-916,-923,-964,-972,-1009,-1016,-1051,-1059,-1086,-1095,-1112,-1120,-1127,-1135,-1138,-1146,-1150,-1159,-1146,-1155,-1137,-1148,-1121,-1129,-1105,-1113,-1095,-1103,-1081,-1089,-1059,-1067,-1038,-1047,-1028,-1037,-1022,-1030,-1021,-1030,-1041,-1049,-1056,-1063,-1041,-1048,-1003,-1012,-939,-947,-845,-851,-742,-748,-652,-657,-557,-561,-468,-471,-401,-404,-360,-362,-331,-334,-316,-318,-304,-305,-273,-275,-227,-228,-177,-179,-117,-117,-43,-42,25,26,78,79,116,117,148,149,167,168,186,187,204,206,227,228,256,258,290,292,319,322,338,341,349,352,347,350,327,329,293,296,254,256,208,210,170,172,141,142,119,121,106,107,98,99,95,97,102,102,117,118,138,139,171,173,219,222,277,279,334,337,393,395,451,454,511,514,576,581,641,647,699,704,750,755,793,799,824,830,849,856,874,882,905,911,936,943,968,976,1003,1011,1043,1052,1090,1098,1139,1149,1183,1192,1216,1224,1234,1243,1239,1247,1228,1238,1200,1209,1153,1162,1088,1097,1011,1020,933,939,859,865,793,800,737,742,683,688,628,634,575,579,522,526,471,474,416,419,358,361,301,304,244,247,195,196,148,148,98,99,41,41,-24,-24,-108,-108,-202,-204,-299,-301,-396,-399,-489,-493,-571,-576,-643,-648,-698,-703,-732,-737,-750,-757,-760,-765,-762,-767,-757,-763,-746,-751,-727,-734,-703,-709,-676,-681,-645,-650,-618,-625,-593,-598,-570,-575,-552,-557,-548,-552,-564,-568,-592,-596,-624,-629,-660,-665,-697,-703,-738,-745,-786,-792,-837,-844,-879,-886,-908,-914,-920,-928,-919,-926,-905,-912,-890,-897,-867,-874,-849,-857,-846,-854,-844,-849,-851,-857,-864,-870,-881,-888,-906,-913,-935,-943,-943,-951,-911,-918,-833,-840,-719,-724,-598,-603,-491,-495,-393,-397,-300,-303,-216,-219,-141,-142,-88,-90,-63,-63,-49,-49,-38,-38,-25,-26,-14,-14,-10,-10,-12,-12,-13,-14,-17,-18,-28,-28,-40,-40,-40,-40,-20,-19,22,21,74,76,141,141,215,217,292,294,355,358,400,403,431,436,459,462,480,485,500,503,512,516,523,526,539,544,559,562,572,577,577,582,569,574,558,562,553,558,561,565,579,583,606,611,644,648,689,695,741,748,};
uint16_t fa2B[505]={1,1,0,0,0,0,1,1,0,0,0,0,0,0,1,0,1,1,0,0,0,0,-1,1,0,0,-1,1,0,0,0,0,0,0,-1,0,1,0,0,0,-1,0,-1,0,0,0,0,-1,0,0,0,0,-1,0,0,0,-1,0,0,0,0,1,1,0,0,0,1,0,0,0,0,0,0,0,-1,0,1,0,0,0,0,0,0,0,0,0,0,1,0,1,0,-1,0,0,-1,0,0,-1,-1,1,0,1,0,0,0,0,0,0,-1,1,0,0,0,0,0,0,0,0,1,0,0,0,0,1,0,0,-1,0,0,0,0,0,1,0,-1,0,1,0,0,0,0,0,0,-1,0,0,0,1,-1,0,0,1,0,1,-1,0,-1,0,-1,-1,0,-1,0,0,1,0,0,0,1,0,0,0,0,0,0,0,0,-1,-1,0,0,0,0,0,0,0,1,0,0,1,0,-1,0,0,0,0,1,0,-1,0,0,1,0,-1,0,0,0,0,0,0,0,1,-1,0,-1,0,0,0,-1,0,0,1,0,0,-1,-1,0,0,0,-1,0,0,1,0,1,0,0,0,0,0,0,0,0,0,0,0,0,-1,0,1,0,0,0,0,0,0,0,1,0,1,0,1,0,0,0,0,0,0,0,0,0,0,0,0,-1,-1,0,0,-1,0,0,0,0,0,1,1,0,0,1,0,-1,-1,-1,1,0,0,1,-1,0,0,0,-1,0,0,0,0,-1,1,1,0,0,0,0,0,0,0,1,1,0,-1,0,0,0,0,0,0,0,0,1,0,0,0,0,0,0,0,0,1,0,0,0,0,0,0,0,0,0,0,0,0,-1,-1,0,1,0,0,0,0,0,0,0,-1,0,0,0,0,1,0,0,0,0,0,-1,-1,0,-1,0,0,0,0,0,0,0,-1,0,0,1,1,0,0,0,0,0,1,1,-1,0,0,0,0,-1,0,1,0,0,0,-1,-1,-1,0,-1,0,0,-1,0,0,1,0,0,-1,0,0,0,0,0,0,0,0,0,0,0,0,0,0,1,0,0,1,-1,0,1,0,0,0,0,1,0,0,1,0,0,0,-1,1,0,1,0,0,0,0,0,0,0,0,1,0,1,0,0,0,0,0,0,0,0,0,0,0,0,0,0,1,1,0,0,1,0,0,-1,0,1,0,1,1,0,0,0,0,0,0,1,0,0,0,0,0,};
uint16_t la2B[400]={5,5,5,24,24,36,36,48,50,63,63,78,79,95,96,106,108,117,118,127,128,135,135,142,144,149,150,150,152,153,155,155,157,154,154,152,153,155,156,158,159,166,167,174,175,179,181,186,188,194,196,205,206,216,217,230,232,242,245,246,247,256,259,268,270,276,278,295,297,300,302,304,306,319,321,319,322,318,320,321,325,320,322,321,324,325,326,322,324,329,331,332,334,321,325,318,320,310,313,299,301,293,296,286,288,275,277,263,265,254,257,241,244,229,231,221,224,212,214,207,208,195,196,174,176,155,156,132,133,107,109,90,90,76,77,58,59,40,41,19,21,-6,-6,-29,-29,-54,-55,-86,-86,-114,-115,-141,-141,-166,-166,-191,-192,-216,-218,-237,-240,-264,-266,-286,-288,-304,-307,-321,-325,-333,-336,-343,-346,-346,-349,-342,-346,-341,-344,-338,-341,-334,-337,-331,-333,-318,-321,-296,-298,-274,-276,-249,-251,-222,-225,-196,-198,-170,-173,-148,-150,-127,-128,-109,-110,-91,-92,-70,-70,-48,-48,-31,-31,-17,-17,-5,-5,4,4,12,11,16,17,24,23,27,27,23,23,21,21,25,24,27,26,29,29,34,35,42,43,54,54,62,63,69,70,73,75,75,75,81,81,86,86,86,88,94,96,104,106,108,108,110,112,113,115,119,120,119,121,112,112,103,104,87,89,74,75,56,56,34,35,19,18,2,2,-13,-13,-29,-29,-46,-46,-66,-66,-85,-85,-102,-104,-127,-128,-151,-153,-170,-170,-189,-191,-210,-211,-225,-226,-244,-246,-262,-264,-275,-278,-290,-293,-305,-307,-320,-322,-341,-343,-355,-359,-359,-361,-359,-362,-363,-365,-364,-367,-360,-362,-362,-364,-365,-368,-367,-370,-363,-365,-360,-362,-361,-363,-358,-361,-355,-359,-358,-361,-362,-365,-361,-363,-354,-355,-340,-343,-332,-334,-331,-334,-328,-330,-319,-321,-309,-311,-290,-292,-271,-274,-258,-259,-237,-238,-209,-211,-178,-180,-139,-140,-102,-102,-66,-66,-35,-35,-8,-8,21,21,46,46,68,70,};
uint16_t si2B[357]={-53,-53,-58,-58,-61,-61,-68,-69,-77,-78,-79,-79,-75,-74,-55,-56,-41,-42,-33,-33,-24,-24,-18,-19,-14,-16,-13,-13,-15,-15,-16,-16,-21,-22,-34,-34,-45,-45,-54,-55,-74,-74,-94,-96,-118,-119,-141,-142,-166,-166,-187,-188,-206,-207,-220,-223,-225,-226,-227,-228,-230,-232,-230,-231,-226,-227,-221,-223,-214,-217,-207,-208,-199,-201,-195,-198,-191,-194,-191,-193,-190,-191,-186,-185,-179,-181,-180,-181,-179,-180,-175,-177,-174,-175,-168,-169,-161,-162,-158,-160,-148,-150,-142,-142,-137,-137,-123,-124,-112,-113,-95,-96,-71,-71,-49,-49,-31,-32,-16,-16,-11,-11,-7,-8,1,2,17,17,32,33,56,56,80,82,93,94,106,106,119,120,134,134,156,157,179,179,202,204,223,225,233,236,240,243,248,249,252,256,257,261,271,273,284,287,290,292,295,298,310,311,325,328,349,353,379,383,418,422,457,460,490,494,519,524,547,551,583,587,625,629,658,664,684,691,704,709,713,718,718,723,719,725,711,716,697,703,679,685,650,654,615,619,580,584,540,544,495,498,443,447,394,399,348,352,293,295,244,246,207,209,172,174,143,143,114,114,85,86,56,55,26,26,-9,-8,-41,-43,-67,-67,-87,-89,-115,-115,-141,-143,-163,-164,-184,-185,-219,-221,-254,-256,-278,-279,-296,-298,-308,-311,-326,-328,-345,-348,-361,-364,-384,-387,-421,-423,-449,-451,-447,-452,-444,-447,-454,-458,-461,-465,-472,-476,-475,-480,-485,-488,-499,-503,-493,-497,-478,-481,-472,-476,-469,-473,-465,-469,-462,-466,-447,-451,-432,-436,-419,-423,-406,-410,-396,-400,-399,-402,-394,-396,-371,-374,-357,-360,-359,-362,-365,-368,-363,-366,-353,-356,-347,-350,-336,-339,-312,-315,-302,-304,-290,-292,-271,-274,-254,-256,-223,-225,-182,-183,-137,-138,-97,-98,-59,-59,};
uint16_t fa3B[252]={-97,-97,-99,-66,-67,-36,-37,-6,-6,27,26,54,53,80,80,104,104,125,125,147,148,170,172,190,192,203,205,218,219,232,234,241,243,247,249,246,248,244,246,242,244,243,244,237,240,231,233,226,227,218,219,209,210,195,196,177,178,160,162,145,146,130,132,114,114,98,99,83,84,75,76,75,75,71,71,69,69,70,71,69,69,63,63,58,58,57,56,64,64,72,73,82,82,93,94,108,109,122,123,136,136,152,152,166,167,180,182,197,199,215,216,234,236,255,257,270,274,282,285,292,295,302,305,310,311,313,316,321,324,324,326,324,326,325,328,327,330,324,327,320,322,316,318,310,313,306,308,301,302,292,294,279,282,265,268,252,254,236,237,220,222,205,207,188,188,167,169,147,148,125,125,100,101,70,71,37,37,-1,0,-44,-44,-81,-82,-114,-115,-151,-151,-193,-195,-236,-237,-271,-273,-301,-302,-321,-324,-344,-347,-370,-372,-395,-399,-427,-430,-462,-465,-495,-498,-524,-529,-549,-552,-575,-580,-602,-607,-620,-623,-631,-635,-642,-647,-652,-657,-651,-656,-653,-657,-655,-660,-647,-650,-629,-633,-602,-606,-561,-565,-513,-518,-461,-465,-405,-408,-350,-352,-297,-299,-244,-246,-188,-189,};
uint16_t la3B[200]={-104,-104,-104,-63,-64,-30,-29,-6,-6,12,11,24,24,34,34,47,47,64,65,90,91,123,125,168,169,220,222,270,273,312,315,343,346,368,370,380,383,383,386,376,379,355,358,328,331,297,300,265,267,241,242,224,226,219,220,221,223,235,236,254,256,277,278,300,303,325,328,348,350,355,358,350,353,324,326,280,282,226,227,166,167,105,106,54,55,14,13,-13,-13,-22,-22,-15,-16,1,1,28,28,62,62,94,96,121,124,138,140,143,145,136,138,117,119,88,88,49,49,8,8,-21,-22,-38,-38,-37,-37,-19,-19,-2,-2,16,16,31,31,40,40,46,45,35,35,13,13,-18,-19,-58,-58,-100,-100,-145,-145,-187,-190,-233,-235,-285,-287,-332,-333,-352,-356,-363,-367,-371,-375,-366,-368,-355,-358,-338,-341,-307,-310,-282,-284,-282,-285,-306,-307,-339,-341,-374,-377,-409,-412,-443,-446,-476,-479,-500,-504,-511,-516,-498,-502,-456,-460,-394,-397,-314,-317,-226,-228,-132,-133,};
uint16_t si3B[178]={10,10,11,24,25,36,35,50,49,65,66,79,80,95,95,114,114,133,135,154,155,169,171,179,181,192,194,204,206,218,218,229,231,241,243,245,247,246,248,248,249,246,248,242,243,236,239,230,232,221,223,211,213,200,202,188,189,176,178,167,170,160,161,156,157,156,157,160,161,165,166,163,164,160,161,153,154,146,148,148,149,146,147,138,138,129,130,116,117,102,104,90,91,79,79,63,64,47,46,29,29,10,11,-9,-10,-27,-28,-47,-47,-65,-66,-86,-87,-105,-105,-121,-122,-141,-142,-160,-161,-178,-180,-196,-197,-212,-214,-227,-229,-244,-245,-263,-266,-282,-286,-300,-302,-317,-318,-324,-326,-326,-329,-328,-330,-323,-326,-315,-318,-306,-308,-296,-298,-279,-281,-260,-262,-234,-236,-208,-210,-176,-177,-146,-146,-122,-122,-97,-98,-74,-75,-59,-58,-44,-44,-25,-25,-4,-3,};
uint16_t re4B[150]={63,63,63,106,106,145,146,180,182,213,215,243,245,270,272,299,301,329,332,361,364,393,396,420,425,441,443,451,455,456,459,460,463,459,462,450,453,438,441,424,427,406,410,382,385,358,360,333,336,309,311,286,289,261,264,236,238,211,213,190,191,170,172,152,153,139,140,121,122,100,101,83,84,65,66,49,49,32,32,12,13,-8,-7,-35,-36,-68,-69,-100,-100,-129,-130,-157,-158,-181,-183,-208,-211,-238,-241,-272,-274,-310,-312,-346,-347,-378,-379,-399,-403,-415,-419,-427,-430,-439,-443,-453,-457,-466,-470,-478,-481,-477,-482,-467,-471,-448,-452,-426,-431,-408,-411,-386,-389,-357,-361,-320,-323,-275,-278,-232,-233,-188,-189,-140,-140,-91,-91,-44,-44,-5,-5,};
uint16_t fa4B[126]={36,36,35,65,66,98,99,134,136,168,169,184,186,210,211,233,234,246,249,257,258,264,266,266,269,263,265,264,266,260,262,247,250,237,238,230,232,217,219,194,196,175,175,156,157,138,140,120,121,97,97,75,75,49,49,22,23,-8,-8,-42,-42,-73,-74,-96,-96,-113,-114,-139,-141,-162,-164,-184,-184,-211,-213,-237,-239,-250,-252,-262,-264,-279,-281,-284,-286,-290,-293,-299,-302,-302,-304,-307,-310,-308,-310,-312,-314,-318,-320,-314,-317,-301,-303,-275,-278,-253,-255,-235,-237,-214,-216,-202,-204,-180,-181,-140,-141,-90,-91,-47,-48,-12,-12,22,22,53,54,};
uint16_t dod2B[636]={129,129,130,148,149,178,180,209,211,226,228,235,237,233,234,215,217,190,192,166,166,147,148,126,126,101,103,75,76,49,49,38,37,37,37,38,38,38,39,40,40,33,32,25,25,18,17,9,9,13,13,33,34,62,63,97,98,136,137,175,176,208,210,237,238,251,253,259,260,275,276,296,299,324,327,360,363,398,402,445,448,490,494,521,525,550,554,578,582,597,601,619,624,636,642,635,641,632,637,623,627,603,608,584,588,557,562,519,524,468,472,404,406,324,326,237,238,155,155,74,75,6,6,-58,-59,-131,-131,-201,-204,-276,-278,-352,-356,-416,-420,-469,-474,-524,-528,-577,-581,-620,-625,-663,-668,-693,-697,-709,-715,-722,-726,-721,-726,-701,-707,-676,-682,-648,-654,-614,-620,-576,-580,-529,-533,-485,-488,-441,-446,-398,-401,-359,-362,-329,-332,-293,-295,-263,-267,-243,-246,-228,-230,-210,-212,-192,-193,-170,-170,-154,-156,-138,-139,-116,-117,-95,-96,-71,-72,-40,-41,-15,-16,9,8,29,30,30,30,25,24,15,15,-11,-11,-41,-41,-71,-73,-112,-114,-160,-161,-208,-210,-261,-263,-321,-325,-382,-385,-432,-436,-484,-488,-533,-537,-579,-582,-621,-625,-668,-673,-712,-718,-753,-758,-788,-795,-815,-822,-835,-842,-848,-854,-857,-864,-854,-860,-836,-843,-812,-819,-778,-784,-733,-738,-679,-685,-623,-627,-559,-563,-490,-495,-423,-426,-358,-361,-285,-287,-215,-218,-154,-155,-88,-89,-21,-20,39,41,100,101,145,147,183,184,225,227,265,267,304,306,336,339,368,372,393,396,414,417,433,436,453,455,476,479,498,502,521,525,536,541,540,545,529,534,525,528,520,524,503,506,481,484,452,455,431,434,418,422,403,405,390,392,374,377,353,356,344,347,341,343,334,336,337,340,345,347,354,357,367,371,375,379,393,397,415,417,433,437,463,468,501,505,543,547,595,601,649,654,701,707,761,767,821,827,886,894,946,953,1002,1009,1055,1063,1104,1114,1147,1157,1181,1191,1211,1221,1250,1260,1287,1298,1316,1327,1343,1354,1364,1375,1375,1386,1372,1382,1359,1371,1341,1352,1299,1309,1236,1245,1171,1180,1088,1096,992,1000,905,912,814,821,713,720,608,613,498,502,389,392,282,284,176,177,79,80,-5,-6,-79,-79,-145,-145,-202,-203,-248,-250,-292,-295,-337,-340,-377,-381,-410,-413,-434,-438,-448,-452,-450,-454,-448,-453,-440,-443,-419,-422,-391,-395,-366,-369,-345,-347,-324,-326,-303,-305,-286,-288,-267,-270,-245,-248,-226,-228,-204,-206,-180,-181,-163,-164,-141,-142,-122,-123,-104,-104,-83,-84,-57,-57,-36,-37,-17,-17,3,4,17,18,25,25,35,35,33,33,20,20,3,3,-24,-25,-59,-59,-102,-104,-156,-158,-208,-210,-264,-265,-323,-325,-380,-383,-438,-442,-504,-508,-572,-577,-645,-650,-721,-727,-793,-800,-862,-869,-935,-942,-1005,-1014,-1072,-1081,-1137,-1146,-1195,-1205,-1239,-1249,-1272,-1283,-1287,-1297,-1280,-1290,-1264,-1274,-1233,-1244,-1194,-1204,-1152,-1161,-1101,-1110,-1045,-1054,-987,-996,-925,-933,-857,-864,-793,-800,-727,-732,-661,-666,-605,-610,-540,-545,-475,-479,-422,-426,-364,-367,-300,-303,-242,-244,-186,-188,-131,-132,-76,-77,-23,-23,32,32,80,80,117,118,156,156,194,196,228,229,};
uint16_t red2B[566]={-1,-1,0,0,0,0,0,0,0,0,0,0,0,0,0,0,0,0,-1,0,0,0,0,0,0,-1,0,0,0,0,0,0,0,0,1,0,0,0,0,0,1,0,0,0,-1,0,0,0,-1,0,0,0,0,0,0,0,1,-1,0,-1,0,1,0,0,0,0,0,0,0,1,0,1,0,0,1,0,0,-1,1,0,0,-1,0,0,0,0,0,0,-1,0,0,0,0,0,-1,0,0,0,0,-1,-1,1,1,0,0,-1,0,-1,0,0,1,1,0,1,0,0,0,0,0,0,0,0,0,0,-1,-1,0,0,-1,0,0,0,0,1,0,0,-1,0,-1,0,0,0,0,0,0,-1,0,-1,0,0,0,1,1,-1,0,-1,-1,0,0,0,0,0,0,0,0,0,1,0,0,-1,0,1,0,0,-1,-1,0,0,-1,-1,0,0,0,-1,0,0,1,-1,0,0,0,0,0,1,-1,-1,0,0,0,0,1,-1,0,1,1,-1,0,1,0,-1,0,0,0,0,-1,-1,0,0,0,-1,0,0,0,0,0,0,0,-1,0,0,1,1,0,-1,0,0,0,0,-1,0,0,0,0,0,0,0,0,0,0,1,-1,0,-1,0,-1,1,0,1,0,-1,0,0,-1,0,0,0,0,0,0,0,1,0,0,0,0,0,0,0,1,0,0,0,0,1,0,1,0,0,0,0,0,-1,0,1,0,0,-1,0,0,-1,-1,0,0,0,0,0,0,0,0,0,0,0,0,0,0,0,0,0,0,0,0,0,1,1,0,1,0,1,0,0,0,0,0,0,1,0,0,0,0,0,1,0,0,1,0,0,0,0,1,0,0,0,0,1,0,0,0,0,-1,0,0,0,0,0,0,0,0,0,0,1,1,0,0,0,0,0,0,0,0,0,1,0,0,0,0,0,0,0,1,0,0,0,0,0,1,0,0,1,0,0,1,0,0,0,1,0,0,0,0,0,0,1,0,0,0,0,-1,0,0,0,0,0,0,0,0,0,0,0,1,0,0,0,1,0,0,0,1,1,0,0,0,0,0,0,-1,1,0,0,-1,0,0,-1,0,-1,0,0,0,0,0,0,-1,0,0,0,-1,0,1,1,0,1,0,-1,1,-1,0,0,-1,0,1,0,0,0,0,-1,0,0,0,0,-1,0,-1,0,0,0,0,0,0,0,0,0,0,-1,0,0,0,0,0,-1,0,0,0,0,0,0,0,0,0,0,0,1,0,0,0,0,0,0,0,0,1,1,0,0,-1,0,0,0,0,0,-1,0,0,0,1,-1,0,0,1,1,0,-1,0,0,0,-1,1,0,0,0,1,0,-1,0,-1,0,0,0,0,};
uint16_t sol2B[449]={-1,-1,24,24,51,51,76,75,98,99,120,121,141,141,157,158,175,176,193,195,214,216,233,235,255,256,277,280,300,303,325,327,351,354,379,382,408,411,436,440,459,462,482,486,505,510,524,529,541,546,555,559,562,567,569,573,573,576,572,577,567,573,564,570,556,561,545,550,534,538,522,525,506,510,491,496,477,482,462,466,441,445,419,422,399,400,377,379,354,356,332,336,312,315,291,293,268,270,242,244,218,219,191,193,163,164,135,136,102,104,68,68,32,33,-6,-5,-44,-45,-87,-88,-130,-131,-171,-171,-214,-216,-259,-261,-305,-308,-349,-353,-390,-394,-430,-433,-468,-472,-501,-505,-530,-534,-559,-562,-584,-589,-608,-614,-632,-638,-657,-662,-680,-686,-702,-708,-721,-728,-740,-746,-759,-765,-776,-782,-791,-798,-807,-813,-819,-827,-832,-839,-843,-849,-853,-860,-861,-869,-868,-874,-874,-880,-876,-883,-874,-881,-871,-879,-868,-876,-857,-864,-842,-849,-823,-830,-802,-809,-778,-784,-751,-756,-719,-725,-684,-689,-647,-652,-607,-612,-566,-570,-522,-526,-477,-480,-430,-434,-380,-383,-331,-334,-288,-289,-242,-244,-195,-196,-148,-149,-110,-110,-73,-74,-35,-37,4,4,45,45,84,85,123,125,161,163,201,202,237,239,275,277,315,319,357,359,396,399,437,439,478,481,519,523,561,566,601,605,640,646,675,680,710,716,739,746,767,772,790,795,805,812,819,825,830,836,832,838,831,836,826,832,822,828,818,824,810,816,802,808,792,800,785,793,779,785,769,776,759,765,745,752,731,738,712,718,693,697,671,676,645,650,614,619,584,589,552,557,520,524,486,489,446,450,406,410,367,369,324,327,277,280,224,224,176,177,133,135,86,86,40,41,-5,-5,-52,-53,-94,-95,-130,-133,-162,-163,-195,-196,-229,-231,-257,-259,-280,-283,-303,-305,-322,-325,-337,-340,-351,-354,-366,-368,-376,-379,-386,-389,-401,-404,-411,-415,-417,-421,-427,-431,-445,-448,-459,-462,-472,-475,-484,-488,-499,-502,-513,-518,-526,-530,-539,-541,-550,-555,-555,-560,-552,-556,-551,-555,-550,-554,-540,-544,-525,-529,-509,-513,-486,-490,-455,-458,-422,-424,-394,-397,-361,-365,-324,-326,-287,-290,-252,-253,-213,-215,-174,-176,-138,-138,-101,-102,-64,-66,};
uint16_t lad2B[378]={-61,-61,-61,-41,-42,-27,-27,-12,-11,8,8,25,24,37,38,50,50,56,55,60,60,73,73,95,96,114,114,130,131,144,145,155,157,167,168,172,174,175,176,178,179,186,186,200,202,211,212,215,218,219,220,222,225,223,224,218,220,215,216,212,215,208,211,203,204,197,199,189,192,184,185,175,177,165,166,157,159,156,157,151,152,137,138,119,119,99,100,82,81,67,69,60,61,60,60,55,55,35,35,12,12,-4,-4,-16,-17,-18,-17,-15,-16,-16,-16,-19,-20,-34,-36,-54,-53,-74,-75,-96,-97,-104,-104,-94,-95,-96,-98,-110,-110,-121,-122,-134,-134,-152,-154,-169,-169,-172,-174,-167,-168,-163,-164,-171,-172,-179,-181,-190,-192,-203,-205,-214,-217,-218,-219,-211,-212,-199,-201,-185,-187,-179,-180,-184,-185,-183,-185,-171,-174,-162,-163,-155,-157,-139,-140,-118,-119,-109,-111,-99,-100,-80,-81,-58,-58,-44,-44,-29,-30,-3,-3,26,25,31,31,44,44,62,62,65,66,79,80,88,89,105,107,130,131,140,142,157,158,164,165,162,164,174,175,188,189,195,195,201,202,207,207,214,216,227,230,233,233,234,236,234,235,233,234,230,232,226,228,226,227,227,229,233,235,233,235,227,230,217,219,207,208,199,199,184,186,168,169,155,156,136,138,117,119,104,105,91,92,68,69,41,41,21,22,10,9,-5,-6,-33,-33,-59,-60,-80,-81,-98,-99,-112,-113,-115,-116,-112,-113,-124,-125,-156,-157,-190,-191,-213,-215,-228,-230,-230,-233,-227,-228,-226,-228,-233,-235,-241,-243,-263,-263,-287,-290,-301,-303,-307,-310,-311,-314,-311,-315,-305,-307,-298,-301,-307,-309,-331,-334,-353,-357,-356,-358,-348,-349,-333,-335,-312,-315,-290,-293,-285,-288,-292,-294,-295,-298,-295,-298,-289,-290,-262,-264,-230,-231,-198,-201,-173,-174,-154,-156,-133,-133,-109,-111,-87,-87,-57,-57,-25,-24,};
uint16_t re3B[300]={74,74,73,109,110,145,147,180,182,204,205,231,233,259,260,288,290,310,313,327,329,338,342,346,349,357,360,359,361,365,368,371,375,379,382,380,383,373,376,376,379,377,381,371,373,358,360,348,351,348,351,343,347,332,335,320,322,312,314,296,298,273,275,253,255,235,237,213,215,186,187,158,159,133,134,112,113,86,85,56,56,25,25,-7,-7,-34,-34,-55,-55,-75,-75,-102,-102,-122,-123,-144,-146,-166,-168,-176,-178,-187,-188,-189,-189,-185,-187,-184,-186,-184,-185,-190,-193,-198,-200,-207,-208,-214,-215,-208,-209,-207,-209,-205,-207,-203,-204,-195,-196,-176,-178,-149,-150,-114,-115,-78,-79,-45,-46,-7,-8,22,22,55,57,91,91,124,125,155,157,178,180,188,190,199,201,212,213,212,215,212,214,212,214,210,211,204,207,203,204,196,198,193,195,192,194,191,194,188,188,188,189,188,189,188,190,204,205,206,208,212,213,216,218,218,219,210,212,206,208,199,201,190,191,177,178,154,155,124,125,82,82,42,41,-13,-14,-71,-72,-127,-128,-182,-183,-235,-236,-281,-283,-328,-330,-380,-385,-430,-433,-478,-482,-526,-530,-572,-577,-617,-621,-658,-662,-693,-698,-726,-732,-751,-758,-773,-779,-791,-798,-802,-808,-804,-811,-804,-812,-807,-812,-803,-810,-796,-803,-789,-795,-783,-790,-757,-763,-723,-729,-692,-696,-652,-658,-604,-608,-549,-554,-488,-493,-423,-426,-362,-365,-304,-306,-241,-243,-170,-171,-94,-95,-7,-8,73,73,148,149,};
uint16_t red3B[283]={0,0,25,25,55,55,86,86,116,116,145,145,172,173,199,201,227,229,249,251,269,270,285,287,293,296,299,301,304,305,308,309,309,312,310,313,307,310,298,300,285,286,272,274,263,266,254,257,246,247,232,234,219,221,210,212,195,198,175,176,153,154,130,131,112,113,96,97,74,75,51,52,28,28,6,6,-12,-12,-31,-31,-54,-55,-82,-82,-106,-108,-132,-133,-155,-157,-177,-178,-195,-196,-213,-215,-227,-230,-235,-237,-235,-238,-229,-231,-216,-218,-200,-201,-183,-184,-163,-165,-144,-145,-124,-125,-106,-108,-89,-91,-68,-69,-44,-43,-18,-19,4,4,22,22,35,35,52,51,66,67,79,79,96,97,114,114,127,128,144,146,168,170,194,194,221,222,245,246,264,266,281,284,294,297,302,306,309,312,317,320,322,325,323,326,320,322,312,315,302,304,286,289,268,271,251,253,232,234,212,214,194,195,176,177,160,161,142,142,115,116,92,92,74,74,53,54,30,29,-3,-3,-42,-42,-78,-79,-107,-110,-134,-134,-154,-156,-181,-182,-212,-215,-247,-250,-288,-290,-330,-332,-368,-370,-400,-403,-436,-439,-473,-476,-506,-510,-530,-535,-544,-548,-549,-553,-549,-553,-545,-548,-535,-539,-518,-523,-494,-497,-462,-466,-433,-436,-408,-411,-385,-389,-357,-359,-327,-329,-295,-297,-268,-270,-246,-248,-221,-223,-195,-195,-167,-168,-139,-141,-113,-114,-87,-88,-55,-56,};
uint16_t sol3B[225]={26,26,38,37,45,45,51,51,53,53,52,52,50,49,47,48,48,49,48,48,50,49,55,56,61,62,69,70,79,81,92,93,105,106,119,119,130,132,142,142,152,153,159,160,163,164,165,166,165,167,164,166,159,160,154,155,150,151,142,144,134,134,127,130,123,124,122,122,125,126,128,129,129,130,129,129,129,129,130,132,129,131,124,126,123,125,125,126,123,125,120,121,116,117,112,112,109,110,105,106,101,102,98,99,95,96,92,92,87,87,83,84,78,78,71,72,62,63,55,56,41,40,20,20,5,4,-12,-12,-26,-26,-36,-37,-49,-48,-59,-59,-74,-75,-91,-91,-105,-106,-121,-121,-135,-136,-148,-150,-161,-162,-173,-173,-176,-177,-174,-175,-173,-174,-174,-176,-185,-186,-190,-192,-192,-194,-195,-196,-197,-198,-196,-199,-200,-201,-206,-207,-219,-220,-233,-235,-246,-247,-258,-261,-270,-272,-279,-282,-289,-290,-291,-293,-289,-290,-284,-286,-278,-281,-275,-277,-269,-271,-255,-256,-234,-236,-197,-200,-154,-156,-116,-116,-75,-76,-41,-41,-11,-11,19,20,45,45,65,66,82,84,};
uint16_t lad3B[189]={28,28,44,45,58,58,75,75,92,93,107,108,120,121,134,135,148,149,162,163,174,175,184,186,195,198,204,206,210,211,217,220,226,228,231,233,236,237,236,238,233,235,229,230,222,224,216,217,206,208,198,199,190,191,182,183,174,175,165,167,155,157,140,140,124,125,113,114,105,106,98,99,91,92,79,79,65,65,51,52,38,38,26,26,13,13,2,3,-6,-6,-17,-17,-28,-28,-37,-37,-42,-43,-49,-49,-55,-54,-59,-58,-58,-59,-63,-64,-69,-70,-74,-75,-81,-82,-89,-89,-95,-96,-98,-98,-101,-101,-105,-107,-113,-113,-117,-118,-121,-123,-128,-128,-135,-135,-143,-145,-150,-151,-156,-158,-163,-165,-169,-170,-177,-179,-188,-188,-199,-200,-206,-208,-207,-208,-202,-204,-198,-200,-198,-199,-196,-198,-194,-194,-190,-192,-183,-186,-173,-174,-163,-164,-155,-156,-146,-147,-138,-139,-128,-129,-112,-112,-92,-91,-73,-73,-51,-51,-30,-30,};
uint16_t *arrayNotesA20[8] = {fad1,la1,do2,mi2,fad2,la2,do3,mi3,};
int taillesA20[8] = {953,801,674,535,476,400,337,267,};
uint16_t *arrayNotesB20[8] = {fad3,la3,do4,lad1,si1,re2,fa2,la2,};
int taillesB20[8] = {238,200,168,754,714,600,505,400,};
uint16_t *arrayNotesA27[8] = {si2,re3,fa3,la3,si3,re4,fa4,dod2,};
int taillesA27[8] = {357,300,252,200,178,150,126,636,};
uint16_t *arrayNotesB27[8] = {red2,sol2,lad2,re3,red3,sol3,lad3,};
int taillesB27[8] = {566,449,378,300,283,225,189,};
uint16_t *arrayNotesA20B[8] = {fad1B,la1B,do2B,mi2B,fad2B,la2B,do3B,mi3B,};
int taillesA20B[8] = {953,801,674,535,476,400,337,267,};
uint16_t *arrayNotesB20B[8] = {fad3B,la3B,do4B,lad1B,si1B,re2B,fa2B,la2B,};
int taillesB20B[8] = {238,200,168,754,714,600,505,400,};
uint16_t *arrayNotesA27B[8] = {si2B,re3B,fa3B,la3B,si3B,re4B,fa4B,dod2B,};
int taillesA27B[8] = {357,300,252,200,178,150,126,636,};
uint16_t *arrayNotesB27B[8] = {red2B,sol2B,lad2B,re3B,red3B,sol3B,lad3B,};
int taillesB27B[8] = {566,449,378,300,283,225,189,};
uint16_t fad1[953]={30,30,55,56,81,80,104,105,126,128,153,154,177,178,199,201,222,224,247,248,266,269,288,290,312,315,342,345,375,378,410,414,447,451,481,486,516,520,557,562,597,603,639,644,679,684,717,723,750,757,781,787,811,817,841,847,864,871,878,886,890,898,903,910,911,918,917,925,920,927,912,920,896,903,873,880,848,855,820,827,793,800,763,769,733,739,704,709,672,677,640,644,607,611,572,577,537,541,504,509,475,479,449,453,424,427,405,408,391,394,374,377,362,364,351,353,338,340,329,332,320,322,315,316,304,306,292,294,278,280,261,262,246,247,230,232,217,219,200,201,172,173,145,146,119,120,88,89,56,57,24,24,-7,-8,-41,-40,-71,-72,-98,-99,-127,-128,-160,-162,-191,-193,-225,-227,-262,-264,-305,-307,-349,-351,-388,-391,-433,-437,-475,-479,-515,-517,-554,-558,-594,-600,-633,-639,-669,-675,-706,-712,-741,-747,-767,-773,-787,-794,-807,-814,-825,-831,-837,-844,-846,-853,-852,-858,-852,-859,-842,-849,-823,-831,-799,-805,-766,-773,-734,-741,-702,-707,-666,-671,-633,-638,-597,-601,-559,-564,-522,-526,-488,-491,-458,-461,-433,-436,-404,-408,-375,-378,-352,-355,-338,-340,-325,-327,-313,-316,-300,-303,-290,-292,-279,-282,-268,-271,-260,-262,-254,-256,-249,-252,-240,-241,-226,-228,-212,-214,-197,-199,-181,-183,-163,-165,-149,-149,-128,-129,-102,-102,-80,-81,-54,-54,-27,-28,-1,-1,27,27,59,60,91,91,117,119,144,145,171,172,196,198,227,228,259,261,290,292,321,323,354,358,390,393,428,430,461,465,496,501,535,538,569,573,600,604,629,634,658,663,687,692,708,714,728,735,744,751,755,761,761,768,763,770,762,768,756,762,746,752,730,735,712,717,693,698,665,670,631,636,598,601,560,565,520,525,480,484,434,437,386,389,336,338,284,287,236,237,188,189,142,142,103,104,66,66,25,26,-10,-10,-38,-38,-60,-61,-83,-84,-103,-104,-118,-119,-128,-128,-136,-138,-142,-143,-142,-143,-138,-139,-134,-135,-136,-137,-127,-128,-118,-118,-113,-114,-107,-108,-99,-100,-88,-89,-85,-85,-80,-80,-70,-70,-66,-66,-65,-66,-63,-63,-60,-60,-60,-61,-58,-58,-62,-62,-65,-66,-67,-69,-74,-75,-77,-78,-84,-85,-90,-91,-95,-96,-100,-101,-106,-106,-110,-111,-114,-116,-117,-118,-126,-128,-128,-128,-122,-124,-116,-117,-103,-103,-89,-91,-71,-72,-48,-49,-25,-25,9,9,41,42,81,81,130,131,179,180,231,232,292,294,356,358,421,424,486,489,550,553,614,619,676,681,737,744,796,801,851,857,905,912,956,964,1007,1015,1056,1064,1102,1111,1140,1150,1173,1183,1205,1215,1230,1241,1253,1263,1274,1284,1288,1299,1302,1312,1313,1323,1319,1330,1322,1331,1316,1326,1308,1319,1295,1305,1274,1285,1250,1259,1224,1235,1193,1202,1158,1167,1121,1131,1080,1088,1038,1047,992,1000,944,950,893,899,841,848,788,794,734,740,685,690,633,638,580,585,526,531,469,474,418,420,367,369,313,315,263,266,218,220,175,177,139,139,104,106,72,72,40,40,10,9,-22,-22,-50,-51,-78,-79,-104,-105,-130,-131,-156,-156,-181,-182,-214,-215,-243,-246,-278,-278,-318,-320,-360,-364,-407,-409,-448,-451,-493,-496,-537,-540,-582,-586,-627,-633,-673,-678,-711,-716,-749,-755,-787,-795,-828,-835,-865,-872,-898,-905,-931,-938,-963,-971,-996,-1004,-1016,-1025,-1041,-1048,-1059,-1067,-1079,-1087,-1099,-1106,-1108,-1117,-1116,-1124,-1123,-1132,-1132,-1142,-1141,-1149,-1152,-1162,-1160,-1169,-1164,-1173,-1165,-1174,-1166,-1175,-1159,-1168,-1153,-1163,-1148,-1158,-1139,-1148,-1131,-1139,-1125,-1135,-1116,-1125,-1097,-1106,-1078,-1086,-1054,-1062,-1032,-1041,-1004,-1012,-964,-973,-926,-933,-888,-895,-847,-854,-811,-816,-772,-777,-726,-732,-682,-686,-634,-639,-587,-591,-539,-543,-498,-503,-453,-456,-404,-407,-365,-369,-329,-331,-299,-301,-266,-269,-234,-237,-212,-214,-192,-193,-169,-171,-150,-151,-133,-133,-117,-117,-104,-105,-87,-88,-60,-61,-30,-30,-3,-3,33,33,68,68,94,96,125,126,156,157,184,186,208,209,234,236,253,255,279,281,311,313,326,330,340,343,348,350,342,345,338,341,339,342,338,340,337,340,332,334,320,323,305,308,280,283,251,253,214,216,173,174,131,132,93,93,45,45,-6,-7,-62,-63,-120,-120,-181,-181,-248,-250,-309,-312,-372,-374,-423,-427,-465,-470,-503,-508,-537,-542,-569,-574,-601,-606,-635,-640,-666,-671,-695,-702,-719,-724,-737,-744,-754,-759,-766,-772,-776,-782,-787,-794,-804,-811,-816,-823,-840,-847,-865,-871,-888,-895,-904,-911,-916,-923,-921,-929,-921,-928,-924,-931,-933,-939,-948,-956,-962,-970,-967,-974,-958,-965,-942,-950,-917,-924,-886,-893,-848,-856,-812,-819,-768,-774,-719,-726,-671,-677,-614,-620,-560,-565,-498,-501,-435,-438,-372,-375,-306,-309,-251,-253,-202,-204,};
uint16_t la1[801]={431,431,483,487,532,536,580,584,620,625,653,659,684,690,707,713,721,727,715,720,689,695,650,654,591,595,519,522,437,441,336,339,227,230,120,121,13,14,-88,-90,-189,-192,-280,-283,-360,-364,-426,-429,-473,-476,-501,-505,-508,-512,-493,-497,-467,-470,-428,-431,-372,-376,-309,-311,-235,-238,-157,-158,-78,-79,3,3,87,88,174,175,263,265,347,350,432,435,510,514,583,588,655,660,721,727,782,789,837,843,879,886,915,922,942,949,961,968,970,979,962,971,940,947,909,916,869,875,827,834,781,787,728,734,677,682,619,624,555,559,493,497,432,436,369,371,310,311,252,254,197,199,135,137,77,77,27,27,-17,-18,-60,-59,-93,-94,-116,-116,-128,-129,-132,-134,-125,-126,-108,-109,-83,-84,-52,-51,-9,-8,49,50,114,115,185,186,255,257,319,322,376,380,425,428,462,466,482,487,490,494,490,493,484,488,479,482,478,482,481,484,488,492,505,508,524,529,538,543,540,544,534,539,522,525,495,499,458,463,419,421,373,375,322,323,264,266,195,196,119,120,46,46,-25,-25,-86,-87,-133,-136,-172,-174,-206,-208,-231,-233,-249,-251,-262,-264,-276,-279,-289,-292,-313,-315,-339,-341,-355,-358,-370,-373,-380,-383,-385,-388,-386,-390,-383,-385,-373,-376,-364,-366,-358,-360,-347,-351,-333,-336,-328,-330,-325,-327,-322,-323,-313,-316,-304,-307,-286,-288,-261,-262,-240,-242,-221,-224,-205,-207,-196,-197,-191,-194,-198,-199,-208,-210,-222,-224,-241,-242,-266,-267,-290,-293,-321,-324,-351,-354,-383,-387,-420,-424,-454,-457,-491,-495,-531,-536,-568,-572,-607,-612,-644,-650,-680,-685,-719,-723,-757,-763,-794,-800,-831,-838,-872,-879,-915,-923,-962,-969,-1011,-1019,-1054,-1062,-1091,-1102,-1126,-1136,-1165,-1173,-1194,-1203,-1220,-1229,-1256,-1267,-1285,-1296,-1308,-1320,-1328,-1338,-1344,-1354,-1350,-1361,-1342,-1353,-1323,-1333,-1287,-1298,-1222,-1232,-1124,-1134,-988,-996,-806,-812,-605,-610,-406,-408,-210,-212,-23,-22,155,156,321,325,473,477,595,600,689,695,767,774,830,836,873,880,917,924,957,965,985,992,1009,1017,1029,1038,1041,1050,1037,1046,1013,1021,961,968,875,882,759,766,625,630,475,478,318,320,163,164,13,12,-139,-139,-284,-287,-412,-416,-528,-531,-621,-625,-690,-695,-729,-735,-740,-745,-723,-728,-672,-677,-598,-602,-505,-509,-401,-405,-301,-304,-197,-199,-87,-88,23,24,134,135,250,252,370,374,486,490,600,604,709,714,813,820,900,906,981,989,1056,1064,1116,1125,1172,1182,1221,1231,1265,1274,1291,1302,1294,1305,1287,1298,1260,1270,1215,1225,1167,1176,1106,1115,1038,1045,968,975,898,906,828,835,753,759,676,682,601,605,515,519,431,435,353,357,273,275,203,205,131,133,54,55,-20,-20,-85,-87,-143,-143,-189,-190,-219,-221,-237,-239,-245,-247,-240,-243,-226,-228,-206,-208,-171,-173,-118,-119,-46,-46,49,49,160,161,273,275,376,378,462,464,532,538,591,597,632,637,652,658,659,664,653,659,645,651,654,659,668,674,685,691,713,719,749,754,782,788,813,819,838,845,850,855,834,841,804,810,759,765,686,692,597,602,497,502,386,390,272,274,159,160,58,58,-34,-35,-116,-115,-178,-179,-226,-228,-264,-266,-296,-297,-331,-334,-362,-366,-388,-391,-407,-409,-422,-426,-435,-438,-442,-446,-442,-445,-448,-452,-457,-460,-462,-464,-457,-461,-442,-445,-425,-428,-407,-410,-392,-396,-376,-379,-349,-352,-311,-314,-263,-266,-211,-212,-154,-156,-92,-93,-29,-29,32,32,75,75,101,101,105,106,88,88,61,62,34,34,-3,-3,-47,-48,-94,-95,-141,-141,-186,-188,-230,-233,-271,-273,-319,-322,-372,-375,-424,-428,-478,-482,-534,-538,-593,-597,-659,-664,-732,-739,-808,-815,-882,-889,-962,-969,-1043,-1051,-1119,-1129,-1191,-1201,-1259,-1268,-1320,-1331,-1382,-1393,-1448,-1460,-1510,-1523,-1567,-1578,-1608,-1621,-1644,-1657,-1676,-1688,-1696,-1709,-1707,-1720,-1714,-1727,-1715,-1729,-1707,-1720,-1682,-1695,-1628,-1641,-1531,-1544,-1383,-1394,-1174,-1184,-925,-932,-664,-669,-404,-407,-144,-146,107,108,344,346,557,562,738,742,};
uint16_t do2[674]={64,64,65,79,80,97,98,115,115,131,131,148,149,167,169,184,186,201,202,215,217,226,227,236,236,246,247,255,256,262,264,267,270,272,274,276,277,280,282,284,286,286,288,287,288,287,290,287,290,287,290,291,294,294,296,298,301,300,302,298,301,296,299,296,298,295,298,297,299,296,300,293,295,291,294,286,289,282,285,279,281,273,276,268,270,266,267,263,265,260,262,258,259,255,257,255,256,253,255,250,252,246,248,244,246,243,246,243,245,241,242,237,238,230,231,224,226,219,221,212,213,203,204,195,196,186,189,181,182,175,177,165,166,152,154,140,141,128,128,112,114,102,103,91,91,79,80,67,68,54,55,40,40,23,24,9,9,-6,-6,-22,-23,-37,-38,-50,-50,-62,-63,-76,-76,-89,-90,-104,-106,-120,-121,-135,-136,-154,-155,-171,-173,-188,-189,-202,-204,-215,-217,-226,-229,-238,-241,-251,-253,-265,-268,-277,-280,-288,-290,-298,-301,-305,-309,-309,-312,-313,-316,-319,-320,-326,-328,-332,-334,-339,-341,-348,-350,-358,-361,-368,-372,-377,-380,-383,-385,-388,-391,-395,-397,-401,-404,-405,-408,-405,-408,-404,-408,-408,-410,-412,-415,-419,-422,-426,-428,-423,-428,-423,-426,-422,-425,-421,-425,-421,-424,-423,-427,-420,-424,-420,-424,-419,-422,-415,-418,-407,-410,-400,-404,-394,-397,-387,-391,-380,-383,-370,-373,-360,-363,-345,-347,-330,-333,-320,-322,-301,-304,-279,-282,-256,-257,-232,-234,-208,-210,-186,-187,-166,-166,-145,-145,-123,-125,-98,-98,-72,-74,-47,-47,-18,-19,12,13,43,44,72,73,102,103,131,131,157,159,184,185,209,211,235,237,260,262,282,284,305,307,329,331,351,353,368,370,389,392,412,415,430,433,448,451,466,470,483,486,496,501,510,513,516,522,523,527,529,533,531,536,535,539,536,539,535,539,534,538,531,534,524,529,518,523,508,513,498,503,490,494,480,485,468,471,455,459,448,451,444,447,436,439,426,428,417,420,406,410,399,402,393,396,384,387,373,375,361,364,351,354,344,347,337,340,329,333,321,324,315,318,314,317,310,312,306,307,306,309,307,310,311,313,315,318,319,322,319,322,312,315,305,308,299,300,298,300,295,297,294,296,287,289,277,279,270,272,265,268,258,258,245,247,232,233,215,217,198,200,182,184,163,164,141,142,120,121,104,105,93,93,81,81,66,67,47,47,25,26,8,7,-11,-11,-29,-29,-43,-44,-60,-60,-83,-85,-108,-108,-129,-129,-151,-151,-176,-176,-196,-197,-217,-218,-234,-236,-248,-250,-261,-264,-278,-280,-291,-293,-308,-312,-326,-329,-339,-342,-351,-354,-364,-367,-371,-375,-377,-380,-385,-388,-393,-397,-403,-407,-413,-417,-431,-434,-447,-451,-455,-460,-467,-472,-478,-482,-483,-488,-492,-495,-503,-507,-521,-525,-545,-550,-570,-574,-596,-601,-618,-624,-628,-633,-640,-645,-650,-655,-654,-660,-666,-671,-680,-686,-695,-702,-708,-714,-715,-720,-719,-725,-723,-729,-721,-728,-719,-726,-721,-728,-721,-726,-724,-729,-731,-736,-737,-743,-736,-741,-730,-737,-714,-719,-690,-695,-666,-671,-645,-650,-622,-628,-600,-603,-579,-582,-557,-561,-529,-532,-494,-497,-456,-461,-417,-421,-377,-380,-337,-340,-297,-299,-256,-259,-218,-220,-176,-177,-136,-136,-94,-95,-50,-49,-5,-6,34,34,70,70,106,107,146,147,183,183,221,224,265,267,303,306,};
uint16_t mi2[535]={111,111,167,169,226,229,284,286,342,344,397,399,449,452,500,504,547,552,590,595,628,634,665,670,694,699,721,726,743,749,763,770,778,784,788,795,801,807,811,816,822,827,832,838,842,847,851,856,854,860,857,864,861,869,863,870,863,869,863,869,860,866,854,861,848,855,838,845,820,827,800,806,777,783,748,754,714,719,676,682,638,644,601,605,562,567,529,532,496,500,464,469,432,436,400,402,369,372,342,345,320,323,302,305,286,288,275,278,265,267,252,253,236,237,222,222,204,207,184,186,162,163,137,138,106,108,73,73,34,34,-7,-8,-52,-52,-102,-102,-150,-152,-203,-205,-256,-258,-309,-311,-360,-363,-409,-412,-458,-462,-505,-508,-548,-552,-586,-592,-621,-625,-651,-655,-679,-684,-701,-707,-721,-728,-739,-745,-753,-759,-765,-771,-776,-781,-781,-787,-784,-790,-788,-794,-787,-793,-783,-790,-781,-787,-780,-786,-772,-779,-767,-773,-761,-767,-747,-753,-730,-736,-708,-714,-680,-686,-652,-658,-623,-628,-595,-600,-565,-570,-532,-537,-499,-503,-460,-464,-417,-421,-376,-379,-336,-338,-297,-298,-258,-259,-224,-225,-196,-197,-162,-163,-128,-130,-99,-99,-69,-69,-39,-40,-14,-15,9,9,33,34,55,56,79,80,106,107,137,138,170,171,204,205,239,241,276,278,311,314,349,351,389,392,430,434,471,476,515,519,555,559,594,599,630,635,663,669,694,699,723,728,750,755,774,779,792,798,809,815,825,831,833,840,838,845,843,850,847,854,853,860,861,867,869,876,880,887,888,896,897,904,904,911,911,917,916,924,921,928,921,929,919,926,912,920,904,911,890,897,870,878,847,852,819,826,784,791,743,749,701,708,657,662,608,614,556,562,507,512,455,459,404,407,356,359,310,312,265,268,222,225,183,184,144,145,108,108,77,77,46,47,15,14,-14,-13,-40,-41,-69,-69,-98,-100,-132,-133,-166,-167,-207,-208,-252,-255,-296,-298,-336,-340,-381,-386,-430,-434,-481,-486,-533,-537,-586,-591,-636,-642,-686,-691,-735,-741,-781,-787,-828,-835,-874,-881,-909,-916,-942,-950,-973,-980,-999,-1007,-1027,-1035,-1056,-1064,-1083,-1092,-1108,-1116,-1134,-1142,-1158,-1167,-1177,-1187,-1195,-1205,-1213,-1223,-1228,-1237,-1245,-1256,-1264,-1274,-1282,-1292,-1295,-1305,-1299,-1309,-1300,-1312,-1297,-1306,-1284,-1294,-1266,-1276,-1246,-1257,-1223,-1232,-1191,-1200,-1153,-1162,-1112,-1121,-1067,-1077,-1016,-1025,-968,-975,-922,-929,-874,-882,-834,-842,-802,-809,-767,-773,-731,-736,-696,-702,-665,-671,-640,-644,-617,-622,-603,-607,-592,-597,-579,-584,-557,-560,-524,-528,-483,-487,-435,-438,-381,-384,-320,-323,-252,-255,-182,-182,-104,-105,-23,-22,65,65,156,157,254,256,351,354,};
uint16_t fad2[476]={-64,-64,-64,-44,-45,-24,-23,-5,-5,9,10,26,25,42,43,57,58,76,76,94,94,108,109,120,122,133,134,146,148,159,159,170,171,180,183,193,194,202,203,215,217,229,230,233,234,238,240,246,248,253,256,260,262,269,272,277,279,282,284,289,290,295,298,299,302,304,307,310,314,313,315,315,316,314,318,314,315,311,313,309,312,308,311,307,309,306,308,304,307,303,306,303,305,302,305,300,303,298,299,288,290,276,279,269,271,261,263,250,252,241,243,236,238,223,224,208,209,196,196,181,182,169,171,157,159,144,145,130,131,114,115,99,100,83,83,67,67,50,50,29,30,12,12,-1,-1,-15,-16,-31,-31,-49,-49,-64,-65,-81,-81,-101,-103,-122,-122,-139,-140,-153,-154,-169,-170,-189,-189,-205,-206,-220,-222,-234,-236,-242,-243,-247,-248,-254,-256,-263,-265,-271,-273,-279,-281,-286,-289,-291,-292,-294,-296,-295,-298,-294,-296,-294,-296,-295,-298,-295,-297,-295,-298,-297,-299,-294,-297,-290,-292,-285,-288,-280,-282,-271,-272,-259,-261,-248,-250,-236,-238,-224,-226,-209,-211,-195,-197,-184,-185,-173,-173,-158,-159,-141,-142,-122,-123,-104,-105,-91,-92,-80,-81,-64,-65,-46,-47,-29,-30,-12,-11,3,3,17,17,31,31,45,45,61,61,79,79,93,95,107,107,117,117,125,125,135,136,146,148,157,159,164,166,169,171,178,179,186,186,193,195,199,201,204,206,206,208,209,211,213,215,220,222,227,228,232,233,236,238,240,241,241,242,241,244,246,247,251,252,253,257,257,259,261,263,263,265,265,267,266,269,268,270,268,270,264,265,259,262,254,257,250,251,248,250,247,248,244,247,243,244,240,242,235,237,229,231,222,223,211,212,199,201,185,188,174,174,160,160,141,143,128,128,111,111,91,92,73,75,56,58,37,38,18,17,-4,-4,-29,-31,-56,-57,-88,-89,-121,-122,-152,-155,-184,-185,-215,-217,-246,-248,-281,-282,-316,-318,-350,-353,-382,-385,-408,-411,-438,-440,-467,-471,-495,-498,-519,-524,-547,-550,-572,-576,-592,-596,-613,-618,-630,-635,-641,-647,-650,-655,-656,-662,-658,-664,-655,-660,-653,-658,-650,-654,-638,-644,-628,-633,-616,-621,-601,-606,-586,-590,-570,-575,-548,-552,-526,-531,-505,-510,-480,-484,-453,-455,-425,-429,-401,-403,-374,-376,-342,-346,-312,-315,-282,-284,-249,-251,};
uint16_t do3[337]={91,91,206,206,348,350,505,509,655,662,769,776,847,853,917,924,979,988,1004,1013,999,1007,970,978,925,932,876,883,827,834,795,801,794,800,799,805,774,780,704,709,612,618,555,560,547,551,553,559,551,554,529,534,493,496,441,444,371,374,287,289,220,221,200,202,214,217,212,214,193,194,163,164,117,119,80,81,63,62,59,59,52,53,21,22,-30,-31,-88,-88,-144,-145,-184,-185,-210,-211,-248,-250,-293,-295,-340,-344,-382,-385,-408,-411,-439,-442,-490,-494,-538,-543,-584,-590,-641,-646,-682,-688,-710,-716,-750,-756,-823,-829,-908,-914,-977,-985,-1010,-1018,-1005,-1013,-965,-973,-887,-894,-791,-797,-718,-723,-671,-677,-630,-635,-586,-590,-528,-532,-467,-471,-402,-406,-313,-316,-205,-206,-108,-109,-52,-52,-36,-35,-22,-23,31,30,133,134,259,261,390,393,515,519,618,623,719,724,844,851,972,981,1080,1090,1159,1168,1203,1212,1222,1231,1232,1241,1249,1260,1273,1284,1283,1294,1263,1273,1210,1220,1159,1169,1154,1164,1183,1193,1207,1216,1229,1240,1266,1276,1306,1315,1318,1329,1281,1291,1230,1240,1189,1198,1132,1141,1056,1064,965,973,876,883,798,805,733,739,652,657,548,552,435,438,321,323,214,216,131,131,63,64,-20,-20,-130,-132,-254,-256,-371,-374,-478,-482,-571,-576,-653,-660,-735,-741,-828,-835,-936,-944,-1053,-1061,-1168,-1177,-1279,-1289,-1404,-1415,-1514,-1526,-1572,-1584,-1574,-1585,-1559,-1570,-1578,-1591,-1639,-1653,-1721,-1734,-1792,-1807,-1832,-1846,-1828,-1842,-1789,-1802,-1701,-1715,-1578,-1590,-1466,-1478,-1399,-1409,-1369,-1379,-1346,-1357,-1315,-1326,-1263,-1274,-1191,-1199,-1105,-1113,-1006,-1014,-897,-903,-781,-789,-694,-699,-653,-659,-631,-635,-597,-602,-531,-535,-407,-410,-221,-222,};
uint16_t mi3[267]={55,55,63,64,69,70,70,70,69,70,75,76,79,80,80,80,84,84,91,91,99,100,109,110,121,121,135,137,154,155,173,174,190,192,211,213,239,240,265,267,289,292,317,319,344,346,363,367,380,383,395,397,406,409,421,425,437,442,449,453,458,463,468,471,474,477,476,478,472,476,470,474,467,471,459,463,454,458,451,455,447,451,440,442,428,432,412,415,393,396,372,375,351,354,330,332,310,312,283,285,252,255,227,229,199,201,166,167,137,138,109,110,82,83,55,55,25,25,-4,-4,-32,-32,-62,-61,-92,-92,-120,-121,-140,-141,-158,-160,-181,-182,-202,-203,-220,-221,-238,-240,-253,-255,-267,-269,-282,-285,-301,-304,-322,-325,-342,-345,-355,-358,-361,-364,-377,-381,-400,-403,-423,-426,-450,-454,-474,-477,-482,-486,-483,-486,-493,-497,-509,-513,-517,-520,-518,-521,-519,-523,-512,-517,-492,-497,-473,-476,-456,-461,-449,-452,-439,-444,-418,-422,-395,-398,-384,-388,-374,-377,-358,-361,-351,-353,-341,-344,-323,-326,-309,-311,-301,-303,-296,-297,-294,-297,-289,-292,-277,-280,-256,-259,-230,-233,-205,-207,-178,-179,-150,-151,-123,-125,-95,-95,-63,-64,-29,-29,10,11,56,56,97,98,129,130,161,161,193,195,224,226,246,248,257,260,257,258,248,249,236,238,219,221,198,199,182,183,};
uint16_t fad3[238]={22,22,22,45,45,66,66,84,86,101,102,119,120,135,135,146,146,153,155,161,163,169,171,170,171,175,176,178,180,179,180,178,179,182,184,184,186,182,182,178,180,175,176,171,173,161,161,152,154,145,147,132,134,120,120,105,107,88,89,74,75,60,61,47,47,36,37,26,28,19,18,8,7,1,1,-2,-1,0,0,1,1,6,6,14,13,23,22,31,30,37,38,48,48,52,53,55,56,66,66,77,78,84,86,95,97,108,108,116,118,127,128,137,139,149,150,153,155,166,167,177,179,184,185,188,189,188,189,183,184,179,180,174,176,170,172,165,166,160,162,154,156,142,144,130,131,115,116,97,98,82,82,65,66,48,48,28,29,5,5,-18,-18,-41,-41,-63,-64,-85,-86,-109,-110,-134,-135,-158,-160,-186,-188,-214,-215,-241,-242,-267,-269,-294,-296,-316,-317,-333,-336,-352,-354,-361,-365,-367,-370,-371,-374,-370,-372,-368,-370,-365,-368,-358,-362,-353,-355,-346,-349,-338,-341,-331,-333,-317,-318,-296,-298,-280,-282,-262,-264,-238,-239,-214,-215,-189,-191,-160,-162,-130,-131,-98,-99,-65,-66,-34,-35,-6,-5,26,27,};
uint16_t do4[168]={78,78,79,106,108,132,134,153,154,170,171,186,188,200,201,215,217,226,229,237,238,248,249,255,259,263,265,271,273,273,276,272,274,274,276,274,277,271,274,268,270,269,271,273,274,276,280,281,284,286,287,284,287,283,286,282,285,281,282,275,279,272,274,269,271,262,264,256,258,245,247,231,233,216,219,199,199,178,180,161,163,145,145,127,127,105,105,75,76,40,40,3,1,-35,-35,-74,-75,-112,-113,-146,-148,-184,-185,-225,-226,-265,-267,-305,-307,-344,-346,-377,-381,-408,-412,-435,-439,-459,-464,-481,-484,-498,-502,-513,-517,-524,-529,-531,-534,-530,-534,-522,-527,-508,-512,-492,-496,-473,-476,-449,-453,-421,-425,-393,-396,-358,-361,-320,-322,-280,-282,-240,-241,-196,-198,-151,-152,-103,-104,-54,-54,-7,-7,41,40,83,83,122,123,};
uint16_t lad1[754]={-73,-73,-74,-42,-42,-14,-14,6,5,20,21,37,37,48,48,54,53,58,59,59,59,51,52,40,40,29,29,21,22,20,21,15,15,11,11,7,8,3,4,-2,-1,-4,-4,-10,-10,-20,-21,-31,-31,-41,-40,-49,-49,-58,-59,-63,-64,-68,-69,-72,-74,-84,-85,-98,-100,-110,-111,-119,-118,-129,-130,-140,-141,-147,-148,-150,-151,-146,-147,-140,-141,-133,-134,-119,-120,-100,-101,-80,-80,-56,-56,-31,-31,-5,-4,29,29,71,71,112,114,161,162,212,214,255,257,290,292,319,322,348,350,376,379,398,401,407,410,411,414,427,429,449,452,465,468,475,479,476,481,467,470,455,458,445,448,431,435,416,418,400,404,378,381,348,350,321,323,298,300,276,277,250,252,222,223,193,195,169,171,146,148,123,123,97,97,73,72,54,53,36,37,20,20,4,5,-5,-5,-16,-17,-35,-35,-48,-48,-50,-51,-46,-47,-42,-43,-36,-36,-29,-29,-24,-25,-18,-17,-6,-7,9,9,27,27,49,49,71,72,92,93,112,113,129,130,151,152,171,173,187,189,199,201,206,207,210,212,209,210,206,207,196,197,186,188,177,178,167,168,154,155,137,137,112,113,86,86,58,59,31,32,7,7,-15,-16,-35,-36,-53,-54,-69,-69,-86,-86,-105,-105,-121,-122,-136,-138,-148,-150,-157,-157,-162,-163,-162,-164,-159,-160,-150,-151,-142,-143,-128,-129,-113,-114,-102,-102,-93,-93,-80,-82,-62,-63,-37,-37,-11,-11,23,22,59,60,97,98,141,142,183,184,223,224,256,258,285,287,306,308,318,321,330,332,337,340,344,346,347,351,351,354,355,357,356,359,357,359,359,362,367,370,376,379,384,387,397,400,409,412,414,417,420,423,421,425,414,418,404,407,389,391,372,376,352,355,333,335,311,315,291,294,270,273,252,254,234,237,222,224,207,208,187,188,172,173,159,160,150,152,146,147,144,145,146,147,146,148,149,151,157,158,168,169,181,183,194,195,206,207,218,220,232,233,244,246,260,262,277,278,289,292,300,302,307,311,316,318,318,320,317,320,314,317,306,308,295,297,282,285,269,272,256,259,243,245,227,228,204,206,182,183,159,160,131,133,106,106,80,81,53,54,28,28,3,2,-21,-20,-44,-45,-66,-67,-91,-91,-123,-124,-151,-153,-176,-177,-198,-201,-221,-223,-241,-243,-265,-267,-287,-290,-304,-306,-321,-322,-337,-339,-353,-355,-365,-368,-375,-378,-383,-385,-383,-387,-379,-381,-372,-375,-366,-368,-357,-360,-345,-348,-333,-335,-322,-324,-316,-318,-317,-320,-316,-318,-314,-317,-316,-318,-309,-310,-301,-304,-297,-299,-293,-294,-293,-295,-293,-296,-291,-295,-293,-295,-295,-297,-292,-295,-288,-289,-280,-282,-270,-272,-260,-263,-258,-260,-255,-256,-252,-254,-248,-250,-244,-247,-240,-242,-239,-241,-241,-243,-250,-252,-258,-260,-260,-262,-261,-262,-262,-266,-261,-262,-258,-260,-260,-261,-258,-260,-252,-254,-246,-247,-237,-239,-225,-226,-212,-214,-203,-205,-198,-200,-193,-196,-191,-191,-183,-184,-172,-173,-159,-161,-142,-143,-124,-124,-107,-108,-96,-97,-92,-93,-92,-93,-92,-94,-96,-98,-99,-100,-96,-97,-90,-91,-88,-89,-85,-85,-80,-81,-72,-74,-67,-68,-64,-64,-60,-60,-58,-59,-57,-57,-57,-57,-57,-57,-57,-57,-54,-55,-51,-51,-53,-55,-59,-60,-61,-61,-59,-59,-55,-56,-55,-55,-54,-55,-55,-55,-54,-54,-52,-53,-53,-53,-52,-54,-55,-56,-62,-63,-64,-65,-65,-66,-67,-68,-67,-67,-68,-70,-77,-77,-88,-88,-98,-99,-107,-107,-112,-113,-115,-117,-122,-122,-130,-132,-141,-142,-146,-148,-153,-153,-160,-162,-169,-170,-177,-179,-188,-189,-199,-200,-206,-207,-207,-208,-202,-203,-193,-194,-181,-183,-166,-167,-144,-145,-119,-120,-92,-93,-59,-60,-24,-24,};
uint16_t si1[714]={45,45,46,63,63,82,84,100,101,115,115,130,130,139,141,145,145,157,159,167,169,177,179,185,186,193,194,204,206,216,217,222,223,226,227,229,230,227,229,225,226,224,226,226,227,225,227,224,225,222,223,218,219,215,217,212,213,208,209,204,206,199,201,199,200,198,199,195,197,195,196,187,188,181,182,181,182,176,177,170,171,166,168,166,167,161,162,158,159,150,151,139,138,131,132,127,129,128,130,133,134,136,136,132,133,127,127,121,122,115,116,110,112,110,110,108,110,106,106,107,108,110,110,111,112,117,118,118,119,111,113,110,111,109,110,109,111,116,117,122,123,130,131,131,132,136,137,141,142,144,146,147,147,144,145,143,145,144,146,145,147,146,148,150,152,148,149,144,146,141,142,131,132,123,124,114,115,102,103,94,94,85,86,78,78,66,67,54,55,42,42,25,25,7,7,-8,-8,-26,-25,-44,-45,-54,-56,-61,-63,-66,-66,-75,-76,-88,-88,-105,-106,-117,-118,-132,-133,-149,-151,-164,-166,-173,-175,-183,-185,-193,-196,-207,-208,-223,-224,-238,-239,-256,-258,-271,-274,-282,-283,-290,-293,-297,-300,-311,-313,-327,-330,-345,-349,-368,-372,-389,-392,-406,-409,-418,-421,-429,-432,-437,-441,-447,-451,-466,-470,-480,-484,-492,-496,-504,-509,-512,-518,-527,-531,-534,-538,-536,-540,-538,-543,-536,-541,-540,-544,-543,-547,-544,-548,-542,-547,-536,-539,-526,-532,-521,-526,-515,-519,-508,-512,-501,-505,-493,-497,-483,-487,-472,-474,-458,-461,-448,-451,-437,-440,-426,-428,-414,-418,-403,-405,-387,-391,-367,-370,-351,-355,-346,-349,-335,-337,-317,-319,-298,-301,-275,-277,-248,-251,-226,-228,-203,-205,-183,-185,-163,-164,-142,-143,-119,-120,-92,-93,-65,-64,-35,-35,-3,-3,25,26,53,53,85,86,112,113,136,136,162,164,187,189,219,220,254,256,288,290,320,322,346,348,369,371,388,390,403,406,422,425,443,447,465,468,483,487,501,505,516,520,524,529,530,533,535,539,539,541,534,539,529,533,525,530,520,525,516,521,507,511,494,499,479,483,467,471,458,462,443,447,426,430,417,420,404,408,388,392,371,374,355,357,342,346,333,335,327,329,319,322,310,313,301,304,294,296,289,291,281,284,272,275,268,271,267,269,266,267,269,270,273,275,272,274,273,275,276,278,277,278,276,277,273,275,276,278,284,286,288,291,294,296,300,302,297,299,296,298,296,298,296,299,296,299,294,296,288,291,280,283,273,275,270,272,262,264,253,255,244,247,234,235,221,223,205,207,187,187,172,173,156,158,142,142,133,135,121,123,107,107,96,97,84,85,71,72,56,57,39,39,22,22,-3,-2,-16,-16,-24,-24,-34,-34,-41,-41,-47,-47,-54,-55,-59,-60,-65,-65,-81,-81,-94,-95,-108,-108,-121,-121,-133,-135,-148,-149,-165,-166,-184,-186,-203,-204,-223,-226,-247,-248,-269,-272,-294,-296,-319,-322,-344,-346,-366,-370,-393,-396,-419,-423,-446,-449,-470,-474,-489,-493,-507,-512,-527,-532,-548,-552,-559,-564,-565,-569,-570,-574,-575,-580,-583,-587,-589,-594,-592,-596,-590,-595,-592,-596,-596,-601,-599,-604,-590,-594,-574,-578,-559,-563,-541,-545,-524,-529,-508,-512,-492,-497,-473,-477,-454,-458,-432,-435,-410,-414,-389,-391,-362,-366,-339,-342,-311,-313,-281,-283,-255,-256,-230,-231,-209,-211,-198,-199,-190,-192,-177,-177,-158,-160,-135,-136,-109,-110,-90,-90,-78,-79,-70,-71,-56,-56,-45,-45,-32,-33,-13,-13,10,10,32,32,52,51,64,65,72,73,};
uint16_t re2[600]={398,398,401,406,408,407,411,411,415,422,426,438,441,453,456,468,472,485,488,503,505,522,526,546,552,576,581,604,608,627,631,644,649,656,660,664,669,674,680,689,694,706,711,725,730,742,748,751,757,755,761,763,769,772,778,783,791,800,807,820,826,845,852,877,884,917,925,963,971,1009,1017,1045,1052,1070,1079,1087,1096,1089,1097,1072,1080,1042,1049,998,1007,948,955,887,895,817,824,739,745,651,657,560,565,474,477,403,407,350,353,300,302,251,253,204,206,168,169,140,142,118,119,101,102,81,81,48,49,16,15,-18,-18,-50,-51,-83,-83,-124,-124,-175,-177,-235,-236,-290,-293,-344,-347,-394,-398,-446,-450,-501,-506,-555,-561,-605,-609,-642,-648,-666,-671,-685,-690,-697,-703,-709,-714,-726,-733,-743,-749,-750,-756,-761,-766,-777,-783,-790,-795,-808,-815,-836,-841,-871,-878,-916,-923,-964,-972,-1009,-1016,-1051,-1059,-1086,-1095,-1112,-1120,-1127,-1135,-1138,-1146,-1150,-1159,-1146,-1155,-1137,-1148,-1121,-1129,-1105,-1113,-1095,-1103,-1081,-1089,-1059,-1067,-1038,-1047,-1028,-1037,-1022,-1030,-1021,-1030,-1041,-1049,-1056,-1063,-1041,-1048,-1003,-1012,-939,-947,-845,-851,-742,-748,-652,-657,-557,-561,-468,-471,-401,-404,-360,-362,-331,-334,-316,-318,-304,-305,-273,-275,-227,-228,-177,-179,-117,-117,-43,-42,25,26,78,79,116,117,148,149,167,168,186,187,204,206,227,228,256,258,290,292,319,322,338,341,349,352,347,350,327,329,293,296,254,256,208,210,170,172,141,142,119,121,106,107,98,99,95,97,102,102,117,118,138,139,171,173,219,222,277,279,334,337,393,395,451,454,511,514,576,581,641,647,699,704,750,755,793,799,824,830,849,856,874,882,905,911,936,943,968,976,1003,1011,1043,1052,1090,1098,1139,1149,1183,1192,1216,1224,1234,1243,1239,1247,1228,1238,1200,1209,1153,1162,1088,1097,1011,1020,933,939,859,865,793,800,737,742,683,688,628,634,575,579,522,526,471,474,416,419,358,361,301,304,244,247,195,196,148,148,98,99,41,41,-24,-24,-108,-108,-202,-204,-299,-301,-396,-399,-489,-493,-571,-576,-643,-648,-698,-703,-732,-737,-750,-757,-760,-765,-762,-767,-757,-763,-746,-751,-727,-734,-703,-709,-676,-681,-645,-650,-618,-625,-593,-598,-570,-575,-552,-557,-548,-552,-564,-568,-592,-596,-624,-629,-660,-665,-697,-703,-738,-745,-786,-792,-837,-844,-879,-886,-908,-914,-920,-928,-919,-926,-905,-912,-890,-897,-867,-874,-849,-857,-846,-854,-844,-849,-851,-857,-864,-870,-881,-888,-906,-913,-935,-943,-943,-951,-911,-918,-833,-840,-719,-724,-598,-603,-491,-495,-393,-397,-300,-303,-216,-219,-141,-142,-88,-90,-63,-63,-49,-49,-38,-38,-25,-26,-14,-14,-10,-10,-12,-12,-13,-14,-17,-18,-28,-28,-40,-40,-40,-40,-20,-19,22,21,74,76,141,141,215,217,292,294,355,358,400,403,431,436,459,462,480,485,500,503,512,516,523,526,539,544,559,562,572,577,577,582,569,574,558,562,553,558,561,565,579,583,606,611,644,648,689,695,741,748,};
uint16_t fa2[505]={1,1,0,0,0,0,1,1,0,0,0,0,0,0,1,0,1,1,0,0,0,0,-1,1,0,0,-1,1,0,0,0,0,0,0,-1,0,1,0,0,0,-1,0,-1,0,0,0,0,-1,0,0,0,0,-1,0,0,0,-1,0,0,0,0,1,1,0,0,0,1,0,0,0,0,0,0,0,-1,0,1,0,0,0,0,0,0,0,0,0,0,1,0,1,0,-1,0,0,-1,0,0,-1,-1,1,0,1,0,0,0,0,0,0,-1,1,0,0,0,0,0,0,0,0,1,0,0,0,0,1,0,0,-1,0,0,0,0,0,1,0,-1,0,1,0,0,0,0,0,0,-1,0,0,0,1,-1,0,0,1,0,1,-1,0,-1,0,-1,-1,0,-1,0,0,1,0,0,0,1,0,0,0,0,0,0,0,0,-1,-1,0,0,0,0,0,0,0,1,0,0,1,0,-1,0,0,0,0,1,0,-1,0,0,1,0,-1,0,0,0,0,0,0,0,1,-1,0,-1,0,0,0,-1,0,0,1,0,0,-1,-1,0,0,0,-1,0,0,1,0,1,0,0,0,0,0,0,0,0,0,0,0,0,-1,0,1,0,0,0,0,0,0,0,1,0,1,0,1,0,0,0,0,0,0,0,0,0,0,0,0,-1,-1,0,0,-1,0,0,0,0,0,1,1,0,0,1,0,-1,-1,-1,1,0,0,1,-1,0,0,0,-1,0,0,0,0,-1,1,1,0,0,0,0,0,0,0,1,1,0,-1,0,0,0,0,0,0,0,0,1,0,0,0,0,0,0,0,0,1,0,0,0,0,0,0,0,0,0,0,0,0,-1,-1,0,1,0,0,0,0,0,0,0,-1,0,0,0,0,1,0,0,0,0,0,-1,-1,0,-1,0,0,0,0,0,0,0,-1,0,0,1,1,0,0,0,0,0,1,1,-1,0,0,0,0,-1,0,1,0,0,0,-1,-1,-1,0,-1,0,0,-1,0,0,1,0,0,-1,0,0,0,0,0,0,0,0,0,0,0,0,0,0,1,0,0,1,-1,0,1,0,0,0,0,1,0,0,1,0,0,0,-1,1,0,1,0,0,0,0,0,0,0,0,1,0,1,0,0,0,0,0,0,0,0,0,0,0,0,0,0,1,1,0,0,1,0,0,-1,0,1,0,1,1,0,0,0,0,0,0,1,0,0,0,0,0,};
uint16_t la2[400]={5,5,5,24,24,36,36,48,50,63,63,78,79,95,96,106,108,117,118,127,128,135,135,142,144,149,150,150,152,153,155,155,157,154,154,152,153,155,156,158,159,166,167,174,175,179,181,186,188,194,196,205,206,216,217,230,232,242,245,246,247,256,259,268,270,276,278,295,297,300,302,304,306,319,321,319,322,318,320,321,325,320,322,321,324,325,326,322,324,329,331,332,334,321,325,318,320,310,313,299,301,293,296,286,288,275,277,263,265,254,257,241,244,229,231,221,224,212,214,207,208,195,196,174,176,155,156,132,133,107,109,90,90,76,77,58,59,40,41,19,21,-6,-6,-29,-29,-54,-55,-86,-86,-114,-115,-141,-141,-166,-166,-191,-192,-216,-218,-237,-240,-264,-266,-286,-288,-304,-307,-321,-325,-333,-336,-343,-346,-346,-349,-342,-346,-341,-344,-338,-341,-334,-337,-331,-333,-318,-321,-296,-298,-274,-276,-249,-251,-222,-225,-196,-198,-170,-173,-148,-150,-127,-128,-109,-110,-91,-92,-70,-70,-48,-48,-31,-31,-17,-17,-5,-5,4,4,12,11,16,17,24,23,27,27,23,23,21,21,25,24,27,26,29,29,34,35,42,43,54,54,62,63,69,70,73,75,75,75,81,81,86,86,86,88,94,96,104,106,108,108,110,112,113,115,119,120,119,121,112,112,103,104,87,89,74,75,56,56,34,35,19,18,2,2,-13,-13,-29,-29,-46,-46,-66,-66,-85,-85,-102,-104,-127,-128,-151,-153,-170,-170,-189,-191,-210,-211,-225,-226,-244,-246,-262,-264,-275,-278,-290,-293,-305,-307,-320,-322,-341,-343,-355,-359,-359,-361,-359,-362,-363,-365,-364,-367,-360,-362,-362,-364,-365,-368,-367,-370,-363,-365,-360,-362,-361,-363,-358,-361,-355,-359,-358,-361,-362,-365,-361,-363,-354,-355,-340,-343,-332,-334,-331,-334,-328,-330,-319,-321,-309,-311,-290,-292,-271,-274,-258,-259,-237,-238,-209,-211,-178,-180,-139,-140,-102,-102,-66,-66,-35,-35,-8,-8,21,21,46,46,68,70,};
uint16_t si2[357]={-53,-53,-58,-58,-61,-61,-68,-69,-77,-78,-79,-79,-75,-74,-55,-56,-41,-42,-33,-33,-24,-24,-18,-19,-14,-16,-13,-13,-15,-15,-16,-16,-21,-22,-34,-34,-45,-45,-54,-55,-74,-74,-94,-96,-118,-119,-141,-142,-166,-166,-187,-188,-206,-207,-220,-223,-225,-226,-227,-228,-230,-232,-230,-231,-226,-227,-221,-223,-214,-217,-207,-208,-199,-201,-195,-198,-191,-194,-191,-193,-190,-191,-186,-185,-179,-181,-180,-181,-179,-180,-175,-177,-174,-175,-168,-169,-161,-162,-158,-160,-148,-150,-142,-142,-137,-137,-123,-124,-112,-113,-95,-96,-71,-71,-49,-49,-31,-32,-16,-16,-11,-11,-7,-8,1,2,17,17,32,33,56,56,80,82,93,94,106,106,119,120,134,134,156,157,179,179,202,204,223,225,233,236,240,243,248,249,252,256,257,261,271,273,284,287,290,292,295,298,310,311,325,328,349,353,379,383,418,422,457,460,490,494,519,524,547,551,583,587,625,629,658,664,684,691,704,709,713,718,718,723,719,725,711,716,697,703,679,685,650,654,615,619,580,584,540,544,495,498,443,447,394,399,348,352,293,295,244,246,207,209,172,174,143,143,114,114,85,86,56,55,26,26,-9,-8,-41,-43,-67,-67,-87,-89,-115,-115,-141,-143,-163,-164,-184,-185,-219,-221,-254,-256,-278,-279,-296,-298,-308,-311,-326,-328,-345,-348,-361,-364,-384,-387,-421,-423,-449,-451,-447,-452,-444,-447,-454,-458,-461,-465,-472,-476,-475,-480,-485,-488,-499,-503,-493,-497,-478,-481,-472,-476,-469,-473,-465,-469,-462,-466,-447,-451,-432,-436,-419,-423,-406,-410,-396,-400,-399,-402,-394,-396,-371,-374,-357,-360,-359,-362,-365,-368,-363,-366,-353,-356,-347,-350,-336,-339,-312,-315,-302,-304,-290,-292,-271,-274,-254,-256,-223,-225,-182,-183,-137,-138,-97,-98,-59,-59,};
uint16_t fa3[252]={-97,-97,-99,-66,-67,-36,-37,-6,-6,27,26,54,53,80,80,104,104,125,125,147,148,170,172,190,192,203,205,218,219,232,234,241,243,247,249,246,248,244,246,242,244,243,244,237,240,231,233,226,227,218,219,209,210,195,196,177,178,160,162,145,146,130,132,114,114,98,99,83,84,75,76,75,75,71,71,69,69,70,71,69,69,63,63,58,58,57,56,64,64,72,73,82,82,93,94,108,109,122,123,136,136,152,152,166,167,180,182,197,199,215,216,234,236,255,257,270,274,282,285,292,295,302,305,310,311,313,316,321,324,324,326,324,326,325,328,327,330,324,327,320,322,316,318,310,313,306,308,301,302,292,294,279,282,265,268,252,254,236,237,220,222,205,207,188,188,167,169,147,148,125,125,100,101,70,71,37,37,-1,0,-44,-44,-81,-82,-114,-115,-151,-151,-193,-195,-236,-237,-271,-273,-301,-302,-321,-324,-344,-347,-370,-372,-395,-399,-427,-430,-462,-465,-495,-498,-524,-529,-549,-552,-575,-580,-602,-607,-620,-623,-631,-635,-642,-647,-652,-657,-651,-656,-653,-657,-655,-660,-647,-650,-629,-633,-602,-606,-561,-565,-513,-518,-461,-465,-405,-408,-350,-352,-297,-299,-244,-246,-188,-189,};
uint16_t la3[200]={-104,-104,-104,-63,-64,-30,-29,-6,-6,12,11,24,24,34,34,47,47,64,65,90,91,123,125,168,169,220,222,270,273,312,315,343,346,368,370,380,383,383,386,376,379,355,358,328,331,297,300,265,267,241,242,224,226,219,220,221,223,235,236,254,256,277,278,300,303,325,328,348,350,355,358,350,353,324,326,280,282,226,227,166,167,105,106,54,55,14,13,-13,-13,-22,-22,-15,-16,1,1,28,28,62,62,94,96,121,124,138,140,143,145,136,138,117,119,88,88,49,49,8,8,-21,-22,-38,-38,-37,-37,-19,-19,-2,-2,16,16,31,31,40,40,46,45,35,35,13,13,-18,-19,-58,-58,-100,-100,-145,-145,-187,-190,-233,-235,-285,-287,-332,-333,-352,-356,-363,-367,-371,-375,-366,-368,-355,-358,-338,-341,-307,-310,-282,-284,-282,-285,-306,-307,-339,-341,-374,-377,-409,-412,-443,-446,-476,-479,-500,-504,-511,-516,-498,-502,-456,-460,-394,-397,-314,-317,-226,-228,-132,-133,};
uint16_t si3[178]={10,10,11,24,25,36,35,50,49,65,66,79,80,95,95,114,114,133,135,154,155,169,171,179,181,192,194,204,206,218,218,229,231,241,243,245,247,246,248,248,249,246,248,242,243,236,239,230,232,221,223,211,213,200,202,188,189,176,178,167,170,160,161,156,157,156,157,160,161,165,166,163,164,160,161,153,154,146,148,148,149,146,147,138,138,129,130,116,117,102,104,90,91,79,79,63,64,47,46,29,29,10,11,-9,-10,-27,-28,-47,-47,-65,-66,-86,-87,-105,-105,-121,-122,-141,-142,-160,-161,-178,-180,-196,-197,-212,-214,-227,-229,-244,-245,-263,-266,-282,-286,-300,-302,-317,-318,-324,-326,-326,-329,-328,-330,-323,-326,-315,-318,-306,-308,-296,-298,-279,-281,-260,-262,-234,-236,-208,-210,-176,-177,-146,-146,-122,-122,-97,-98,-74,-75,-59,-58,-44,-44,-25,-25,-4,-3,};
uint16_t re4[150]={63,63,63,106,106,145,146,180,182,213,215,243,245,270,272,299,301,329,332,361,364,393,396,420,425,441,443,451,455,456,459,460,463,459,462,450,453,438,441,424,427,406,410,382,385,358,360,333,336,309,311,286,289,261,264,236,238,211,213,190,191,170,172,152,153,139,140,121,122,100,101,83,84,65,66,49,49,32,32,12,13,-8,-7,-35,-36,-68,-69,-100,-100,-129,-130,-157,-158,-181,-183,-208,-211,-238,-241,-272,-274,-310,-312,-346,-347,-378,-379,-399,-403,-415,-419,-427,-430,-439,-443,-453,-457,-466,-470,-478,-481,-477,-482,-467,-471,-448,-452,-426,-431,-408,-411,-386,-389,-357,-361,-320,-323,-275,-278,-232,-233,-188,-189,-140,-140,-91,-91,-44,-44,-5,-5,};
uint16_t fa4[126]={36,36,35,65,66,98,99,134,136,168,169,184,186,210,211,233,234,246,249,257,258,264,266,266,269,263,265,264,266,260,262,247,250,237,238,230,232,217,219,194,196,175,175,156,157,138,140,120,121,97,97,75,75,49,49,22,23,-8,-8,-42,-42,-73,-74,-96,-96,-113,-114,-139,-141,-162,-164,-184,-184,-211,-213,-237,-239,-250,-252,-262,-264,-279,-281,-284,-286,-290,-293,-299,-302,-302,-304,-307,-310,-308,-310,-312,-314,-318,-320,-314,-317,-301,-303,-275,-278,-253,-255,-235,-237,-214,-216,-202,-204,-180,-181,-140,-141,-90,-91,-47,-48,-12,-12,22,22,53,54,};
uint16_t dod2[636]={129,129,130,148,149,178,180,209,211,226,228,235,237,233,234,215,217,190,192,166,166,147,148,126,126,101,103,75,76,49,49,38,37,37,37,38,38,38,39,40,40,33,32,25,25,18,17,9,9,13,13,33,34,62,63,97,98,136,137,175,176,208,210,237,238,251,253,259,260,275,276,296,299,324,327,360,363,398,402,445,448,490,494,521,525,550,554,578,582,597,601,619,624,636,642,635,641,632,637,623,627,603,608,584,588,557,562,519,524,468,472,404,406,324,326,237,238,155,155,74,75,6,6,-58,-59,-131,-131,-201,-204,-276,-278,-352,-356,-416,-420,-469,-474,-524,-528,-577,-581,-620,-625,-663,-668,-693,-697,-709,-715,-722,-726,-721,-726,-701,-707,-676,-682,-648,-654,-614,-620,-576,-580,-529,-533,-485,-488,-441,-446,-398,-401,-359,-362,-329,-332,-293,-295,-263,-267,-243,-246,-228,-230,-210,-212,-192,-193,-170,-170,-154,-156,-138,-139,-116,-117,-95,-96,-71,-72,-40,-41,-15,-16,9,8,29,30,30,30,25,24,15,15,-11,-11,-41,-41,-71,-73,-112,-114,-160,-161,-208,-210,-261,-263,-321,-325,-382,-385,-432,-436,-484,-488,-533,-537,-579,-582,-621,-625,-668,-673,-712,-718,-753,-758,-788,-795,-815,-822,-835,-842,-848,-854,-857,-864,-854,-860,-836,-843,-812,-819,-778,-784,-733,-738,-679,-685,-623,-627,-559,-563,-490,-495,-423,-426,-358,-361,-285,-287,-215,-218,-154,-155,-88,-89,-21,-20,39,41,100,101,145,147,183,184,225,227,265,267,304,306,336,339,368,372,393,396,414,417,433,436,453,455,476,479,498,502,521,525,536,541,540,545,529,534,525,528,520,524,503,506,481,484,452,455,431,434,418,422,403,405,390,392,374,377,353,356,344,347,341,343,334,336,337,340,345,347,354,357,367,371,375,379,393,397,415,417,433,437,463,468,501,505,543,547,595,601,649,654,701,707,761,767,821,827,886,894,946,953,1002,1009,1055,1063,1104,1114,1147,1157,1181,1191,1211,1221,1250,1260,1287,1298,1316,1327,1343,1354,1364,1375,1375,1386,1372,1382,1359,1371,1341,1352,1299,1309,1236,1245,1171,1180,1088,1096,992,1000,905,912,814,821,713,720,608,613,498,502,389,392,282,284,176,177,79,80,-5,-6,-79,-79,-145,-145,-202,-203,-248,-250,-292,-295,-337,-340,-377,-381,-410,-413,-434,-438,-448,-452,-450,-454,-448,-453,-440,-443,-419,-422,-391,-395,-366,-369,-345,-347,-324,-326,-303,-305,-286,-288,-267,-270,-245,-248,-226,-228,-204,-206,-180,-181,-163,-164,-141,-142,-122,-123,-104,-104,-83,-84,-57,-57,-36,-37,-17,-17,3,4,17,18,25,25,35,35,33,33,20,20,3,3,-24,-25,-59,-59,-102,-104,-156,-158,-208,-210,-264,-265,-323,-325,-380,-383,-438,-442,-504,-508,-572,-577,-645,-650,-721,-727,-793,-800,-862,-869,-935,-942,-1005,-1014,-1072,-1081,-1137,-1146,-1195,-1205,-1239,-1249,-1272,-1283,-1287,-1297,-1280,-1290,-1264,-1274,-1233,-1244,-1194,-1204,-1152,-1161,-1101,-1110,-1045,-1054,-987,-996,-925,-933,-857,-864,-793,-800,-727,-732,-661,-666,-605,-610,-540,-545,-475,-479,-422,-426,-364,-367,-300,-303,-242,-244,-186,-188,-131,-132,-76,-77,-23,-23,32,32,80,80,117,118,156,156,194,196,228,229,};
uint16_t red2[566]={-1,-1,0,0,0,0,0,0,0,0,0,0,0,0,0,0,0,0,-1,0,0,0,0,0,0,-1,0,0,0,0,0,0,0,0,1,0,0,0,0,0,1,0,0,0,-1,0,0,0,-1,0,0,0,0,0,0,0,1,-1,0,-1,0,1,0,0,0,0,0,0,0,1,0,1,0,0,1,0,0,-1,1,0,0,-1,0,0,0,0,0,0,-1,0,0,0,0,0,-1,0,0,0,0,-1,-1,1,1,0,0,-1,0,-1,0,0,1,1,0,1,0,0,0,0,0,0,0,0,0,0,-1,-1,0,0,-1,0,0,0,0,1,0,0,-1,0,-1,0,0,0,0,0,0,-1,0,-1,0,0,0,1,1,-1,0,-1,-1,0,0,0,0,0,0,0,0,0,1,0,0,-1,0,1,0,0,-1,-1,0,0,-1,-1,0,0,0,-1,0,0,1,-1,0,0,0,0,0,1,-1,-1,0,0,0,0,1,-1,0,1,1,-1,0,1,0,-1,0,0,0,0,-1,-1,0,0,0,-1,0,0,0,0,0,0,0,-1,0,0,1,1,0,-1,0,0,0,0,-1,0,0,0,0,0,0,0,0,0,0,1,-1,0,-1,0,-1,1,0,1,0,-1,0,0,-1,0,0,0,0,0,0,0,1,0,0,0,0,0,0,0,1,0,0,0,0,1,0,1,0,0,0,0,0,-1,0,1,0,0,-1,0,0,-1,-1,0,0,0,0,0,0,0,0,0,0,0,0,0,0,0,0,0,0,0,0,0,1,1,0,1,0,1,0,0,0,0,0,0,1,0,0,0,0,0,1,0,0,1,0,0,0,0,1,0,0,0,0,1,0,0,0,0,-1,0,0,0,0,0,0,0,0,0,0,1,1,0,0,0,0,0,0,0,0,0,1,0,0,0,0,0,0,0,1,0,0,0,0,0,1,0,0,1,0,0,1,0,0,0,1,0,0,0,0,0,0,1,0,0,0,0,-1,0,0,0,0,0,0,0,0,0,0,0,1,0,0,0,1,0,0,0,1,1,0,0,0,0,0,0,-1,1,0,0,-1,0,0,-1,0,-1,0,0,0,0,0,0,-1,0,0,0,-1,0,1,1,0,1,0,-1,1,-1,0,0,-1,0,1,0,0,0,0,-1,0,0,0,0,-1,0,-1,0,0,0,0,0,0,0,0,0,0,-1,0,0,0,0,0,-1,0,0,0,0,0,0,0,0,0,0,0,1,0,0,0,0,0,0,0,0,1,1,0,0,-1,0,0,0,0,0,-1,0,0,0,1,-1,0,0,1,1,0,-1,0,0,0,-1,1,0,0,0,1,0,-1,0,-1,0,0,0,0,};
uint16_t sol2[449]={-1,-1,24,24,51,51,76,75,98,99,120,121,141,141,157,158,175,176,193,195,214,216,233,235,255,256,277,280,300,303,325,327,351,354,379,382,408,411,436,440,459,462,482,486,505,510,524,529,541,546,555,559,562,567,569,573,573,576,572,577,567,573,564,570,556,561,545,550,534,538,522,525,506,510,491,496,477,482,462,466,441,445,419,422,399,400,377,379,354,356,332,336,312,315,291,293,268,270,242,244,218,219,191,193,163,164,135,136,102,104,68,68,32,33,-6,-5,-44,-45,-87,-88,-130,-131,-171,-171,-214,-216,-259,-261,-305,-308,-349,-353,-390,-394,-430,-433,-468,-472,-501,-505,-530,-534,-559,-562,-584,-589,-608,-614,-632,-638,-657,-662,-680,-686,-702,-708,-721,-728,-740,-746,-759,-765,-776,-782,-791,-798,-807,-813,-819,-827,-832,-839,-843,-849,-853,-860,-861,-869,-868,-874,-874,-880,-876,-883,-874,-881,-871,-879,-868,-876,-857,-864,-842,-849,-823,-830,-802,-809,-778,-784,-751,-756,-719,-725,-684,-689,-647,-652,-607,-612,-566,-570,-522,-526,-477,-480,-430,-434,-380,-383,-331,-334,-288,-289,-242,-244,-195,-196,-148,-149,-110,-110,-73,-74,-35,-37,4,4,45,45,84,85,123,125,161,163,201,202,237,239,275,277,315,319,357,359,396,399,437,439,478,481,519,523,561,566,601,605,640,646,675,680,710,716,739,746,767,772,790,795,805,812,819,825,830,836,832,838,831,836,826,832,822,828,818,824,810,816,802,808,792,800,785,793,779,785,769,776,759,765,745,752,731,738,712,718,693,697,671,676,645,650,614,619,584,589,552,557,520,524,486,489,446,450,406,410,367,369,324,327,277,280,224,224,176,177,133,135,86,86,40,41,-5,-5,-52,-53,-94,-95,-130,-133,-162,-163,-195,-196,-229,-231,-257,-259,-280,-283,-303,-305,-322,-325,-337,-340,-351,-354,-366,-368,-376,-379,-386,-389,-401,-404,-411,-415,-417,-421,-427,-431,-445,-448,-459,-462,-472,-475,-484,-488,-499,-502,-513,-518,-526,-530,-539,-541,-550,-555,-555,-560,-552,-556,-551,-555,-550,-554,-540,-544,-525,-529,-509,-513,-486,-490,-455,-458,-422,-424,-394,-397,-361,-365,-324,-326,-287,-290,-252,-253,-213,-215,-174,-176,-138,-138,-101,-102,-64,-66,};
uint16_t lad2[378]={-61,-61,-61,-41,-42,-27,-27,-12,-11,8,8,25,24,37,38,50,50,56,55,60,60,73,73,95,96,114,114,130,131,144,145,155,157,167,168,172,174,175,176,178,179,186,186,200,202,211,212,215,218,219,220,222,225,223,224,218,220,215,216,212,215,208,211,203,204,197,199,189,192,184,185,175,177,165,166,157,159,156,157,151,152,137,138,119,119,99,100,82,81,67,69,60,61,60,60,55,55,35,35,12,12,-4,-4,-16,-17,-18,-17,-15,-16,-16,-16,-19,-20,-34,-36,-54,-53,-74,-75,-96,-97,-104,-104,-94,-95,-96,-98,-110,-110,-121,-122,-134,-134,-152,-154,-169,-169,-172,-174,-167,-168,-163,-164,-171,-172,-179,-181,-190,-192,-203,-205,-214,-217,-218,-219,-211,-212,-199,-201,-185,-187,-179,-180,-184,-185,-183,-185,-171,-174,-162,-163,-155,-157,-139,-140,-118,-119,-109,-111,-99,-100,-80,-81,-58,-58,-44,-44,-29,-30,-3,-3,26,25,31,31,44,44,62,62,65,66,79,80,88,89,105,107,130,131,140,142,157,158,164,165,162,164,174,175,188,189,195,195,201,202,207,207,214,216,227,230,233,233,234,236,234,235,233,234,230,232,226,228,226,227,227,229,233,235,233,235,227,230,217,219,207,208,199,199,184,186,168,169,155,156,136,138,117,119,104,105,91,92,68,69,41,41,21,22,10,9,-5,-6,-33,-33,-59,-60,-80,-81,-98,-99,-112,-113,-115,-116,-112,-113,-124,-125,-156,-157,-190,-191,-213,-215,-228,-230,-230,-233,-227,-228,-226,-228,-233,-235,-241,-243,-263,-263,-287,-290,-301,-303,-307,-310,-311,-314,-311,-315,-305,-307,-298,-301,-307,-309,-331,-334,-353,-357,-356,-358,-348,-349,-333,-335,-312,-315,-290,-293,-285,-288,-292,-294,-295,-298,-295,-298,-289,-290,-262,-264,-230,-231,-198,-201,-173,-174,-154,-156,-133,-133,-109,-111,-87,-87,-57,-57,-25,-24,};
uint16_t re3[300]={74,74,73,109,110,145,147,180,182,204,205,231,233,259,260,288,290,310,313,327,329,338,342,346,349,357,360,359,361,365,368,371,375,379,382,380,383,373,376,376,379,377,381,371,373,358,360,348,351,348,351,343,347,332,335,320,322,312,314,296,298,273,275,253,255,235,237,213,215,186,187,158,159,133,134,112,113,86,85,56,56,25,25,-7,-7,-34,-34,-55,-55,-75,-75,-102,-102,-122,-123,-144,-146,-166,-168,-176,-178,-187,-188,-189,-189,-185,-187,-184,-186,-184,-185,-190,-193,-198,-200,-207,-208,-214,-215,-208,-209,-207,-209,-205,-207,-203,-204,-195,-196,-176,-178,-149,-150,-114,-115,-78,-79,-45,-46,-7,-8,22,22,55,57,91,91,124,125,155,157,178,180,188,190,199,201,212,213,212,215,212,214,212,214,210,211,204,207,203,204,196,198,193,195,192,194,191,194,188,188,188,189,188,189,188,190,204,205,206,208,212,213,216,218,218,219,210,212,206,208,199,201,190,191,177,178,154,155,124,125,82,82,42,41,-13,-14,-71,-72,-127,-128,-182,-183,-235,-236,-281,-283,-328,-330,-380,-385,-430,-433,-478,-482,-526,-530,-572,-577,-617,-621,-658,-662,-693,-698,-726,-732,-751,-758,-773,-779,-791,-798,-802,-808,-804,-811,-804,-812,-807,-812,-803,-810,-796,-803,-789,-795,-783,-790,-757,-763,-723,-729,-692,-696,-652,-658,-604,-608,-549,-554,-488,-493,-423,-426,-362,-365,-304,-306,-241,-243,-170,-171,-94,-95,-7,-8,73,73,148,149,};
uint16_t red3[283]={0,0,25,25,55,55,86,86,116,116,145,145,172,173,199,201,227,229,249,251,269,270,285,287,293,296,299,301,304,305,308,309,309,312,310,313,307,310,298,300,285,286,272,274,263,266,254,257,246,247,232,234,219,221,210,212,195,198,175,176,153,154,130,131,112,113,96,97,74,75,51,52,28,28,6,6,-12,-12,-31,-31,-54,-55,-82,-82,-106,-108,-132,-133,-155,-157,-177,-178,-195,-196,-213,-215,-227,-230,-235,-237,-235,-238,-229,-231,-216,-218,-200,-201,-183,-184,-163,-165,-144,-145,-124,-125,-106,-108,-89,-91,-68,-69,-44,-43,-18,-19,4,4,22,22,35,35,52,51,66,67,79,79,96,97,114,114,127,128,144,146,168,170,194,194,221,222,245,246,264,266,281,284,294,297,302,306,309,312,317,320,322,325,323,326,320,322,312,315,302,304,286,289,268,271,251,253,232,234,212,214,194,195,176,177,160,161,142,142,115,116,92,92,74,74,53,54,30,29,-3,-3,-42,-42,-78,-79,-107,-110,-134,-134,-154,-156,-181,-182,-212,-215,-247,-250,-288,-290,-330,-332,-368,-370,-400,-403,-436,-439,-473,-476,-506,-510,-530,-535,-544,-548,-549,-553,-549,-553,-545,-548,-535,-539,-518,-523,-494,-497,-462,-466,-433,-436,-408,-411,-385,-389,-357,-359,-327,-329,-295,-297,-268,-270,-246,-248,-221,-223,-195,-195,-167,-168,-139,-141,-113,-114,-87,-88,-55,-56,};
uint16_t sol3[225]={26,26,38,37,45,45,51,51,53,53,52,52,50,49,47,48,48,49,48,48,50,49,55,56,61,62,69,70,79,81,92,93,105,106,119,119,130,132,142,142,152,153,159,160,163,164,165,166,165,167,164,166,159,160,154,155,150,151,142,144,134,134,127,130,123,124,122,122,125,126,128,129,129,130,129,129,129,129,130,132,129,131,124,126,123,125,125,126,123,125,120,121,116,117,112,112,109,110,105,106,101,102,98,99,95,96,92,92,87,87,83,84,78,78,71,72,62,63,55,56,41,40,20,20,5,4,-12,-12,-26,-26,-36,-37,-49,-48,-59,-59,-74,-75,-91,-91,-105,-106,-121,-121,-135,-136,-148,-150,-161,-162,-173,-173,-176,-177,-174,-175,-173,-174,-174,-176,-185,-186,-190,-192,-192,-194,-195,-196,-197,-198,-196,-199,-200,-201,-206,-207,-219,-220,-233,-235,-246,-247,-258,-261,-270,-272,-279,-282,-289,-290,-291,-293,-289,-290,-284,-286,-278,-281,-275,-277,-269,-271,-255,-256,-234,-236,-197,-200,-154,-156,-116,-116,-75,-76,-41,-41,-11,-11,19,20,45,45,65,66,82,84,};
uint16_t lad3[189]={28,28,44,45,58,58,75,75,92,93,107,108,120,121,134,135,148,149,162,163,174,175,184,186,195,198,204,206,210,211,217,220,226,228,231,233,236,237,236,238,233,235,229,230,222,224,216,217,206,208,198,199,190,191,182,183,174,175,165,167,155,157,140,140,124,125,113,114,105,106,98,99,91,92,79,79,65,65,51,52,38,38,26,26,13,13,2,3,-6,-6,-17,-17,-28,-28,-37,-37,-42,-43,-49,-49,-55,-54,-59,-58,-58,-59,-63,-64,-69,-70,-74,-75,-81,-82,-89,-89,-95,-96,-98,-98,-101,-101,-105,-107,-113,-113,-117,-118,-121,-123,-128,-128,-135,-135,-143,-145,-150,-151,-156,-158,-163,-165,-169,-170,-177,-179,-188,-188,-199,-200,-206,-208,-207,-208,-202,-204,-198,-200,-198,-199,-196,-198,-194,-194,-190,-192,-183,-186,-173,-174,-163,-164,-155,-156,-146,-147,-138,-139,-128,-129,-112,-112,-92,-91,-73,-73,-51,-51,-30,-30,};
uint16_t fad1B[953]={30,30,55,56,81,80,104,105,126,128,153,154,177,178,199,201,222,224,247,248,266,269,288,290,312,315,342,345,375,378,410,414,447,451,481,486,516,520,557,562,597,603,639,644,679,684,717,723,750,757,781,787,811,817,841,847,864,871,878,886,890,898,903,910,911,918,917,925,920,927,912,920,896,903,873,880,848,855,820,827,793,800,763,769,733,739,704,709,672,677,640,644,607,611,572,577,537,541,504,509,475,479,449,453,424,427,405,408,391,394,374,377,362,364,351,353,338,340,329,332,320,322,315,316,304,306,292,294,278,280,261,262,246,247,230,232,217,219,200,201,172,173,145,146,119,120,88,89,56,57,24,24,-7,-8,-41,-40,-71,-72,-98,-99,-127,-128,-160,-162,-191,-193,-225,-227,-262,-264,-305,-307,-349,-351,-388,-391,-433,-437,-475,-479,-515,-517,-554,-558,-594,-600,-633,-639,-669,-675,-706,-712,-741,-747,-767,-773,-787,-794,-807,-814,-825,-831,-837,-844,-846,-853,-852,-858,-852,-859,-842,-849,-823,-831,-799,-805,-766,-773,-734,-741,-702,-707,-666,-671,-633,-638,-597,-601,-559,-564,-522,-526,-488,-491,-458,-461,-433,-436,-404,-408,-375,-378,-352,-355,-338,-340,-325,-327,-313,-316,-300,-303,-290,-292,-279,-282,-268,-271,-260,-262,-254,-256,-249,-252,-240,-241,-226,-228,-212,-214,-197,-199,-181,-183,-163,-165,-149,-149,-128,-129,-102,-102,-80,-81,-54,-54,-27,-28,-1,-1,27,27,59,60,91,91,117,119,144,145,171,172,196,198,227,228,259,261,290,292,321,323,354,358,390,393,428,430,461,465,496,501,535,538,569,573,600,604,629,634,658,663,687,692,708,714,728,735,744,751,755,761,761,768,763,770,762,768,756,762,746,752,730,735,712,717,693,698,665,670,631,636,598,601,560,565,520,525,480,484,434,437,386,389,336,338,284,287,236,237,188,189,142,142,103,104,66,66,25,26,-10,-10,-38,-38,-60,-61,-83,-84,-103,-104,-118,-119,-128,-128,-136,-138,-142,-143,-142,-143,-138,-139,-134,-135,-136,-137,-127,-128,-118,-118,-113,-114,-107,-108,-99,-100,-88,-89,-85,-85,-80,-80,-70,-70,-66,-66,-65,-66,-63,-63,-60,-60,-60,-61,-58,-58,-62,-62,-65,-66,-67,-69,-74,-75,-77,-78,-84,-85,-90,-91,-95,-96,-100,-101,-106,-106,-110,-111,-114,-116,-117,-118,-126,-128,-128,-128,-122,-124,-116,-117,-103,-103,-89,-91,-71,-72,-48,-49,-25,-25,9,9,41,42,81,81,130,131,179,180,231,232,292,294,356,358,421,424,486,489,550,553,614,619,676,681,737,744,796,801,851,857,905,912,956,964,1007,1015,1056,1064,1102,1111,1140,1150,1173,1183,1205,1215,1230,1241,1253,1263,1274,1284,1288,1299,1302,1312,1313,1323,1319,1330,1322,1331,1316,1326,1308,1319,1295,1305,1274,1285,1250,1259,1224,1235,1193,1202,1158,1167,1121,1131,1080,1088,1038,1047,992,1000,944,950,893,899,841,848,788,794,734,740,685,690,633,638,580,585,526,531,469,474,418,420,367,369,313,315,263,266,218,220,175,177,139,139,104,106,72,72,40,40,10,9,-22,-22,-50,-51,-78,-79,-104,-105,-130,-131,-156,-156,-181,-182,-214,-215,-243,-246,-278,-278,-318,-320,-360,-364,-407,-409,-448,-451,-493,-496,-537,-540,-582,-586,-627,-633,-673,-678,-711,-716,-749,-755,-787,-795,-828,-835,-865,-872,-898,-905,-931,-938,-963,-971,-996,-1004,-1016,-1025,-1041,-1048,-1059,-1067,-1079,-1087,-1099,-1106,-1108,-1117,-1116,-1124,-1123,-1132,-1132,-1142,-1141,-1149,-1152,-1162,-1160,-1169,-1164,-1173,-1165,-1174,-1166,-1175,-1159,-1168,-1153,-1163,-1148,-1158,-1139,-1148,-1131,-1139,-1125,-1135,-1116,-1125,-1097,-1106,-1078,-1086,-1054,-1062,-1032,-1041,-1004,-1012,-964,-973,-926,-933,-888,-895,-847,-854,-811,-816,-772,-777,-726,-732,-682,-686,-634,-639,-587,-591,-539,-543,-498,-503,-453,-456,-404,-407,-365,-369,-329,-331,-299,-301,-266,-269,-234,-237,-212,-214,-192,-193,-169,-171,-150,-151,-133,-133,-117,-117,-104,-105,-87,-88,-60,-61,-30,-30,-3,-3,33,33,68,68,94,96,125,126,156,157,184,186,208,209,234,236,253,255,279,281,311,313,326,330,340,343,348,350,342,345,338,341,339,342,338,340,337,340,332,334,320,323,305,308,280,283,251,253,214,216,173,174,131,132,93,93,45,45,-6,-7,-62,-63,-120,-120,-181,-181,-248,-250,-309,-312,-372,-374,-423,-427,-465,-470,-503,-508,-537,-542,-569,-574,-601,-606,-635,-640,-666,-671,-695,-702,-719,-724,-737,-744,-754,-759,-766,-772,-776,-782,-787,-794,-804,-811,-816,-823,-840,-847,-865,-871,-888,-895,-904,-911,-916,-923,-921,-929,-921,-928,-924,-931,-933,-939,-948,-956,-962,-970,-967,-974,-958,-965,-942,-950,-917,-924,-886,-893,-848,-856,-812,-819,-768,-774,-719,-726,-671,-677,-614,-620,-560,-565,-498,-501,-435,-438,-372,-375,-306,-309,-251,-253,-202,-204,};
uint16_t la1B[801]={431,431,483,487,532,536,580,584,620,625,653,659,684,690,707,713,721,727,715,720,689,695,650,654,591,595,519,522,437,441,336,339,227,230,120,121,13,14,-88,-90,-189,-192,-280,-283,-360,-364,-426,-429,-473,-476,-501,-505,-508,-512,-493,-497,-467,-470,-428,-431,-372,-376,-309,-311,-235,-238,-157,-158,-78,-79,3,3,87,88,174,175,263,265,347,350,432,435,510,514,583,588,655,660,721,727,782,789,837,843,879,886,915,922,942,949,961,968,970,979,962,971,940,947,909,916,869,875,827,834,781,787,728,734,677,682,619,624,555,559,493,497,432,436,369,371,310,311,252,254,197,199,135,137,77,77,27,27,-17,-18,-60,-59,-93,-94,-116,-116,-128,-129,-132,-134,-125,-126,-108,-109,-83,-84,-52,-51,-9,-8,49,50,114,115,185,186,255,257,319,322,376,380,425,428,462,466,482,487,490,494,490,493,484,488,479,482,478,482,481,484,488,492,505,508,524,529,538,543,540,544,534,539,522,525,495,499,458,463,419,421,373,375,322,323,264,266,195,196,119,120,46,46,-25,-25,-86,-87,-133,-136,-172,-174,-206,-208,-231,-233,-249,-251,-262,-264,-276,-279,-289,-292,-313,-315,-339,-341,-355,-358,-370,-373,-380,-383,-385,-388,-386,-390,-383,-385,-373,-376,-364,-366,-358,-360,-347,-351,-333,-336,-328,-330,-325,-327,-322,-323,-313,-316,-304,-307,-286,-288,-261,-262,-240,-242,-221,-224,-205,-207,-196,-197,-191,-194,-198,-199,-208,-210,-222,-224,-241,-242,-266,-267,-290,-293,-321,-324,-351,-354,-383,-387,-420,-424,-454,-457,-491,-495,-531,-536,-568,-572,-607,-612,-644,-650,-680,-685,-719,-723,-757,-763,-794,-800,-831,-838,-872,-879,-915,-923,-962,-969,-1011,-1019,-1054,-1062,-1091,-1102,-1126,-1136,-1165,-1173,-1194,-1203,-1220,-1229,-1256,-1267,-1285,-1296,-1308,-1320,-1328,-1338,-1344,-1354,-1350,-1361,-1342,-1353,-1323,-1333,-1287,-1298,-1222,-1232,-1124,-1134,-988,-996,-806,-812,-605,-610,-406,-408,-210,-212,-23,-22,155,156,321,325,473,477,595,600,689,695,767,774,830,836,873,880,917,924,957,965,985,992,1009,1017,1029,1038,1041,1050,1037,1046,1013,1021,961,968,875,882,759,766,625,630,475,478,318,320,163,164,13,12,-139,-139,-284,-287,-412,-416,-528,-531,-621,-625,-690,-695,-729,-735,-740,-745,-723,-728,-672,-677,-598,-602,-505,-509,-401,-405,-301,-304,-197,-199,-87,-88,23,24,134,135,250,252,370,374,486,490,600,604,709,714,813,820,900,906,981,989,1056,1064,1116,1125,1172,1182,1221,1231,1265,1274,1291,1302,1294,1305,1287,1298,1260,1270,1215,1225,1167,1176,1106,1115,1038,1045,968,975,898,906,828,835,753,759,676,682,601,605,515,519,431,435,353,357,273,275,203,205,131,133,54,55,-20,-20,-85,-87,-143,-143,-189,-190,-219,-221,-237,-239,-245,-247,-240,-243,-226,-228,-206,-208,-171,-173,-118,-119,-46,-46,49,49,160,161,273,275,376,378,462,464,532,538,591,597,632,637,652,658,659,664,653,659,645,651,654,659,668,674,685,691,713,719,749,754,782,788,813,819,838,845,850,855,834,841,804,810,759,765,686,692,597,602,497,502,386,390,272,274,159,160,58,58,-34,-35,-116,-115,-178,-179,-226,-228,-264,-266,-296,-297,-331,-334,-362,-366,-388,-391,-407,-409,-422,-426,-435,-438,-442,-446,-442,-445,-448,-452,-457,-460,-462,-464,-457,-461,-442,-445,-425,-428,-407,-410,-392,-396,-376,-379,-349,-352,-311,-314,-263,-266,-211,-212,-154,-156,-92,-93,-29,-29,32,32,75,75,101,101,105,106,88,88,61,62,34,34,-3,-3,-47,-48,-94,-95,-141,-141,-186,-188,-230,-233,-271,-273,-319,-322,-372,-375,-424,-428,-478,-482,-534,-538,-593,-597,-659,-664,-732,-739,-808,-815,-882,-889,-962,-969,-1043,-1051,-1119,-1129,-1191,-1201,-1259,-1268,-1320,-1331,-1382,-1393,-1448,-1460,-1510,-1523,-1567,-1578,-1608,-1621,-1644,-1657,-1676,-1688,-1696,-1709,-1707,-1720,-1714,-1727,-1715,-1729,-1707,-1720,-1682,-1695,-1628,-1641,-1531,-1544,-1383,-1394,-1174,-1184,-925,-932,-664,-669,-404,-407,-144,-146,107,108,344,346,557,562,738,742,};
uint16_t do2B[674]={64,64,65,79,80,97,98,115,115,131,131,148,149,167,169,184,186,201,202,215,217,226,227,236,236,246,247,255,256,262,264,267,270,272,274,276,277,280,282,284,286,286,288,287,288,287,290,287,290,287,290,291,294,294,296,298,301,300,302,298,301,296,299,296,298,295,298,297,299,296,300,293,295,291,294,286,289,282,285,279,281,273,276,268,270,266,267,263,265,260,262,258,259,255,257,255,256,253,255,250,252,246,248,244,246,243,246,243,245,241,242,237,238,230,231,224,226,219,221,212,213,203,204,195,196,186,189,181,182,175,177,165,166,152,154,140,141,128,128,112,114,102,103,91,91,79,80,67,68,54,55,40,40,23,24,9,9,-6,-6,-22,-23,-37,-38,-50,-50,-62,-63,-76,-76,-89,-90,-104,-106,-120,-121,-135,-136,-154,-155,-171,-173,-188,-189,-202,-204,-215,-217,-226,-229,-238,-241,-251,-253,-265,-268,-277,-280,-288,-290,-298,-301,-305,-309,-309,-312,-313,-316,-319,-320,-326,-328,-332,-334,-339,-341,-348,-350,-358,-361,-368,-372,-377,-380,-383,-385,-388,-391,-395,-397,-401,-404,-405,-408,-405,-408,-404,-408,-408,-410,-412,-415,-419,-422,-426,-428,-423,-428,-423,-426,-422,-425,-421,-425,-421,-424,-423,-427,-420,-424,-420,-424,-419,-422,-415,-418,-407,-410,-400,-404,-394,-397,-387,-391,-380,-383,-370,-373,-360,-363,-345,-347,-330,-333,-320,-322,-301,-304,-279,-282,-256,-257,-232,-234,-208,-210,-186,-187,-166,-166,-145,-145,-123,-125,-98,-98,-72,-74,-47,-47,-18,-19,12,13,43,44,72,73,102,103,131,131,157,159,184,185,209,211,235,237,260,262,282,284,305,307,329,331,351,353,368,370,389,392,412,415,430,433,448,451,466,470,483,486,496,501,510,513,516,522,523,527,529,533,531,536,535,539,536,539,535,539,534,538,531,534,524,529,518,523,508,513,498,503,490,494,480,485,468,471,455,459,448,451,444,447,436,439,426,428,417,420,406,410,399,402,393,396,384,387,373,375,361,364,351,354,344,347,337,340,329,333,321,324,315,318,314,317,310,312,306,307,306,309,307,310,311,313,315,318,319,322,319,322,312,315,305,308,299,300,298,300,295,297,294,296,287,289,277,279,270,272,265,268,258,258,245,247,232,233,215,217,198,200,182,184,163,164,141,142,120,121,104,105,93,93,81,81,66,67,47,47,25,26,8,7,-11,-11,-29,-29,-43,-44,-60,-60,-83,-85,-108,-108,-129,-129,-151,-151,-176,-176,-196,-197,-217,-218,-234,-236,-248,-250,-261,-264,-278,-280,-291,-293,-308,-312,-326,-329,-339,-342,-351,-354,-364,-367,-371,-375,-377,-380,-385,-388,-393,-397,-403,-407,-413,-417,-431,-434,-447,-451,-455,-460,-467,-472,-478,-482,-483,-488,-492,-495,-503,-507,-521,-525,-545,-550,-570,-574,-596,-601,-618,-624,-628,-633,-640,-645,-650,-655,-654,-660,-666,-671,-680,-686,-695,-702,-708,-714,-715,-720,-719,-725,-723,-729,-721,-728,-719,-726,-721,-728,-721,-726,-724,-729,-731,-736,-737,-743,-736,-741,-730,-737,-714,-719,-690,-695,-666,-671,-645,-650,-622,-628,-600,-603,-579,-582,-557,-561,-529,-532,-494,-497,-456,-461,-417,-421,-377,-380,-337,-340,-297,-299,-256,-259,-218,-220,-176,-177,-136,-136,-94,-95,-50,-49,-5,-6,34,34,70,70,106,107,146,147,183,183,221,224,265,267,303,306,};
uint16_t mi2B[535]={111,111,167,169,226,229,284,286,342,344,397,399,449,452,500,504,547,552,590,595,628,634,665,670,694,699,721,726,743,749,763,770,778,784,788,795,801,807,811,816,822,827,832,838,842,847,851,856,854,860,857,864,861,869,863,870,863,869,863,869,860,866,854,861,848,855,838,845,820,827,800,806,777,783,748,754,714,719,676,682,638,644,601,605,562,567,529,532,496,500,464,469,432,436,400,402,369,372,342,345,320,323,302,305,286,288,275,278,265,267,252,253,236,237,222,222,204,207,184,186,162,163,137,138,106,108,73,73,34,34,-7,-8,-52,-52,-102,-102,-150,-152,-203,-205,-256,-258,-309,-311,-360,-363,-409,-412,-458,-462,-505,-508,-548,-552,-586,-592,-621,-625,-651,-655,-679,-684,-701,-707,-721,-728,-739,-745,-753,-759,-765,-771,-776,-781,-781,-787,-784,-790,-788,-794,-787,-793,-783,-790,-781,-787,-780,-786,-772,-779,-767,-773,-761,-767,-747,-753,-730,-736,-708,-714,-680,-686,-652,-658,-623,-628,-595,-600,-565,-570,-532,-537,-499,-503,-460,-464,-417,-421,-376,-379,-336,-338,-297,-298,-258,-259,-224,-225,-196,-197,-162,-163,-128,-130,-99,-99,-69,-69,-39,-40,-14,-15,9,9,33,34,55,56,79,80,106,107,137,138,170,171,204,205,239,241,276,278,311,314,349,351,389,392,430,434,471,476,515,519,555,559,594,599,630,635,663,669,694,699,723,728,750,755,774,779,792,798,809,815,825,831,833,840,838,845,843,850,847,854,853,860,861,867,869,876,880,887,888,896,897,904,904,911,911,917,916,924,921,928,921,929,919,926,912,920,904,911,890,897,870,878,847,852,819,826,784,791,743,749,701,708,657,662,608,614,556,562,507,512,455,459,404,407,356,359,310,312,265,268,222,225,183,184,144,145,108,108,77,77,46,47,15,14,-14,-13,-40,-41,-69,-69,-98,-100,-132,-133,-166,-167,-207,-208,-252,-255,-296,-298,-336,-340,-381,-386,-430,-434,-481,-486,-533,-537,-586,-591,-636,-642,-686,-691,-735,-741,-781,-787,-828,-835,-874,-881,-909,-916,-942,-950,-973,-980,-999,-1007,-1027,-1035,-1056,-1064,-1083,-1092,-1108,-1116,-1134,-1142,-1158,-1167,-1177,-1187,-1195,-1205,-1213,-1223,-1228,-1237,-1245,-1256,-1264,-1274,-1282,-1292,-1295,-1305,-1299,-1309,-1300,-1312,-1297,-1306,-1284,-1294,-1266,-1276,-1246,-1257,-1223,-1232,-1191,-1200,-1153,-1162,-1112,-1121,-1067,-1077,-1016,-1025,-968,-975,-922,-929,-874,-882,-834,-842,-802,-809,-767,-773,-731,-736,-696,-702,-665,-671,-640,-644,-617,-622,-603,-607,-592,-597,-579,-584,-557,-560,-524,-528,-483,-487,-435,-438,-381,-384,-320,-323,-252,-255,-182,-182,-104,-105,-23,-22,65,65,156,157,254,256,351,354,};
uint16_t fad2B[476]={-64,-64,-64,-44,-45,-24,-23,-5,-5,9,10,26,25,42,43,57,58,76,76,94,94,108,109,120,122,133,134,146,148,159,159,170,171,180,183,193,194,202,203,215,217,229,230,233,234,238,240,246,248,253,256,260,262,269,272,277,279,282,284,289,290,295,298,299,302,304,307,310,314,313,315,315,316,314,318,314,315,311,313,309,312,308,311,307,309,306,308,304,307,303,306,303,305,302,305,300,303,298,299,288,290,276,279,269,271,261,263,250,252,241,243,236,238,223,224,208,209,196,196,181,182,169,171,157,159,144,145,130,131,114,115,99,100,83,83,67,67,50,50,29,30,12,12,-1,-1,-15,-16,-31,-31,-49,-49,-64,-65,-81,-81,-101,-103,-122,-122,-139,-140,-153,-154,-169,-170,-189,-189,-205,-206,-220,-222,-234,-236,-242,-243,-247,-248,-254,-256,-263,-265,-271,-273,-279,-281,-286,-289,-291,-292,-294,-296,-295,-298,-294,-296,-294,-296,-295,-298,-295,-297,-295,-298,-297,-299,-294,-297,-290,-292,-285,-288,-280,-282,-271,-272,-259,-261,-248,-250,-236,-238,-224,-226,-209,-211,-195,-197,-184,-185,-173,-173,-158,-159,-141,-142,-122,-123,-104,-105,-91,-92,-80,-81,-64,-65,-46,-47,-29,-30,-12,-11,3,3,17,17,31,31,45,45,61,61,79,79,93,95,107,107,117,117,125,125,135,136,146,148,157,159,164,166,169,171,178,179,186,186,193,195,199,201,204,206,206,208,209,211,213,215,220,222,227,228,232,233,236,238,240,241,241,242,241,244,246,247,251,252,253,257,257,259,261,263,263,265,265,267,266,269,268,270,268,270,264,265,259,262,254,257,250,251,248,250,247,248,244,247,243,244,240,242,235,237,229,231,222,223,211,212,199,201,185,188,174,174,160,160,141,143,128,128,111,111,91,92,73,75,56,58,37,38,18,17,-4,-4,-29,-31,-56,-57,-88,-89,-121,-122,-152,-155,-184,-185,-215,-217,-246,-248,-281,-282,-316,-318,-350,-353,-382,-385,-408,-411,-438,-440,-467,-471,-495,-498,-519,-524,-547,-550,-572,-576,-592,-596,-613,-618,-630,-635,-641,-647,-650,-655,-656,-662,-658,-664,-655,-660,-653,-658,-650,-654,-638,-644,-628,-633,-616,-621,-601,-606,-586,-590,-570,-575,-548,-552,-526,-531,-505,-510,-480,-484,-453,-455,-425,-429,-401,-403,-374,-376,-342,-346,-312,-315,-282,-284,-249,-251,};
uint16_t do3B[337]={91,91,206,206,348,350,505,509,655,662,769,776,847,853,917,924,979,988,1004,1013,999,1007,970,978,925,932,876,883,827,834,795,801,794,800,799,805,774,780,704,709,612,618,555,560,547,551,553,559,551,554,529,534,493,496,441,444,371,374,287,289,220,221,200,202,214,217,212,214,193,194,163,164,117,119,80,81,63,62,59,59,52,53,21,22,-30,-31,-88,-88,-144,-145,-184,-185,-210,-211,-248,-250,-293,-295,-340,-344,-382,-385,-408,-411,-439,-442,-490,-494,-538,-543,-584,-590,-641,-646,-682,-688,-710,-716,-750,-756,-823,-829,-908,-914,-977,-985,-1010,-1018,-1005,-1013,-965,-973,-887,-894,-791,-797,-718,-723,-671,-677,-630,-635,-586,-590,-528,-532,-467,-471,-402,-406,-313,-316,-205,-206,-108,-109,-52,-52,-36,-35,-22,-23,31,30,133,134,259,261,390,393,515,519,618,623,719,724,844,851,972,981,1080,1090,1159,1168,1203,1212,1222,1231,1232,1241,1249,1260,1273,1284,1283,1294,1263,1273,1210,1220,1159,1169,1154,1164,1183,1193,1207,1216,1229,1240,1266,1276,1306,1315,1318,1329,1281,1291,1230,1240,1189,1198,1132,1141,1056,1064,965,973,876,883,798,805,733,739,652,657,548,552,435,438,321,323,214,216,131,131,63,64,-20,-20,-130,-132,-254,-256,-371,-374,-478,-482,-571,-576,-653,-660,-735,-741,-828,-835,-936,-944,-1053,-1061,-1168,-1177,-1279,-1289,-1404,-1415,-1514,-1526,-1572,-1584,-1574,-1585,-1559,-1570,-1578,-1591,-1639,-1653,-1721,-1734,-1792,-1807,-1832,-1846,-1828,-1842,-1789,-1802,-1701,-1715,-1578,-1590,-1466,-1478,-1399,-1409,-1369,-1379,-1346,-1357,-1315,-1326,-1263,-1274,-1191,-1199,-1105,-1113,-1006,-1014,-897,-903,-781,-789,-694,-699,-653,-659,-631,-635,-597,-602,-531,-535,-407,-410,-221,-222,};
uint16_t mi3B[267]={55,55,63,64,69,70,70,70,69,70,75,76,79,80,80,80,84,84,91,91,99,100,109,110,121,121,135,137,154,155,173,174,190,192,211,213,239,240,265,267,289,292,317,319,344,346,363,367,380,383,395,397,406,409,421,425,437,442,449,453,458,463,468,471,474,477,476,478,472,476,470,474,467,471,459,463,454,458,451,455,447,451,440,442,428,432,412,415,393,396,372,375,351,354,330,332,310,312,283,285,252,255,227,229,199,201,166,167,137,138,109,110,82,83,55,55,25,25,-4,-4,-32,-32,-62,-61,-92,-92,-120,-121,-140,-141,-158,-160,-181,-182,-202,-203,-220,-221,-238,-240,-253,-255,-267,-269,-282,-285,-301,-304,-322,-325,-342,-345,-355,-358,-361,-364,-377,-381,-400,-403,-423,-426,-450,-454,-474,-477,-482,-486,-483,-486,-493,-497,-509,-513,-517,-520,-518,-521,-519,-523,-512,-517,-492,-497,-473,-476,-456,-461,-449,-452,-439,-444,-418,-422,-395,-398,-384,-388,-374,-377,-358,-361,-351,-353,-341,-344,-323,-326,-309,-311,-301,-303,-296,-297,-294,-297,-289,-292,-277,-280,-256,-259,-230,-233,-205,-207,-178,-179,-150,-151,-123,-125,-95,-95,-63,-64,-29,-29,10,11,56,56,97,98,129,130,161,161,193,195,224,226,246,248,257,260,257,258,248,249,236,238,219,221,198,199,182,183,};
uint16_t fad3B[238]={22,22,22,45,45,66,66,84,86,101,102,119,120,135,135,146,146,153,155,161,163,169,171,170,171,175,176,178,180,179,180,178,179,182,184,184,186,182,182,178,180,175,176,171,173,161,161,152,154,145,147,132,134,120,120,105,107,88,89,74,75,60,61,47,47,36,37,26,28,19,18,8,7,1,1,-2,-1,0,0,1,1,6,6,14,13,23,22,31,30,37,38,48,48,52,53,55,56,66,66,77,78,84,86,95,97,108,108,116,118,127,128,137,139,149,150,153,155,166,167,177,179,184,185,188,189,188,189,183,184,179,180,174,176,170,172,165,166,160,162,154,156,142,144,130,131,115,116,97,98,82,82,65,66,48,48,28,29,5,5,-18,-18,-41,-41,-63,-64,-85,-86,-109,-110,-134,-135,-158,-160,-186,-188,-214,-215,-241,-242,-267,-269,-294,-296,-316,-317,-333,-336,-352,-354,-361,-365,-367,-370,-371,-374,-370,-372,-368,-370,-365,-368,-358,-362,-353,-355,-346,-349,-338,-341,-331,-333,-317,-318,-296,-298,-280,-282,-262,-264,-238,-239,-214,-215,-189,-191,-160,-162,-130,-131,-98,-99,-65,-66,-34,-35,-6,-5,26,27,};
uint16_t do4B[168]={78,78,79,106,108,132,134,153,154,170,171,186,188,200,201,215,217,226,229,237,238,248,249,255,259,263,265,271,273,273,276,272,274,274,276,274,277,271,274,268,270,269,271,273,274,276,280,281,284,286,287,284,287,283,286,282,285,281,282,275,279,272,274,269,271,262,264,256,258,245,247,231,233,216,219,199,199,178,180,161,163,145,145,127,127,105,105,75,76,40,40,3,1,-35,-35,-74,-75,-112,-113,-146,-148,-184,-185,-225,-226,-265,-267,-305,-307,-344,-346,-377,-381,-408,-412,-435,-439,-459,-464,-481,-484,-498,-502,-513,-517,-524,-529,-531,-534,-530,-534,-522,-527,-508,-512,-492,-496,-473,-476,-449,-453,-421,-425,-393,-396,-358,-361,-320,-322,-280,-282,-240,-241,-196,-198,-151,-152,-103,-104,-54,-54,-7,-7,41,40,83,83,122,123,};
uint16_t lad1B[754]={-73,-73,-74,-42,-42,-14,-14,6,5,20,21,37,37,48,48,54,53,58,59,59,59,51,52,40,40,29,29,21,22,20,21,15,15,11,11,7,8,3,4,-2,-1,-4,-4,-10,-10,-20,-21,-31,-31,-41,-40,-49,-49,-58,-59,-63,-64,-68,-69,-72,-74,-84,-85,-98,-100,-110,-111,-119,-118,-129,-130,-140,-141,-147,-148,-150,-151,-146,-147,-140,-141,-133,-134,-119,-120,-100,-101,-80,-80,-56,-56,-31,-31,-5,-4,29,29,71,71,112,114,161,162,212,214,255,257,290,292,319,322,348,350,376,379,398,401,407,410,411,414,427,429,449,452,465,468,475,479,476,481,467,470,455,458,445,448,431,435,416,418,400,404,378,381,348,350,321,323,298,300,276,277,250,252,222,223,193,195,169,171,146,148,123,123,97,97,73,72,54,53,36,37,20,20,4,5,-5,-5,-16,-17,-35,-35,-48,-48,-50,-51,-46,-47,-42,-43,-36,-36,-29,-29,-24,-25,-18,-17,-6,-7,9,9,27,27,49,49,71,72,92,93,112,113,129,130,151,152,171,173,187,189,199,201,206,207,210,212,209,210,206,207,196,197,186,188,177,178,167,168,154,155,137,137,112,113,86,86,58,59,31,32,7,7,-15,-16,-35,-36,-53,-54,-69,-69,-86,-86,-105,-105,-121,-122,-136,-138,-148,-150,-157,-157,-162,-163,-162,-164,-159,-160,-150,-151,-142,-143,-128,-129,-113,-114,-102,-102,-93,-93,-80,-82,-62,-63,-37,-37,-11,-11,23,22,59,60,97,98,141,142,183,184,223,224,256,258,285,287,306,308,318,321,330,332,337,340,344,346,347,351,351,354,355,357,356,359,357,359,359,362,367,370,376,379,384,387,397,400,409,412,414,417,420,423,421,425,414,418,404,407,389,391,372,376,352,355,333,335,311,315,291,294,270,273,252,254,234,237,222,224,207,208,187,188,172,173,159,160,150,152,146,147,144,145,146,147,146,148,149,151,157,158,168,169,181,183,194,195,206,207,218,220,232,233,244,246,260,262,277,278,289,292,300,302,307,311,316,318,318,320,317,320,314,317,306,308,295,297,282,285,269,272,256,259,243,245,227,228,204,206,182,183,159,160,131,133,106,106,80,81,53,54,28,28,3,2,-21,-20,-44,-45,-66,-67,-91,-91,-123,-124,-151,-153,-176,-177,-198,-201,-221,-223,-241,-243,-265,-267,-287,-290,-304,-306,-321,-322,-337,-339,-353,-355,-365,-368,-375,-378,-383,-385,-383,-387,-379,-381,-372,-375,-366,-368,-357,-360,-345,-348,-333,-335,-322,-324,-316,-318,-317,-320,-316,-318,-314,-317,-316,-318,-309,-310,-301,-304,-297,-299,-293,-294,-293,-295,-293,-296,-291,-295,-293,-295,-295,-297,-292,-295,-288,-289,-280,-282,-270,-272,-260,-263,-258,-260,-255,-256,-252,-254,-248,-250,-244,-247,-240,-242,-239,-241,-241,-243,-250,-252,-258,-260,-260,-262,-261,-262,-262,-266,-261,-262,-258,-260,-260,-261,-258,-260,-252,-254,-246,-247,-237,-239,-225,-226,-212,-214,-203,-205,-198,-200,-193,-196,-191,-191,-183,-184,-172,-173,-159,-161,-142,-143,-124,-124,-107,-108,-96,-97,-92,-93,-92,-93,-92,-94,-96,-98,-99,-100,-96,-97,-90,-91,-88,-89,-85,-85,-80,-81,-72,-74,-67,-68,-64,-64,-60,-60,-58,-59,-57,-57,-57,-57,-57,-57,-57,-57,-54,-55,-51,-51,-53,-55,-59,-60,-61,-61,-59,-59,-55,-56,-55,-55,-54,-55,-55,-55,-54,-54,-52,-53,-53,-53,-52,-54,-55,-56,-62,-63,-64,-65,-65,-66,-67,-68,-67,-67,-68,-70,-77,-77,-88,-88,-98,-99,-107,-107,-112,-113,-115,-117,-122,-122,-130,-132,-141,-142,-146,-148,-153,-153,-160,-162,-169,-170,-177,-179,-188,-189,-199,-200,-206,-207,-207,-208,-202,-203,-193,-194,-181,-183,-166,-167,-144,-145,-119,-120,-92,-93,-59,-60,-24,-24,};
uint16_t si1B[714]={45,45,46,63,63,82,84,100,101,115,115,130,130,139,141,145,145,157,159,167,169,177,179,185,186,193,194,204,206,216,217,222,223,226,227,229,230,227,229,225,226,224,226,226,227,225,227,224,225,222,223,218,219,215,217,212,213,208,209,204,206,199,201,199,200,198,199,195,197,195,196,187,188,181,182,181,182,176,177,170,171,166,168,166,167,161,162,158,159,150,151,139,138,131,132,127,129,128,130,133,134,136,136,132,133,127,127,121,122,115,116,110,112,110,110,108,110,106,106,107,108,110,110,111,112,117,118,118,119,111,113,110,111,109,110,109,111,116,117,122,123,130,131,131,132,136,137,141,142,144,146,147,147,144,145,143,145,144,146,145,147,146,148,150,152,148,149,144,146,141,142,131,132,123,124,114,115,102,103,94,94,85,86,78,78,66,67,54,55,42,42,25,25,7,7,-8,-8,-26,-25,-44,-45,-54,-56,-61,-63,-66,-66,-75,-76,-88,-88,-105,-106,-117,-118,-132,-133,-149,-151,-164,-166,-173,-175,-183,-185,-193,-196,-207,-208,-223,-224,-238,-239,-256,-258,-271,-274,-282,-283,-290,-293,-297,-300,-311,-313,-327,-330,-345,-349,-368,-372,-389,-392,-406,-409,-418,-421,-429,-432,-437,-441,-447,-451,-466,-470,-480,-484,-492,-496,-504,-509,-512,-518,-527,-531,-534,-538,-536,-540,-538,-543,-536,-541,-540,-544,-543,-547,-544,-548,-542,-547,-536,-539,-526,-532,-521,-526,-515,-519,-508,-512,-501,-505,-493,-497,-483,-487,-472,-474,-458,-461,-448,-451,-437,-440,-426,-428,-414,-418,-403,-405,-387,-391,-367,-370,-351,-355,-346,-349,-335,-337,-317,-319,-298,-301,-275,-277,-248,-251,-226,-228,-203,-205,-183,-185,-163,-164,-142,-143,-119,-120,-92,-93,-65,-64,-35,-35,-3,-3,25,26,53,53,85,86,112,113,136,136,162,164,187,189,219,220,254,256,288,290,320,322,346,348,369,371,388,390,403,406,422,425,443,447,465,468,483,487,501,505,516,520,524,529,530,533,535,539,539,541,534,539,529,533,525,530,520,525,516,521,507,511,494,499,479,483,467,471,458,462,443,447,426,430,417,420,404,408,388,392,371,374,355,357,342,346,333,335,327,329,319,322,310,313,301,304,294,296,289,291,281,284,272,275,268,271,267,269,266,267,269,270,273,275,272,274,273,275,276,278,277,278,276,277,273,275,276,278,284,286,288,291,294,296,300,302,297,299,296,298,296,298,296,299,296,299,294,296,288,291,280,283,273,275,270,272,262,264,253,255,244,247,234,235,221,223,205,207,187,187,172,173,156,158,142,142,133,135,121,123,107,107,96,97,84,85,71,72,56,57,39,39,22,22,-3,-2,-16,-16,-24,-24,-34,-34,-41,-41,-47,-47,-54,-55,-59,-60,-65,-65,-81,-81,-94,-95,-108,-108,-121,-121,-133,-135,-148,-149,-165,-166,-184,-186,-203,-204,-223,-226,-247,-248,-269,-272,-294,-296,-319,-322,-344,-346,-366,-370,-393,-396,-419,-423,-446,-449,-470,-474,-489,-493,-507,-512,-527,-532,-548,-552,-559,-564,-565,-569,-570,-574,-575,-580,-583,-587,-589,-594,-592,-596,-590,-595,-592,-596,-596,-601,-599,-604,-590,-594,-574,-578,-559,-563,-541,-545,-524,-529,-508,-512,-492,-497,-473,-477,-454,-458,-432,-435,-410,-414,-389,-391,-362,-366,-339,-342,-311,-313,-281,-283,-255,-256,-230,-231,-209,-211,-198,-199,-190,-192,-177,-177,-158,-160,-135,-136,-109,-110,-90,-90,-78,-79,-70,-71,-56,-56,-45,-45,-32,-33,-13,-13,10,10,32,32,52,51,64,65,72,73,};
uint16_t re2B[600]={398,398,401,406,408,407,411,411,415,422,426,438,441,453,456,468,472,485,488,503,505,522,526,546,552,576,581,604,608,627,631,644,649,656,660,664,669,674,680,689,694,706,711,725,730,742,748,751,757,755,761,763,769,772,778,783,791,800,807,820,826,845,852,877,884,917,925,963,971,1009,1017,1045,1052,1070,1079,1087,1096,1089,1097,1072,1080,1042,1049,998,1007,948,955,887,895,817,824,739,745,651,657,560,565,474,477,403,407,350,353,300,302,251,253,204,206,168,169,140,142,118,119,101,102,81,81,48,49,16,15,-18,-18,-50,-51,-83,-83,-124,-124,-175,-177,-235,-236,-290,-293,-344,-347,-394,-398,-446,-450,-501,-506,-555,-561,-605,-609,-642,-648,-666,-671,-685,-690,-697,-703,-709,-714,-726,-733,-743,-749,-750,-756,-761,-766,-777,-783,-790,-795,-808,-815,-836,-841,-871,-878,-916,-923,-964,-972,-1009,-1016,-1051,-1059,-1086,-1095,-1112,-1120,-1127,-1135,-1138,-1146,-1150,-1159,-1146,-1155,-1137,-1148,-1121,-1129,-1105,-1113,-1095,-1103,-1081,-1089,-1059,-1067,-1038,-1047,-1028,-1037,-1022,-1030,-1021,-1030,-1041,-1049,-1056,-1063,-1041,-1048,-1003,-1012,-939,-947,-845,-851,-742,-748,-652,-657,-557,-561,-468,-471,-401,-404,-360,-362,-331,-334,-316,-318,-304,-305,-273,-275,-227,-228,-177,-179,-117,-117,-43,-42,25,26,78,79,116,117,148,149,167,168,186,187,204,206,227,228,256,258,290,292,319,322,338,341,349,352,347,350,327,329,293,296,254,256,208,210,170,172,141,142,119,121,106,107,98,99,95,97,102,102,117,118,138,139,171,173,219,222,277,279,334,337,393,395,451,454,511,514,576,581,641,647,699,704,750,755,793,799,824,830,849,856,874,882,905,911,936,943,968,976,1003,1011,1043,1052,1090,1098,1139,1149,1183,1192,1216,1224,1234,1243,1239,1247,1228,1238,1200,1209,1153,1162,1088,1097,1011,1020,933,939,859,865,793,800,737,742,683,688,628,634,575,579,522,526,471,474,416,419,358,361,301,304,244,247,195,196,148,148,98,99,41,41,-24,-24,-108,-108,-202,-204,-299,-301,-396,-399,-489,-493,-571,-576,-643,-648,-698,-703,-732,-737,-750,-757,-760,-765,-762,-767,-757,-763,-746,-751,-727,-734,-703,-709,-676,-681,-645,-650,-618,-625,-593,-598,-570,-575,-552,-557,-548,-552,-564,-568,-592,-596,-624,-629,-660,-665,-697,-703,-738,-745,-786,-792,-837,-844,-879,-886,-908,-914,-920,-928,-919,-926,-905,-912,-890,-897,-867,-874,-849,-857,-846,-854,-844,-849,-851,-857,-864,-870,-881,-888,-906,-913,-935,-943,-943,-951,-911,-918,-833,-840,-719,-724,-598,-603,-491,-495,-393,-397,-300,-303,-216,-219,-141,-142,-88,-90,-63,-63,-49,-49,-38,-38,-25,-26,-14,-14,-10,-10,-12,-12,-13,-14,-17,-18,-28,-28,-40,-40,-40,-40,-20,-19,22,21,74,76,141,141,215,217,292,294,355,358,400,403,431,436,459,462,480,485,500,503,512,516,523,526,539,544,559,562,572,577,577,582,569,574,558,562,553,558,561,565,579,583,606,611,644,648,689,695,741,748,};
uint16_t fa2B[505]={1,1,0,0,0,0,1,1,0,0,0,0,0,0,1,0,1,1,0,0,0,0,-1,1,0,0,-1,1,0,0,0,0,0,0,-1,0,1,0,0,0,-1,0,-1,0,0,0,0,-1,0,0,0,0,-1,0,0,0,-1,0,0,0,0,1,1,0,0,0,1,0,0,0,0,0,0,0,-1,0,1,0,0,0,0,0,0,0,0,0,0,1,0,1,0,-1,0,0,-1,0,0,-1,-1,1,0,1,0,0,0,0,0,0,-1,1,0,0,0,0,0,0,0,0,1,0,0,0,0,1,0,0,-1,0,0,0,0,0,1,0,-1,0,1,0,0,0,0,0,0,-1,0,0,0,1,-1,0,0,1,0,1,-1,0,-1,0,-1,-1,0,-1,0,0,1,0,0,0,1,0,0,0,0,0,0,0,0,-1,-1,0,0,0,0,0,0,0,1,0,0,1,0,-1,0,0,0,0,1,0,-1,0,0,1,0,-1,0,0,0,0,0,0,0,1,-1,0,-1,0,0,0,-1,0,0,1,0,0,-1,-1,0,0,0,-1,0,0,1,0,1,0,0,0,0,0,0,0,0,0,0,0,0,-1,0,1,0,0,0,0,0,0,0,1,0,1,0,1,0,0,0,0,0,0,0,0,0,0,0,0,-1,-1,0,0,-1,0,0,0,0,0,1,1,0,0,1,0,-1,-1,-1,1,0,0,1,-1,0,0,0,-1,0,0,0,0,-1,1,1,0,0,0,0,0,0,0,1,1,0,-1,0,0,0,0,0,0,0,0,1,0,0,0,0,0,0,0,0,1,0,0,0,0,0,0,0,0,0,0,0,0,-1,-1,0,1,0,0,0,0,0,0,0,-1,0,0,0,0,1,0,0,0,0,0,-1,-1,0,-1,0,0,0,0,0,0,0,-1,0,0,1,1,0,0,0,0,0,1,1,-1,0,0,0,0,-1,0,1,0,0,0,-1,-1,-1,0,-1,0,0,-1,0,0,1,0,0,-1,0,0,0,0,0,0,0,0,0,0,0,0,0,0,1,0,0,1,-1,0,1,0,0,0,0,1,0,0,1,0,0,0,-1,1,0,1,0,0,0,0,0,0,0,0,1,0,1,0,0,0,0,0,0,0,0,0,0,0,0,0,0,1,1,0,0,1,0,0,-1,0,1,0,1,1,0,0,0,0,0,0,1,0,0,0,0,0,};
uint16_t la2B[400]={5,5,5,24,24,36,36,48,50,63,63,78,79,95,96,106,108,117,118,127,128,135,135,142,144,149,150,150,152,153,155,155,157,154,154,152,153,155,156,158,159,166,167,174,175,179,181,186,188,194,196,205,206,216,217,230,232,242,245,246,247,256,259,268,270,276,278,295,297,300,302,304,306,319,321,319,322,318,320,321,325,320,322,321,324,325,326,322,324,329,331,332,334,321,325,318,320,310,313,299,301,293,296,286,288,275,277,263,265,254,257,241,244,229,231,221,224,212,214,207,208,195,196,174,176,155,156,132,133,107,109,90,90,76,77,58,59,40,41,19,21,-6,-6,-29,-29,-54,-55,-86,-86,-114,-115,-141,-141,-166,-166,-191,-192,-216,-218,-237,-240,-264,-266,-286,-288,-304,-307,-321,-325,-333,-336,-343,-346,-346,-349,-342,-346,-341,-344,-338,-341,-334,-337,-331,-333,-318,-321,-296,-298,-274,-276,-249,-251,-222,-225,-196,-198,-170,-173,-148,-150,-127,-128,-109,-110,-91,-92,-70,-70,-48,-48,-31,-31,-17,-17,-5,-5,4,4,12,11,16,17,24,23,27,27,23,23,21,21,25,24,27,26,29,29,34,35,42,43,54,54,62,63,69,70,73,75,75,75,81,81,86,86,86,88,94,96,104,106,108,108,110,112,113,115,119,120,119,121,112,112,103,104,87,89,74,75,56,56,34,35,19,18,2,2,-13,-13,-29,-29,-46,-46,-66,-66,-85,-85,-102,-104,-127,-128,-151,-153,-170,-170,-189,-191,-210,-211,-225,-226,-244,-246,-262,-264,-275,-278,-290,-293,-305,-307,-320,-322,-341,-343,-355,-359,-359,-361,-359,-362,-363,-365,-364,-367,-360,-362,-362,-364,-365,-368,-367,-370,-363,-365,-360,-362,-361,-363,-358,-361,-355,-359,-358,-361,-362,-365,-361,-363,-354,-355,-340,-343,-332,-334,-331,-334,-328,-330,-319,-321,-309,-311,-290,-292,-271,-274,-258,-259,-237,-238,-209,-211,-178,-180,-139,-140,-102,-102,-66,-66,-35,-35,-8,-8,21,21,46,46,68,70,};
uint16_t si2B[357]={-53,-53,-58,-58,-61,-61,-68,-69,-77,-78,-79,-79,-75,-74,-55,-56,-41,-42,-33,-33,-24,-24,-18,-19,-14,-16,-13,-13,-15,-15,-16,-16,-21,-22,-34,-34,-45,-45,-54,-55,-74,-74,-94,-96,-118,-119,-141,-142,-166,-166,-187,-188,-206,-207,-220,-223,-225,-226,-227,-228,-230,-232,-230,-231,-226,-227,-221,-223,-214,-217,-207,-208,-199,-201,-195,-198,-191,-194,-191,-193,-190,-191,-186,-185,-179,-181,-180,-181,-179,-180,-175,-177,-174,-175,-168,-169,-161,-162,-158,-160,-148,-150,-142,-142,-137,-137,-123,-124,-112,-113,-95,-96,-71,-71,-49,-49,-31,-32,-16,-16,-11,-11,-7,-8,1,2,17,17,32,33,56,56,80,82,93,94,106,106,119,120,134,134,156,157,179,179,202,204,223,225,233,236,240,243,248,249,252,256,257,261,271,273,284,287,290,292,295,298,310,311,325,328,349,353,379,383,418,422,457,460,490,494,519,524,547,551,583,587,625,629,658,664,684,691,704,709,713,718,718,723,719,725,711,716,697,703,679,685,650,654,615,619,580,584,540,544,495,498,443,447,394,399,348,352,293,295,244,246,207,209,172,174,143,143,114,114,85,86,56,55,26,26,-9,-8,-41,-43,-67,-67,-87,-89,-115,-115,-141,-143,-163,-164,-184,-185,-219,-221,-254,-256,-278,-279,-296,-298,-308,-311,-326,-328,-345,-348,-361,-364,-384,-387,-421,-423,-449,-451,-447,-452,-444,-447,-454,-458,-461,-465,-472,-476,-475,-480,-485,-488,-499,-503,-493,-497,-478,-481,-472,-476,-469,-473,-465,-469,-462,-466,-447,-451,-432,-436,-419,-423,-406,-410,-396,-400,-399,-402,-394,-396,-371,-374,-357,-360,-359,-362,-365,-368,-363,-366,-353,-356,-347,-350,-336,-339,-312,-315,-302,-304,-290,-292,-271,-274,-254,-256,-223,-225,-182,-183,-137,-138,-97,-98,-59,-59,};
uint16_t fa3B[252]={-97,-97,-99,-66,-67,-36,-37,-6,-6,27,26,54,53,80,80,104,104,125,125,147,148,170,172,190,192,203,205,218,219,232,234,241,243,247,249,246,248,244,246,242,244,243,244,237,240,231,233,226,227,218,219,209,210,195,196,177,178,160,162,145,146,130,132,114,114,98,99,83,84,75,76,75,75,71,71,69,69,70,71,69,69,63,63,58,58,57,56,64,64,72,73,82,82,93,94,108,109,122,123,136,136,152,152,166,167,180,182,197,199,215,216,234,236,255,257,270,274,282,285,292,295,302,305,310,311,313,316,321,324,324,326,324,326,325,328,327,330,324,327,320,322,316,318,310,313,306,308,301,302,292,294,279,282,265,268,252,254,236,237,220,222,205,207,188,188,167,169,147,148,125,125,100,101,70,71,37,37,-1,0,-44,-44,-81,-82,-114,-115,-151,-151,-193,-195,-236,-237,-271,-273,-301,-302,-321,-324,-344,-347,-370,-372,-395,-399,-427,-430,-462,-465,-495,-498,-524,-529,-549,-552,-575,-580,-602,-607,-620,-623,-631,-635,-642,-647,-652,-657,-651,-656,-653,-657,-655,-660,-647,-650,-629,-633,-602,-606,-561,-565,-513,-518,-461,-465,-405,-408,-350,-352,-297,-299,-244,-246,-188,-189,};
uint16_t la3B[200]={-104,-104,-104,-63,-64,-30,-29,-6,-6,12,11,24,24,34,34,47,47,64,65,90,91,123,125,168,169,220,222,270,273,312,315,343,346,368,370,380,383,383,386,376,379,355,358,328,331,297,300,265,267,241,242,224,226,219,220,221,223,235,236,254,256,277,278,300,303,325,328,348,350,355,358,350,353,324,326,280,282,226,227,166,167,105,106,54,55,14,13,-13,-13,-22,-22,-15,-16,1,1,28,28,62,62,94,96,121,124,138,140,143,145,136,138,117,119,88,88,49,49,8,8,-21,-22,-38,-38,-37,-37,-19,-19,-2,-2,16,16,31,31,40,40,46,45,35,35,13,13,-18,-19,-58,-58,-100,-100,-145,-145,-187,-190,-233,-235,-285,-287,-332,-333,-352,-356,-363,-367,-371,-375,-366,-368,-355,-358,-338,-341,-307,-310,-282,-284,-282,-285,-306,-307,-339,-341,-374,-377,-409,-412,-443,-446,-476,-479,-500,-504,-511,-516,-498,-502,-456,-460,-394,-397,-314,-317,-226,-228,-132,-133,};
uint16_t si3B[178]={10,10,11,24,25,36,35,50,49,65,66,79,80,95,95,114,114,133,135,154,155,169,171,179,181,192,194,204,206,218,218,229,231,241,243,245,247,246,248,248,249,246,248,242,243,236,239,230,232,221,223,211,213,200,202,188,189,176,178,167,170,160,161,156,157,156,157,160,161,165,166,163,164,160,161,153,154,146,148,148,149,146,147,138,138,129,130,116,117,102,104,90,91,79,79,63,64,47,46,29,29,10,11,-9,-10,-27,-28,-47,-47,-65,-66,-86,-87,-105,-105,-121,-122,-141,-142,-160,-161,-178,-180,-196,-197,-212,-214,-227,-229,-244,-245,-263,-266,-282,-286,-300,-302,-317,-318,-324,-326,-326,-329,-328,-330,-323,-326,-315,-318,-306,-308,-296,-298,-279,-281,-260,-262,-234,-236,-208,-210,-176,-177,-146,-146,-122,-122,-97,-98,-74,-75,-59,-58,-44,-44,-25,-25,-4,-3,};
uint16_t re4B[150]={63,63,63,106,106,145,146,180,182,213,215,243,245,270,272,299,301,329,332,361,364,393,396,420,425,441,443,451,455,456,459,460,463,459,462,450,453,438,441,424,427,406,410,382,385,358,360,333,336,309,311,286,289,261,264,236,238,211,213,190,191,170,172,152,153,139,140,121,122,100,101,83,84,65,66,49,49,32,32,12,13,-8,-7,-35,-36,-68,-69,-100,-100,-129,-130,-157,-158,-181,-183,-208,-211,-238,-241,-272,-274,-310,-312,-346,-347,-378,-379,-399,-403,-415,-419,-427,-430,-439,-443,-453,-457,-466,-470,-478,-481,-477,-482,-467,-471,-448,-452,-426,-431,-408,-411,-386,-389,-357,-361,-320,-323,-275,-278,-232,-233,-188,-189,-140,-140,-91,-91,-44,-44,-5,-5,};
uint16_t fa4B[126]={36,36,35,65,66,98,99,134,136,168,169,184,186,210,211,233,234,246,249,257,258,264,266,266,269,263,265,264,266,260,262,247,250,237,238,230,232,217,219,194,196,175,175,156,157,138,140,120,121,97,97,75,75,49,49,22,23,-8,-8,-42,-42,-73,-74,-96,-96,-113,-114,-139,-141,-162,-164,-184,-184,-211,-213,-237,-239,-250,-252,-262,-264,-279,-281,-284,-286,-290,-293,-299,-302,-302,-304,-307,-310,-308,-310,-312,-314,-318,-320,-314,-317,-301,-303,-275,-278,-253,-255,-235,-237,-214,-216,-202,-204,-180,-181,-140,-141,-90,-91,-47,-48,-12,-12,22,22,53,54,};
uint16_t dod2B[636]={129,129,130,148,149,178,180,209,211,226,228,235,237,233,234,215,217,190,192,166,166,147,148,126,126,101,103,75,76,49,49,38,37,37,37,38,38,38,39,40,40,33,32,25,25,18,17,9,9,13,13,33,34,62,63,97,98,136,137,175,176,208,210,237,238,251,253,259,260,275,276,296,299,324,327,360,363,398,402,445,448,490,494,521,525,550,554,578,582,597,601,619,624,636,642,635,641,632,637,623,627,603,608,584,588,557,562,519,524,468,472,404,406,324,326,237,238,155,155,74,75,6,6,-58,-59,-131,-131,-201,-204,-276,-278,-352,-356,-416,-420,-469,-474,-524,-528,-577,-581,-620,-625,-663,-668,-693,-697,-709,-715,-722,-726,-721,-726,-701,-707,-676,-682,-648,-654,-614,-620,-576,-580,-529,-533,-485,-488,-441,-446,-398,-401,-359,-362,-329,-332,-293,-295,-263,-267,-243,-246,-228,-230,-210,-212,-192,-193,-170,-170,-154,-156,-138,-139,-116,-117,-95,-96,-71,-72,-40,-41,-15,-16,9,8,29,30,30,30,25,24,15,15,-11,-11,-41,-41,-71,-73,-112,-114,-160,-161,-208,-210,-261,-263,-321,-325,-382,-385,-432,-436,-484,-488,-533,-537,-579,-582,-621,-625,-668,-673,-712,-718,-753,-758,-788,-795,-815,-822,-835,-842,-848,-854,-857,-864,-854,-860,-836,-843,-812,-819,-778,-784,-733,-738,-679,-685,-623,-627,-559,-563,-490,-495,-423,-426,-358,-361,-285,-287,-215,-218,-154,-155,-88,-89,-21,-20,39,41,100,101,145,147,183,184,225,227,265,267,304,306,336,339,368,372,393,396,414,417,433,436,453,455,476,479,498,502,521,525,536,541,540,545,529,534,525,528,520,524,503,506,481,484,452,455,431,434,418,422,403,405,390,392,374,377,353,356,344,347,341,343,334,336,337,340,345,347,354,357,367,371,375,379,393,397,415,417,433,437,463,468,501,505,543,547,595,601,649,654,701,707,761,767,821,827,886,894,946,953,1002,1009,1055,1063,1104,1114,1147,1157,1181,1191,1211,1221,1250,1260,1287,1298,1316,1327,1343,1354,1364,1375,1375,1386,1372,1382,1359,1371,1341,1352,1299,1309,1236,1245,1171,1180,1088,1096,992,1000,905,912,814,821,713,720,608,613,498,502,389,392,282,284,176,177,79,80,-5,-6,-79,-79,-145,-145,-202,-203,-248,-250,-292,-295,-337,-340,-377,-381,-410,-413,-434,-438,-448,-452,-450,-454,-448,-453,-440,-443,-419,-422,-391,-395,-366,-369,-345,-347,-324,-326,-303,-305,-286,-288,-267,-270,-245,-248,-226,-228,-204,-206,-180,-181,-163,-164,-141,-142,-122,-123,-104,-104,-83,-84,-57,-57,-36,-37,-17,-17,3,4,17,18,25,25,35,35,33,33,20,20,3,3,-24,-25,-59,-59,-102,-104,-156,-158,-208,-210,-264,-265,-323,-325,-380,-383,-438,-442,-504,-508,-572,-577,-645,-650,-721,-727,-793,-800,-862,-869,-935,-942,-1005,-1014,-1072,-1081,-1137,-1146,-1195,-1205,-1239,-1249,-1272,-1283,-1287,-1297,-1280,-1290,-1264,-1274,-1233,-1244,-1194,-1204,-1152,-1161,-1101,-1110,-1045,-1054,-987,-996,-925,-933,-857,-864,-793,-800,-727,-732,-661,-666,-605,-610,-540,-545,-475,-479,-422,-426,-364,-367,-300,-303,-242,-244,-186,-188,-131,-132,-76,-77,-23,-23,32,32,80,80,117,118,156,156,194,196,228,229,};
uint16_t red2B[566]={-1,-1,0,0,0,0,0,0,0,0,0,0,0,0,0,0,0,0,-1,0,0,0,0,0,0,-1,0,0,0,0,0,0,0,0,1,0,0,0,0,0,1,0,0,0,-1,0,0,0,-1,0,0,0,0,0,0,0,1,-1,0,-1,0,1,0,0,0,0,0,0,0,1,0,1,0,0,1,0,0,-1,1,0,0,-1,0,0,0,0,0,0,-1,0,0,0,0,0,-1,0,0,0,0,-1,-1,1,1,0,0,-1,0,-1,0,0,1,1,0,1,0,0,0,0,0,0,0,0,0,0,-1,-1,0,0,-1,0,0,0,0,1,0,0,-1,0,-1,0,0,0,0,0,0,-1,0,-1,0,0,0,1,1,-1,0,-1,-1,0,0,0,0,0,0,0,0,0,1,0,0,-1,0,1,0,0,-1,-1,0,0,-1,-1,0,0,0,-1,0,0,1,-1,0,0,0,0,0,1,-1,-1,0,0,0,0,1,-1,0,1,1,-1,0,1,0,-1,0,0,0,0,-1,-1,0,0,0,-1,0,0,0,0,0,0,0,-1,0,0,1,1,0,-1,0,0,0,0,-1,0,0,0,0,0,0,0,0,0,0,1,-1,0,-1,0,-1,1,0,1,0,-1,0,0,-1,0,0,0,0,0,0,0,1,0,0,0,0,0,0,0,1,0,0,0,0,1,0,1,0,0,0,0,0,-1,0,1,0,0,-1,0,0,-1,-1,0,0,0,0,0,0,0,0,0,0,0,0,0,0,0,0,0,0,0,0,0,1,1,0,1,0,1,0,0,0,0,0,0,1,0,0,0,0,0,1,0,0,1,0,0,0,0,1,0,0,0,0,1,0,0,0,0,-1,0,0,0,0,0,0,0,0,0,0,1,1,0,0,0,0,0,0,0,0,0,1,0,0,0,0,0,0,0,1,0,0,0,0,0,1,0,0,1,0,0,1,0,0,0,1,0,0,0,0,0,0,1,0,0,0,0,-1,0,0,0,0,0,0,0,0,0,0,0,1,0,0,0,1,0,0,0,1,1,0,0,0,0,0,0,-1,1,0,0,-1,0,0,-1,0,-1,0,0,0,0,0,0,-1,0,0,0,-1,0,1,1,0,1,0,-1,1,-1,0,0,-1,0,1,0,0,0,0,-1,0,0,0,0,-1,0,-1,0,0,0,0,0,0,0,0,0,0,-1,0,0,0,0,0,-1,0,0,0,0,0,0,0,0,0,0,0,1,0,0,0,0,0,0,0,0,1,1,0,0,-1,0,0,0,0,0,-1,0,0,0,1,-1,0,0,1,1,0,-1,0,0,0,-1,1,0,0,0,1,0,-1,0,-1,0,0,0,0,};
uint16_t sol2B[449]={-1,-1,24,24,51,51,76,75,98,99,120,121,141,141,157,158,175,176,193,195,214,216,233,235,255,256,277,280,300,303,325,327,351,354,379,382,408,411,436,440,459,462,482,486,505,510,524,529,541,546,555,559,562,567,569,573,573,576,572,577,567,573,564,570,556,561,545,550,534,538,522,525,506,510,491,496,477,482,462,466,441,445,419,422,399,400,377,379,354,356,332,336,312,315,291,293,268,270,242,244,218,219,191,193,163,164,135,136,102,104,68,68,32,33,-6,-5,-44,-45,-87,-88,-130,-131,-171,-171,-214,-216,-259,-261,-305,-308,-349,-353,-390,-394,-430,-433,-468,-472,-501,-505,-530,-534,-559,-562,-584,-589,-608,-614,-632,-638,-657,-662,-680,-686,-702,-708,-721,-728,-740,-746,-759,-765,-776,-782,-791,-798,-807,-813,-819,-827,-832,-839,-843,-849,-853,-860,-861,-869,-868,-874,-874,-880,-876,-883,-874,-881,-871,-879,-868,-876,-857,-864,-842,-849,-823,-830,-802,-809,-778,-784,-751,-756,-719,-725,-684,-689,-647,-652,-607,-612,-566,-570,-522,-526,-477,-480,-430,-434,-380,-383,-331,-334,-288,-289,-242,-244,-195,-196,-148,-149,-110,-110,-73,-74,-35,-37,4,4,45,45,84,85,123,125,161,163,201,202,237,239,275,277,315,319,357,359,396,399,437,439,478,481,519,523,561,566,601,605,640,646,675,680,710,716,739,746,767,772,790,795,805,812,819,825,830,836,832,838,831,836,826,832,822,828,818,824,810,816,802,808,792,800,785,793,779,785,769,776,759,765,745,752,731,738,712,718,693,697,671,676,645,650,614,619,584,589,552,557,520,524,486,489,446,450,406,410,367,369,324,327,277,280,224,224,176,177,133,135,86,86,40,41,-5,-5,-52,-53,-94,-95,-130,-133,-162,-163,-195,-196,-229,-231,-257,-259,-280,-283,-303,-305,-322,-325,-337,-340,-351,-354,-366,-368,-376,-379,-386,-389,-401,-404,-411,-415,-417,-421,-427,-431,-445,-448,-459,-462,-472,-475,-484,-488,-499,-502,-513,-518,-526,-530,-539,-541,-550,-555,-555,-560,-552,-556,-551,-555,-550,-554,-540,-544,-525,-529,-509,-513,-486,-490,-455,-458,-422,-424,-394,-397,-361,-365,-324,-326,-287,-290,-252,-253,-213,-215,-174,-176,-138,-138,-101,-102,-64,-66,};
uint16_t lad2B[378]={-61,-61,-61,-41,-42,-27,-27,-12,-11,8,8,25,24,37,38,50,50,56,55,60,60,73,73,95,96,114,114,130,131,144,145,155,157,167,168,172,174,175,176,178,179,186,186,200,202,211,212,215,218,219,220,222,225,223,224,218,220,215,216,212,215,208,211,203,204,197,199,189,192,184,185,175,177,165,166,157,159,156,157,151,152,137,138,119,119,99,100,82,81,67,69,60,61,60,60,55,55,35,35,12,12,-4,-4,-16,-17,-18,-17,-15,-16,-16,-16,-19,-20,-34,-36,-54,-53,-74,-75,-96,-97,-104,-104,-94,-95,-96,-98,-110,-110,-121,-122,-134,-134,-152,-154,-169,-169,-172,-174,-167,-168,-163,-164,-171,-172,-179,-181,-190,-192,-203,-205,-214,-217,-218,-219,-211,-212,-199,-201,-185,-187,-179,-180,-184,-185,-183,-185,-171,-174,-162,-163,-155,-157,-139,-140,-118,-119,-109,-111,-99,-100,-80,-81,-58,-58,-44,-44,-29,-30,-3,-3,26,25,31,31,44,44,62,62,65,66,79,80,88,89,105,107,130,131,140,142,157,158,164,165,162,164,174,175,188,189,195,195,201,202,207,207,214,216,227,230,233,233,234,236,234,235,233,234,230,232,226,228,226,227,227,229,233,235,233,235,227,230,217,219,207,208,199,199,184,186,168,169,155,156,136,138,117,119,104,105,91,92,68,69,41,41,21,22,10,9,-5,-6,-33,-33,-59,-60,-80,-81,-98,-99,-112,-113,-115,-116,-112,-113,-124,-125,-156,-157,-190,-191,-213,-215,-228,-230,-230,-233,-227,-228,-226,-228,-233,-235,-241,-243,-263,-263,-287,-290,-301,-303,-307,-310,-311,-314,-311,-315,-305,-307,-298,-301,-307,-309,-331,-334,-353,-357,-356,-358,-348,-349,-333,-335,-312,-315,-290,-293,-285,-288,-292,-294,-295,-298,-295,-298,-289,-290,-262,-264,-230,-231,-198,-201,-173,-174,-154,-156,-133,-133,-109,-111,-87,-87,-57,-57,-25,-24,};
uint16_t re3B[300]={74,74,73,109,110,145,147,180,182,204,205,231,233,259,260,288,290,310,313,327,329,338,342,346,349,357,360,359,361,365,368,371,375,379,382,380,383,373,376,376,379,377,381,371,373,358,360,348,351,348,351,343,347,332,335,320,322,312,314,296,298,273,275,253,255,235,237,213,215,186,187,158,159,133,134,112,113,86,85,56,56,25,25,-7,-7,-34,-34,-55,-55,-75,-75,-102,-102,-122,-123,-144,-146,-166,-168,-176,-178,-187,-188,-189,-189,-185,-187,-184,-186,-184,-185,-190,-193,-198,-200,-207,-208,-214,-215,-208,-209,-207,-209,-205,-207,-203,-204,-195,-196,-176,-178,-149,-150,-114,-115,-78,-79,-45,-46,-7,-8,22,22,55,57,91,91,124,125,155,157,178,180,188,190,199,201,212,213,212,215,212,214,212,214,210,211,204,207,203,204,196,198,193,195,192,194,191,194,188,188,188,189,188,189,188,190,204,205,206,208,212,213,216,218,218,219,210,212,206,208,199,201,190,191,177,178,154,155,124,125,82,82,42,41,-13,-14,-71,-72,-127,-128,-182,-183,-235,-236,-281,-283,-328,-330,-380,-385,-430,-433,-478,-482,-526,-530,-572,-577,-617,-621,-658,-662,-693,-698,-726,-732,-751,-758,-773,-779,-791,-798,-802,-808,-804,-811,-804,-812,-807,-812,-803,-810,-796,-803,-789,-795,-783,-790,-757,-763,-723,-729,-692,-696,-652,-658,-604,-608,-549,-554,-488,-493,-423,-426,-362,-365,-304,-306,-241,-243,-170,-171,-94,-95,-7,-8,73,73,148,149,};
uint16_t red3B[283]={0,0,25,25,55,55,86,86,116,116,145,145,172,173,199,201,227,229,249,251,269,270,285,287,293,296,299,301,304,305,308,309,309,312,310,313,307,310,298,300,285,286,272,274,263,266,254,257,246,247,232,234,219,221,210,212,195,198,175,176,153,154,130,131,112,113,96,97,74,75,51,52,28,28,6,6,-12,-12,-31,-31,-54,-55,-82,-82,-106,-108,-132,-133,-155,-157,-177,-178,-195,-196,-213,-215,-227,-230,-235,-237,-235,-238,-229,-231,-216,-218,-200,-201,-183,-184,-163,-165,-144,-145,-124,-125,-106,-108,-89,-91,-68,-69,-44,-43,-18,-19,4,4,22,22,35,35,52,51,66,67,79,79,96,97,114,114,127,128,144,146,168,170,194,194,221,222,245,246,264,266,281,284,294,297,302,306,309,312,317,320,322,325,323,326,320,322,312,315,302,304,286,289,268,271,251,253,232,234,212,214,194,195,176,177,160,161,142,142,115,116,92,92,74,74,53,54,30,29,-3,-3,-42,-42,-78,-79,-107,-110,-134,-134,-154,-156,-181,-182,-212,-215,-247,-250,-288,-290,-330,-332,-368,-370,-400,-403,-436,-439,-473,-476,-506,-510,-530,-535,-544,-548,-549,-553,-549,-553,-545,-548,-535,-539,-518,-523,-494,-497,-462,-466,-433,-436,-408,-411,-385,-389,-357,-359,-327,-329,-295,-297,-268,-270,-246,-248,-221,-223,-195,-195,-167,-168,-139,-141,-113,-114,-87,-88,-55,-56,};
uint16_t sol3B[225]={26,26,38,37,45,45,51,51,53,53,52,52,50,49,47,48,48,49,48,48,50,49,55,56,61,62,69,70,79,81,92,93,105,106,119,119,130,132,142,142,152,153,159,160,163,164,165,166,165,167,164,166,159,160,154,155,150,151,142,144,134,134,127,130,123,124,122,122,125,126,128,129,129,130,129,129,129,129,130,132,129,131,124,126,123,125,125,126,123,125,120,121,116,117,112,112,109,110,105,106,101,102,98,99,95,96,92,92,87,87,83,84,78,78,71,72,62,63,55,56,41,40,20,20,5,4,-12,-12,-26,-26,-36,-37,-49,-48,-59,-59,-74,-75,-91,-91,-105,-106,-121,-121,-135,-136,-148,-150,-161,-162,-173,-173,-176,-177,-174,-175,-173,-174,-174,-176,-185,-186,-190,-192,-192,-194,-195,-196,-197,-198,-196,-199,-200,-201,-206,-207,-219,-220,-233,-235,-246,-247,-258,-261,-270,-272,-279,-282,-289,-290,-291,-293,-289,-290,-284,-286,-278,-281,-275,-277,-269,-271,-255,-256,-234,-236,-197,-200,-154,-156,-116,-116,-75,-76,-41,-41,-11,-11,19,20,45,45,65,66,82,84,};
uint16_t lad3B[189]={28,28,44,45,58,58,75,75,92,93,107,108,120,121,134,135,148,149,162,163,174,175,184,186,195,198,204,206,210,211,217,220,226,228,231,233,236,237,236,238,233,235,229,230,222,224,216,217,206,208,198,199,190,191,182,183,174,175,165,167,155,157,140,140,124,125,113,114,105,106,98,99,91,92,79,79,65,65,51,52,38,38,26,26,13,13,2,3,-6,-6,-17,-17,-28,-28,-37,-37,-42,-43,-49,-49,-55,-54,-59,-58,-58,-59,-63,-64,-69,-70,-74,-75,-81,-82,-89,-89,-95,-96,-98,-98,-101,-101,-105,-107,-113,-113,-117,-118,-121,-123,-128,-128,-135,-135,-143,-145,-150,-151,-156,-158,-163,-165,-169,-170,-177,-179,-188,-188,-199,-200,-206,-208,-207,-208,-202,-204,-198,-200,-198,-199,-196,-198,-194,-194,-190,-192,-183,-186,-173,-174,-163,-164,-155,-156,-146,-147,-138,-139,-128,-129,-112,-112,-92,-91,-73,-73,-51,-51,-30,-30,};
uint16_t *arrayNotesA20[8] = {fad1,la1,do2,mi2,fad2,la2,do3,mi3,};
int taillesA20[8] = {953,801,674,535,476,400,337,267,};
uint16_t *arrayNotesB20[8] = {fad3,la3,do4,lad1,si1,re2,fa2,la2,};
int taillesB20[8] = {238,200,168,754,714,600,505,400,};
uint16_t *arrayNotesA27[8] = {si2,re3,fa3,la3,si3,re4,fa4,dod2,};
int taillesA27[8] = {357,300,252,200,178,150,126,636,};
uint16_t *arrayNotesB27[8] = {red2,sol2,lad2,re3,red3,sol3,lad3,};
int taillesB27[8] = {566,449,378,300,283,225,189,};
uint16_t *arrayNotesA20B[8] = {fad1B,la1B,do2B,mi2B,fad2B,la2B,do3B,mi3B,};
int taillesA20B[8] = {953,801,674,535,476,400,337,267,};
uint16_t *arrayNotesB20B[8] = {fad3B,la3B,do4B,lad1B,si1B,re2B,fa2B,la2B,};
int taillesB20B[8] = {238,200,168,754,714,600,505,400,};
uint16_t *arrayNotesA27B[8] = {si2B,re3B,fa3B,la3B,si3B,re4B,fa4B,dod2B,};
int taillesA27B[8] = {357,300,252,200,178,150,126,636,};
uint16_t *arrayNotesB27B[8] = {red2B,sol2B,lad2B,re3B,red3B,sol3B,lad3B,};
int taillesB27B[8] = {566,449,378,300,283,225,189,};
uint16_t fad1[953]={30,30,55,56,81,80,104,105,126,128,153,154,177,178,199,201,222,224,247,248,266,269,288,290,312,315,342,345,375,378,410,414,447,451,481,486,516,520,557,562,597,603,639,644,679,684,717,723,750,757,781,787,811,817,841,847,864,871,878,886,890,898,903,910,911,918,917,925,920,927,912,920,896,903,873,880,848,855,820,827,793,800,763,769,733,739,704,709,672,677,640,644,607,611,572,577,537,541,504,509,475,479,449,453,424,427,405,408,391,394,374,377,362,364,351,353,338,340,329,332,320,322,315,316,304,306,292,294,278,280,261,262,246,247,230,232,217,219,200,201,172,173,145,146,119,120,88,89,56,57,24,24,-7,-8,-41,-40,-71,-72,-98,-99,-127,-128,-160,-162,-191,-193,-225,-227,-262,-264,-305,-307,-349,-351,-388,-391,-433,-437,-475,-479,-515,-517,-554,-558,-594,-600,-633,-639,-669,-675,-706,-712,-741,-747,-767,-773,-787,-794,-807,-814,-825,-831,-837,-844,-846,-853,-852,-858,-852,-859,-842,-849,-823,-831,-799,-805,-766,-773,-734,-741,-702,-707,-666,-671,-633,-638,-597,-601,-559,-564,-522,-526,-488,-491,-458,-461,-433,-436,-404,-408,-375,-378,-352,-355,-338,-340,-325,-327,-313,-316,-300,-303,-290,-292,-279,-282,-268,-271,-260,-262,-254,-256,-249,-252,-240,-241,-226,-228,-212,-214,-197,-199,-181,-183,-163,-165,-149,-149,-128,-129,-102,-102,-80,-81,-54,-54,-27,-28,-1,-1,27,27,59,60,91,91,117,119,144,145,171,172,196,198,227,228,259,261,290,292,321,323,354,358,390,393,428,430,461,465,496,501,535,538,569,573,600,604,629,634,658,663,687,692,708,714,728,735,744,751,755,761,761,768,763,770,762,768,756,762,746,752,730,735,712,717,693,698,665,670,631,636,598,601,560,565,520,525,480,484,434,437,386,389,336,338,284,287,236,237,188,189,142,142,103,104,66,66,25,26,-10,-10,-38,-38,-60,-61,-83,-84,-103,-104,-118,-119,-128,-128,-136,-138,-142,-143,-142,-143,-138,-139,-134,-135,-136,-137,-127,-128,-118,-118,-113,-114,-107,-108,-99,-100,-88,-89,-85,-85,-80,-80,-70,-70,-66,-66,-65,-66,-63,-63,-60,-60,-60,-61,-58,-58,-62,-62,-65,-66,-67,-69,-74,-75,-77,-78,-84,-85,-90,-91,-95,-96,-100,-101,-106,-106,-110,-111,-114,-116,-117,-118,-126,-128,-128,-128,-122,-124,-116,-117,-103,-103,-89,-91,-71,-72,-48,-49,-25,-25,9,9,41,42,81,81,130,131,179,180,231,232,292,294,356,358,421,424,486,489,550,553,614,619,676,681,737,744,796,801,851,857,905,912,956,964,1007,1015,1056,1064,1102,1111,1140,1150,1173,1183,1205,1215,1230,1241,1253,1263,1274,1284,1288,1299,1302,1312,1313,1323,1319,1330,1322,1331,1316,1326,1308,1319,1295,1305,1274,1285,1250,1259,1224,1235,1193,1202,1158,1167,1121,1131,1080,1088,1038,1047,992,1000,944,950,893,899,841,848,788,794,734,740,685,690,633,638,580,585,526,531,469,474,418,420,367,369,313,315,263,266,218,220,175,177,139,139,104,106,72,72,40,40,10,9,-22,-22,-50,-51,-78,-79,-104,-105,-130,-131,-156,-156,-181,-182,-214,-215,-243,-246,-278,-278,-318,-320,-360,-364,-407,-409,-448,-451,-493,-496,-537,-540,-582,-586,-627,-633,-673,-678,-711,-716,-749,-755,-787,-795,-828,-835,-865,-872,-898,-905,-931,-938,-963,-971,-996,-1004,-1016,-1025,-1041,-1048,-1059,-1067,-1079,-1087,-1099,-1106,-1108,-1117,-1116,-1124,-1123,-1132,-1132,-1142,-1141,-1149,-1152,-1162,-1160,-1169,-1164,-1173,-1165,-1174,-1166,-1175,-1159,-1168,-1153,-1163,-1148,-1158,-1139,-1148,-1131,-1139,-1125,-1135,-1116,-1125,-1097,-1106,-1078,-1086,-1054,-1062,-1032,-1041,-1004,-1012,-964,-973,-926,-933,-888,-895,-847,-854,-811,-816,-772,-777,-726,-732,-682,-686,-634,-639,-587,-591,-539,-543,-498,-503,-453,-456,-404,-407,-365,-369,-329,-331,-299,-301,-266,-269,-234,-237,-212,-214,-192,-193,-169,-171,-150,-151,-133,-133,-117,-117,-104,-105,-87,-88,-60,-61,-30,-30,-3,-3,33,33,68,68,94,96,125,126,156,157,184,186,208,209,234,236,253,255,279,281,311,313,326,330,340,343,348,350,342,345,338,341,339,342,338,340,337,340,332,334,320,323,305,308,280,283,251,253,214,216,173,174,131,132,93,93,45,45,-6,-7,-62,-63,-120,-120,-181,-181,-248,-250,-309,-312,-372,-374,-423,-427,-465,-470,-503,-508,-537,-542,-569,-574,-601,-606,-635,-640,-666,-671,-695,-702,-719,-724,-737,-744,-754,-759,-766,-772,-776,-782,-787,-794,-804,-811,-816,-823,-840,-847,-865,-871,-888,-895,-904,-911,-916,-923,-921,-929,-921,-928,-924,-931,-933,-939,-948,-956,-962,-970,-967,-974,-958,-965,-942,-950,-917,-924,-886,-893,-848,-856,-812,-819,-768,-774,-719,-726,-671,-677,-614,-620,-560,-565,-498,-501,-435,-438,-372,-375,-306,-309,-251,-253,-202,-204,};
uint16_t la1[801]={431,431,483,487,532,536,580,584,620,625,653,659,684,690,707,713,721,727,715,720,689,695,650,654,591,595,519,522,437,441,336,339,227,230,120,121,13,14,-88,-90,-189,-192,-280,-283,-360,-364,-426,-429,-473,-476,-501,-505,-508,-512,-493,-497,-467,-470,-428,-431,-372,-376,-309,-311,-235,-238,-157,-158,-78,-79,3,3,87,88,174,175,263,265,347,350,432,435,510,514,583,588,655,660,721,727,782,789,837,843,879,886,915,922,942,949,961,968,970,979,962,971,940,947,909,916,869,875,827,834,781,787,728,734,677,682,619,624,555,559,493,497,432,436,369,371,310,311,252,254,197,199,135,137,77,77,27,27,-17,-18,-60,-59,-93,-94,-116,-116,-128,-129,-132,-134,-125,-126,-108,-109,-83,-84,-52,-51,-9,-8,49,50,114,115,185,186,255,257,319,322,376,380,425,428,462,466,482,487,490,494,490,493,484,488,479,482,478,482,481,484,488,492,505,508,524,529,538,543,540,544,534,539,522,525,495,499,458,463,419,421,373,375,322,323,264,266,195,196,119,120,46,46,-25,-25,-86,-87,-133,-136,-172,-174,-206,-208,-231,-233,-249,-251,-262,-264,-276,-279,-289,-292,-313,-315,-339,-341,-355,-358,-370,-373,-380,-383,-385,-388,-386,-390,-383,-385,-373,-376,-364,-366,-358,-360,-347,-351,-333,-336,-328,-330,-325,-327,-322,-323,-313,-316,-304,-307,-286,-288,-261,-262,-240,-242,-221,-224,-205,-207,-196,-197,-191,-194,-198,-199,-208,-210,-222,-224,-241,-242,-266,-267,-290,-293,-321,-324,-351,-354,-383,-387,-420,-424,-454,-457,-491,-495,-531,-536,-568,-572,-607,-612,-644,-650,-680,-685,-719,-723,-757,-763,-794,-800,-831,-838,-872,-879,-915,-923,-962,-969,-1011,-1019,-1054,-1062,-1091,-1102,-1126,-1136,-1165,-1173,-1194,-1203,-1220,-1229,-1256,-1267,-1285,-1296,-1308,-1320,-1328,-1338,-1344,-1354,-1350,-1361,-1342,-1353,-1323,-1333,-1287,-1298,-1222,-1232,-1124,-1134,-988,-996,-806,-812,-605,-610,-406,-408,-210,-212,-23,-22,155,156,321,325,473,477,595,600,689,695,767,774,830,836,873,880,917,924,957,965,985,992,1009,1017,1029,1038,1041,1050,1037,1046,1013,1021,961,968,875,882,759,766,625,630,475,478,318,320,163,164,13,12,-139,-139,-284,-287,-412,-416,-528,-531,-621,-625,-690,-695,-729,-735,-740,-745,-723,-728,-672,-677,-598,-602,-505,-509,-401,-405,-301,-304,-197,-199,-87,-88,23,24,134,135,250,252,370,374,486,490,600,604,709,714,813,820,900,906,981,989,1056,1064,1116,1125,1172,1182,1221,1231,1265,1274,1291,1302,1294,1305,1287,1298,1260,1270,1215,1225,1167,1176,1106,1115,1038,1045,968,975,898,906,828,835,753,759,676,682,601,605,515,519,431,435,353,357,273,275,203,205,131,133,54,55,-20,-20,-85,-87,-143,-143,-189,-190,-219,-221,-237,-239,-245,-247,-240,-243,-226,-228,-206,-208,-171,-173,-118,-119,-46,-46,49,49,160,161,273,275,376,378,462,464,532,538,591,597,632,637,652,658,659,664,653,659,645,651,654,659,668,674,685,691,713,719,749,754,782,788,813,819,838,845,850,855,834,841,804,810,759,765,686,692,597,602,497,502,386,390,272,274,159,160,58,58,-34,-35,-116,-115,-178,-179,-226,-228,-264,-266,-296,-297,-331,-334,-362,-366,-388,-391,-407,-409,-422,-426,-435,-438,-442,-446,-442,-445,-448,-452,-457,-460,-462,-464,-457,-461,-442,-445,-425,-428,-407,-410,-392,-396,-376,-379,-349,-352,-311,-314,-263,-266,-211,-212,-154,-156,-92,-93,-29,-29,32,32,75,75,101,101,105,106,88,88,61,62,34,34,-3,-3,-47,-48,-94,-95,-141,-141,-186,-188,-230,-233,-271,-273,-319,-322,-372,-375,-424,-428,-478,-482,-534,-538,-593,-597,-659,-664,-732,-739,-808,-815,-882,-889,-962,-969,-1043,-1051,-1119,-1129,-1191,-1201,-1259,-1268,-1320,-1331,-1382,-1393,-1448,-1460,-1510,-1523,-1567,-1578,-1608,-1621,-1644,-1657,-1676,-1688,-1696,-1709,-1707,-1720,-1714,-1727,-1715,-1729,-1707,-1720,-1682,-1695,-1628,-1641,-1531,-1544,-1383,-1394,-1174,-1184,-925,-932,-664,-669,-404,-407,-144,-146,107,108,344,346,557,562,738,742,};
uint16_t do2[674]={64,64,65,79,80,97,98,115,115,131,131,148,149,167,169,184,186,201,202,215,217,226,227,236,236,246,247,255,256,262,264,267,270,272,274,276,277,280,282,284,286,286,288,287,288,287,290,287,290,287,290,291,294,294,296,298,301,300,302,298,301,296,299,296,298,295,298,297,299,296,300,293,295,291,294,286,289,282,285,279,281,273,276,268,270,266,267,263,265,260,262,258,259,255,257,255,256,253,255,250,252,246,248,244,246,243,246,243,245,241,242,237,238,230,231,224,226,219,221,212,213,203,204,195,196,186,189,181,182,175,177,165,166,152,154,140,141,128,128,112,114,102,103,91,91,79,80,67,68,54,55,40,40,23,24,9,9,-6,-6,-22,-23,-37,-38,-50,-50,-62,-63,-76,-76,-89,-90,-104,-106,-120,-121,-135,-136,-154,-155,-171,-173,-188,-189,-202,-204,-215,-217,-226,-229,-238,-241,-251,-253,-265,-268,-277,-280,-288,-290,-298,-301,-305,-309,-309,-312,-313,-316,-319,-320,-326,-328,-332,-334,-339,-341,-348,-350,-358,-361,-368,-372,-377,-380,-383,-385,-388,-391,-395,-397,-401,-404,-405,-408,-405,-408,-404,-408,-408,-410,-412,-415,-419,-422,-426,-428,-423,-428,-423,-426,-422,-425,-421,-425,-421,-424,-423,-427,-420,-424,-420,-424,-419,-422,-415,-418,-407,-410,-400,-404,-394,-397,-387,-391,-380,-383,-370,-373,-360,-363,-345,-347,-330,-333,-320,-322,-301,-304,-279,-282,-256,-257,-232,-234,-208,-210,-186,-187,-166,-166,-145,-145,-123,-125,-98,-98,-72,-74,-47,-47,-18,-19,12,13,43,44,72,73,102,103,131,131,157,159,184,185,209,211,235,237,260,262,282,284,305,307,329,331,351,353,368,370,389,392,412,415,430,433,448,451,466,470,483,486,496,501,510,513,516,522,523,527,529,533,531,536,535,539,536,539,535,539,534,538,531,534,524,529,518,523,508,513,498,503,490,494,480,485,468,471,455,459,448,451,444,447,436,439,426,428,417,420,406,410,399,402,393,396,384,387,373,375,361,364,351,354,344,347,337,340,329,333,321,324,315,318,314,317,310,312,306,307,306,309,307,310,311,313,315,318,319,322,319,322,312,315,305,308,299,300,298,300,295,297,294,296,287,289,277,279,270,272,265,268,258,258,245,247,232,233,215,217,198,200,182,184,163,164,141,142,120,121,104,105,93,93,81,81,66,67,47,47,25,26,8,7,-11,-11,-29,-29,-43,-44,-60,-60,-83,-85,-108,-108,-129,-129,-151,-151,-176,-176,-196,-197,-217,-218,-234,-236,-248,-250,-261,-264,-278,-280,-291,-293,-308,-312,-326,-329,-339,-342,-351,-354,-364,-367,-371,-375,-377,-380,-385,-388,-393,-397,-403,-407,-413,-417,-431,-434,-447,-451,-455,-460,-467,-472,-478,-482,-483,-488,-492,-495,-503,-507,-521,-525,-545,-550,-570,-574,-596,-601,-618,-624,-628,-633,-640,-645,-650,-655,-654,-660,-666,-671,-680,-686,-695,-702,-708,-714,-715,-720,-719,-725,-723,-729,-721,-728,-719,-726,-721,-728,-721,-726,-724,-729,-731,-736,-737,-743,-736,-741,-730,-737,-714,-719,-690,-695,-666,-671,-645,-650,-622,-628,-600,-603,-579,-582,-557,-561,-529,-532,-494,-497,-456,-461,-417,-421,-377,-380,-337,-340,-297,-299,-256,-259,-218,-220,-176,-177,-136,-136,-94,-95,-50,-49,-5,-6,34,34,70,70,106,107,146,147,183,183,221,224,265,267,303,306,};
uint16_t mi2[535]={111,111,167,169,226,229,284,286,342,344,397,399,449,452,500,504,547,552,590,595,628,634,665,670,694,699,721,726,743,749,763,770,778,784,788,795,801,807,811,816,822,827,832,838,842,847,851,856,854,860,857,864,861,869,863,870,863,869,863,869,860,866,854,861,848,855,838,845,820,827,800,806,777,783,748,754,714,719,676,682,638,644,601,605,562,567,529,532,496,500,464,469,432,436,400,402,369,372,342,345,320,323,302,305,286,288,275,278,265,267,252,253,236,237,222,222,204,207,184,186,162,163,137,138,106,108,73,73,34,34,-7,-8,-52,-52,-102,-102,-150,-152,-203,-205,-256,-258,-309,-311,-360,-363,-409,-412,-458,-462,-505,-508,-548,-552,-586,-592,-621,-625,-651,-655,-679,-684,-701,-707,-721,-728,-739,-745,-753,-759,-765,-771,-776,-781,-781,-787,-784,-790,-788,-794,-787,-793,-783,-790,-781,-787,-780,-786,-772,-779,-767,-773,-761,-767,-747,-753,-730,-736,-708,-714,-680,-686,-652,-658,-623,-628,-595,-600,-565,-570,-532,-537,-499,-503,-460,-464,-417,-421,-376,-379,-336,-338,-297,-298,-258,-259,-224,-225,-196,-197,-162,-163,-128,-130,-99,-99,-69,-69,-39,-40,-14,-15,9,9,33,34,55,56,79,80,106,107,137,138,170,171,204,205,239,241,276,278,311,314,349,351,389,392,430,434,471,476,515,519,555,559,594,599,630,635,663,669,694,699,723,728,750,755,774,779,792,798,809,815,825,831,833,840,838,845,843,850,847,854,853,860,861,867,869,876,880,887,888,896,897,904,904,911,911,917,916,924,921,928,921,929,919,926,912,920,904,911,890,897,870,878,847,852,819,826,784,791,743,749,701,708,657,662,608,614,556,562,507,512,455,459,404,407,356,359,310,312,265,268,222,225,183,184,144,145,108,108,77,77,46,47,15,14,-14,-13,-40,-41,-69,-69,-98,-100,-132,-133,-166,-167,-207,-208,-252,-255,-296,-298,-336,-340,-381,-386,-430,-434,-481,-486,-533,-537,-586,-591,-636,-642,-686,-691,-735,-741,-781,-787,-828,-835,-874,-881,-909,-916,-942,-950,-973,-980,-999,-1007,-1027,-1035,-1056,-1064,-1083,-1092,-1108,-1116,-1134,-1142,-1158,-1167,-1177,-1187,-1195,-1205,-1213,-1223,-1228,-1237,-1245,-1256,-1264,-1274,-1282,-1292,-1295,-1305,-1299,-1309,-1300,-1312,-1297,-1306,-1284,-1294,-1266,-1276,-1246,-1257,-1223,-1232,-1191,-1200,-1153,-1162,-1112,-1121,-1067,-1077,-1016,-1025,-968,-975,-922,-929,-874,-882,-834,-842,-802,-809,-767,-773,-731,-736,-696,-702,-665,-671,-640,-644,-617,-622,-603,-607,-592,-597,-579,-584,-557,-560,-524,-528,-483,-487,-435,-438,-381,-384,-320,-323,-252,-255,-182,-182,-104,-105,-23,-22,65,65,156,157,254,256,351,354,};
uint16_t fad2[476]={-64,-64,-64,-44,-45,-24,-23,-5,-5,9,10,26,25,42,43,57,58,76,76,94,94,108,109,120,122,133,134,146,148,159,159,170,171,180,183,193,194,202,203,215,217,229,230,233,234,238,240,246,248,253,256,260,262,269,272,277,279,282,284,289,290,295,298,299,302,304,307,310,314,313,315,315,316,314,318,314,315,311,313,309,312,308,311,307,309,306,308,304,307,303,306,303,305,302,305,300,303,298,299,288,290,276,279,269,271,261,263,250,252,241,243,236,238,223,224,208,209,196,196,181,182,169,171,157,159,144,145,130,131,114,115,99,100,83,83,67,67,50,50,29,30,12,12,-1,-1,-15,-16,-31,-31,-49,-49,-64,-65,-81,-81,-101,-103,-122,-122,-139,-140,-153,-154,-169,-170,-189,-189,-205,-206,-220,-222,-234,-236,-242,-243,-247,-248,-254,-256,-263,-265,-271,-273,-279,-281,-286,-289,-291,-292,-294,-296,-295,-298,-294,-296,-294,-296,-295,-298,-295,-297,-295,-298,-297,-299,-294,-297,-290,-292,-285,-288,-280,-282,-271,-272,-259,-261,-248,-250,-236,-238,-224,-226,-209,-211,-195,-197,-184,-185,-173,-173,-158,-159,-141,-142,-122,-123,-104,-105,-91,-92,-80,-81,-64,-65,-46,-47,-29,-30,-12,-11,3,3,17,17,31,31,45,45,61,61,79,79,93,95,107,107,117,117,125,125,135,136,146,148,157,159,164,166,169,171,178,179,186,186,193,195,199,201,204,206,206,208,209,211,213,215,220,222,227,228,232,233,236,238,240,241,241,242,241,244,246,247,251,252,253,257,257,259,261,263,263,265,265,267,266,269,268,270,268,270,264,265,259,262,254,257,250,251,248,250,247,248,244,247,243,244,240,242,235,237,229,231,222,223,211,212,199,201,185,188,174,174,160,160,141,143,128,128,111,111,91,92,73,75,56,58,37,38,18,17,-4,-4,-29,-31,-56,-57,-88,-89,-121,-122,-152,-155,-184,-185,-215,-217,-246,-248,-281,-282,-316,-318,-350,-353,-382,-385,-408,-411,-438,-440,-467,-471,-495,-498,-519,-524,-547,-550,-572,-576,-592,-596,-613,-618,-630,-635,-641,-647,-650,-655,-656,-662,-658,-664,-655,-660,-653,-658,-650,-654,-638,-644,-628,-633,-616,-621,-601,-606,-586,-590,-570,-575,-548,-552,-526,-531,-505,-510,-480,-484,-453,-455,-425,-429,-401,-403,-374,-376,-342,-346,-312,-315,-282,-284,-249,-251,};
uint16_t do3[337]={91,91,206,206,348,350,505,509,655,662,769,776,847,853,917,924,979,988,1004,1013,999,1007,970,978,925,932,876,883,827,834,795,801,794,800,799,805,774,780,704,709,612,618,555,560,547,551,553,559,551,554,529,534,493,496,441,444,371,374,287,289,220,221,200,202,214,217,212,214,193,194,163,164,117,119,80,81,63,62,59,59,52,53,21,22,-30,-31,-88,-88,-144,-145,-184,-185,-210,-211,-248,-250,-293,-295,-340,-344,-382,-385,-408,-411,-439,-442,-490,-494,-538,-543,-584,-590,-641,-646,-682,-688,-710,-716,-750,-756,-823,-829,-908,-914,-977,-985,-1010,-1018,-1005,-1013,-965,-973,-887,-894,-791,-797,-718,-723,-671,-677,-630,-635,-586,-590,-528,-532,-467,-471,-402,-406,-313,-316,-205,-206,-108,-109,-52,-52,-36,-35,-22,-23,31,30,133,134,259,261,390,393,515,519,618,623,719,724,844,851,972,981,1080,1090,1159,1168,1203,1212,1222,1231,1232,1241,1249,1260,1273,1284,1283,1294,1263,1273,1210,1220,1159,1169,1154,1164,1183,1193,1207,1216,1229,1240,1266,1276,1306,1315,1318,1329,1281,1291,1230,1240,1189,1198,1132,1141,1056,1064,965,973,876,883,798,805,733,739,652,657,548,552,435,438,321,323,214,216,131,131,63,64,-20,-20,-130,-132,-254,-256,-371,-374,-478,-482,-571,-576,-653,-660,-735,-741,-828,-835,-936,-944,-1053,-1061,-1168,-1177,-1279,-1289,-1404,-1415,-1514,-1526,-1572,-1584,-1574,-1585,-1559,-1570,-1578,-1591,-1639,-1653,-1721,-1734,-1792,-1807,-1832,-1846,-1828,-1842,-1789,-1802,-1701,-1715,-1578,-1590,-1466,-1478,-1399,-1409,-1369,-1379,-1346,-1357,-1315,-1326,-1263,-1274,-1191,-1199,-1105,-1113,-1006,-1014,-897,-903,-781,-789,-694,-699,-653,-659,-631,-635,-597,-602,-531,-535,-407,-410,-221,-222,};
uint16_t mi3[267]={55,55,63,64,69,70,70,70,69,70,75,76,79,80,80,80,84,84,91,91,99,100,109,110,121,121,135,137,154,155,173,174,190,192,211,213,239,240,265,267,289,292,317,319,344,346,363,367,380,383,395,397,406,409,421,425,437,442,449,453,458,463,468,471,474,477,476,478,472,476,470,474,467,471,459,463,454,458,451,455,447,451,440,442,428,432,412,415,393,396,372,375,351,354,330,332,310,312,283,285,252,255,227,229,199,201,166,167,137,138,109,110,82,83,55,55,25,25,-4,-4,-32,-32,-62,-61,-92,-92,-120,-121,-140,-141,-158,-160,-181,-182,-202,-203,-220,-221,-238,-240,-253,-255,-267,-269,-282,-285,-301,-304,-322,-325,-342,-345,-355,-358,-361,-364,-377,-381,-400,-403,-423,-426,-450,-454,-474,-477,-482,-486,-483,-486,-493,-497,-509,-513,-517,-520,-518,-521,-519,-523,-512,-517,-492,-497,-473,-476,-456,-461,-449,-452,-439,-444,-418,-422,-395,-398,-384,-388,-374,-377,-358,-361,-351,-353,-341,-344,-323,-326,-309,-311,-301,-303,-296,-297,-294,-297,-289,-292,-277,-280,-256,-259,-230,-233,-205,-207,-178,-179,-150,-151,-123,-125,-95,-95,-63,-64,-29,-29,10,11,56,56,97,98,129,130,161,161,193,195,224,226,246,248,257,260,257,258,248,249,236,238,219,221,198,199,182,183,};
uint16_t fad3[238]={22,22,22,45,45,66,66,84,86,101,102,119,120,135,135,146,146,153,155,161,163,169,171,170,171,175,176,178,180,179,180,178,179,182,184,184,186,182,182,178,180,175,176,171,173,161,161,152,154,145,147,132,134,120,120,105,107,88,89,74,75,60,61,47,47,36,37,26,28,19,18,8,7,1,1,-2,-1,0,0,1,1,6,6,14,13,23,22,31,30,37,38,48,48,52,53,55,56,66,66,77,78,84,86,95,97,108,108,116,118,127,128,137,139,149,150,153,155,166,167,177,179,184,185,188,189,188,189,183,184,179,180,174,176,170,172,165,166,160,162,154,156,142,144,130,131,115,116,97,98,82,82,65,66,48,48,28,29,5,5,-18,-18,-41,-41,-63,-64,-85,-86,-109,-110,-134,-135,-158,-160,-186,-188,-214,-215,-241,-242,-267,-269,-294,-296,-316,-317,-333,-336,-352,-354,-361,-365,-367,-370,-371,-374,-370,-372,-368,-370,-365,-368,-358,-362,-353,-355,-346,-349,-338,-341,-331,-333,-317,-318,-296,-298,-280,-282,-262,-264,-238,-239,-214,-215,-189,-191,-160,-162,-130,-131,-98,-99,-65,-66,-34,-35,-6,-5,26,27,};
uint16_t do4[168]={78,78,79,106,108,132,134,153,154,170,171,186,188,200,201,215,217,226,229,237,238,248,249,255,259,263,265,271,273,273,276,272,274,274,276,274,277,271,274,268,270,269,271,273,274,276,280,281,284,286,287,284,287,283,286,282,285,281,282,275,279,272,274,269,271,262,264,256,258,245,247,231,233,216,219,199,199,178,180,161,163,145,145,127,127,105,105,75,76,40,40,3,1,-35,-35,-74,-75,-112,-113,-146,-148,-184,-185,-225,-226,-265,-267,-305,-307,-344,-346,-377,-381,-408,-412,-435,-439,-459,-464,-481,-484,-498,-502,-513,-517,-524,-529,-531,-534,-530,-534,-522,-527,-508,-512,-492,-496,-473,-476,-449,-453,-421,-425,-393,-396,-358,-361,-320,-322,-280,-282,-240,-241,-196,-198,-151,-152,-103,-104,-54,-54,-7,-7,41,40,83,83,122,123,};
uint16_t lad1[754]={-73,-73,-74,-42,-42,-14,-14,6,5,20,21,37,37,48,48,54,53,58,59,59,59,51,52,40,40,29,29,21,22,20,21,15,15,11,11,7,8,3,4,-2,-1,-4,-4,-10,-10,-20,-21,-31,-31,-41,-40,-49,-49,-58,-59,-63,-64,-68,-69,-72,-74,-84,-85,-98,-100,-110,-111,-119,-118,-129,-130,-140,-141,-147,-148,-150,-151,-146,-147,-140,-141,-133,-134,-119,-120,-100,-101,-80,-80,-56,-56,-31,-31,-5,-4,29,29,71,71,112,114,161,162,212,214,255,257,290,292,319,322,348,350,376,379,398,401,407,410,411,414,427,429,449,452,465,468,475,479,476,481,467,470,455,458,445,448,431,435,416,418,400,404,378,381,348,350,321,323,298,300,276,277,250,252,222,223,193,195,169,171,146,148,123,123,97,97,73,72,54,53,36,37,20,20,4,5,-5,-5,-16,-17,-35,-35,-48,-48,-50,-51,-46,-47,-42,-43,-36,-36,-29,-29,-24,-25,-18,-17,-6,-7,9,9,27,27,49,49,71,72,92,93,112,113,129,130,151,152,171,173,187,189,199,201,206,207,210,212,209,210,206,207,196,197,186,188,177,178,167,168,154,155,137,137,112,113,86,86,58,59,31,32,7,7,-15,-16,-35,-36,-53,-54,-69,-69,-86,-86,-105,-105,-121,-122,-136,-138,-148,-150,-157,-157,-162,-163,-162,-164,-159,-160,-150,-151,-142,-143,-128,-129,-113,-114,-102,-102,-93,-93,-80,-82,-62,-63,-37,-37,-11,-11,23,22,59,60,97,98,141,142,183,184,223,224,256,258,285,287,306,308,318,321,330,332,337,340,344,346,347,351,351,354,355,357,356,359,357,359,359,362,367,370,376,379,384,387,397,400,409,412,414,417,420,423,421,425,414,418,404,407,389,391,372,376,352,355,333,335,311,315,291,294,270,273,252,254,234,237,222,224,207,208,187,188,172,173,159,160,150,152,146,147,144,145,146,147,146,148,149,151,157,158,168,169,181,183,194,195,206,207,218,220,232,233,244,246,260,262,277,278,289,292,300,302,307,311,316,318,318,320,317,320,314,317,306,308,295,297,282,285,269,272,256,259,243,245,227,228,204,206,182,183,159,160,131,133,106,106,80,81,53,54,28,28,3,2,-21,-20,-44,-45,-66,-67,-91,-91,-123,-124,-151,-153,-176,-177,-198,-201,-221,-223,-241,-243,-265,-267,-287,-290,-304,-306,-321,-322,-337,-339,-353,-355,-365,-368,-375,-378,-383,-385,-383,-387,-379,-381,-372,-375,-366,-368,-357,-360,-345,-348,-333,-335,-322,-324,-316,-318,-317,-320,-316,-318,-314,-317,-316,-318,-309,-310,-301,-304,-297,-299,-293,-294,-293,-295,-293,-296,-291,-295,-293,-295,-295,-297,-292,-295,-288,-289,-280,-282,-270,-272,-260,-263,-258,-260,-255,-256,-252,-254,-248,-250,-244,-247,-240,-242,-239,-241,-241,-243,-250,-252,-258,-260,-260,-262,-261,-262,-262,-266,-261,-262,-258,-260,-260,-261,-258,-260,-252,-254,-246,-247,-237,-239,-225,-226,-212,-214,-203,-205,-198,-200,-193,-196,-191,-191,-183,-184,-172,-173,-159,-161,-142,-143,-124,-124,-107,-108,-96,-97,-92,-93,-92,-93,-92,-94,-96,-98,-99,-100,-96,-97,-90,-91,-88,-89,-85,-85,-80,-81,-72,-74,-67,-68,-64,-64,-60,-60,-58,-59,-57,-57,-57,-57,-57,-57,-57,-57,-54,-55,-51,-51,-53,-55,-59,-60,-61,-61,-59,-59,-55,-56,-55,-55,-54,-55,-55,-55,-54,-54,-52,-53,-53,-53,-52,-54,-55,-56,-62,-63,-64,-65,-65,-66,-67,-68,-67,-67,-68,-70,-77,-77,-88,-88,-98,-99,-107,-107,-112,-113,-115,-117,-122,-122,-130,-132,-141,-142,-146,-148,-153,-153,-160,-162,-169,-170,-177,-179,-188,-189,-199,-200,-206,-207,-207,-208,-202,-203,-193,-194,-181,-183,-166,-167,-144,-145,-119,-120,-92,-93,-59,-60,-24,-24,};
uint16_t si1[714]={45,45,46,63,63,82,84,100,101,115,115,130,130,139,141,145,145,157,159,167,169,177,179,185,186,193,194,204,206,216,217,222,223,226,227,229,230,227,229,225,226,224,226,226,227,225,227,224,225,222,223,218,219,215,217,212,213,208,209,204,206,199,201,199,200,198,199,195,197,195,196,187,188,181,182,181,182,176,177,170,171,166,168,166,167,161,162,158,159,150,151,139,138,131,132,127,129,128,130,133,134,136,136,132,133,127,127,121,122,115,116,110,112,110,110,108,110,106,106,107,108,110,110,111,112,117,118,118,119,111,113,110,111,109,110,109,111,116,117,122,123,130,131,131,132,136,137,141,142,144,146,147,147,144,145,143,145,144,146,145,147,146,148,150,152,148,149,144,146,141,142,131,132,123,124,114,115,102,103,94,94,85,86,78,78,66,67,54,55,42,42,25,25,7,7,-8,-8,-26,-25,-44,-45,-54,-56,-61,-63,-66,-66,-75,-76,-88,-88,-105,-106,-117,-118,-132,-133,-149,-151,-164,-166,-173,-175,-183,-185,-193,-196,-207,-208,-223,-224,-238,-239,-256,-258,-271,-274,-282,-283,-290,-293,-297,-300,-311,-313,-327,-330,-345,-349,-368,-372,-389,-392,-406,-409,-418,-421,-429,-432,-437,-441,-447,-451,-466,-470,-480,-484,-492,-496,-504,-509,-512,-518,-527,-531,-534,-538,-536,-540,-538,-543,-536,-541,-540,-544,-543,-547,-544,-548,-542,-547,-536,-539,-526,-532,-521,-526,-515,-519,-508,-512,-501,-505,-493,-497,-483,-487,-472,-474,-458,-461,-448,-451,-437,-440,-426,-428,-414,-418,-403,-405,-387,-391,-367,-370,-351,-355,-346,-349,-335,-337,-317,-319,-298,-301,-275,-277,-248,-251,-226,-228,-203,-205,-183,-185,-163,-164,-142,-143,-119,-120,-92,-93,-65,-64,-35,-35,-3,-3,25,26,53,53,85,86,112,113,136,136,162,164,187,189,219,220,254,256,288,290,320,322,346,348,369,371,388,390,403,406,422,425,443,447,465,468,483,487,501,505,516,520,524,529,530,533,535,539,539,541,534,539,529,533,525,530,520,525,516,521,507,511,494,499,479,483,467,471,458,462,443,447,426,430,417,420,404,408,388,392,371,374,355,357,342,346,333,335,327,329,319,322,310,313,301,304,294,296,289,291,281,284,272,275,268,271,267,269,266,267,269,270,273,275,272,274,273,275,276,278,277,278,276,277,273,275,276,278,284,286,288,291,294,296,300,302,297,299,296,298,296,298,296,299,296,299,294,296,288,291,280,283,273,275,270,272,262,264,253,255,244,247,234,235,221,223,205,207,187,187,172,173,156,158,142,142,133,135,121,123,107,107,96,97,84,85,71,72,56,57,39,39,22,22,-3,-2,-16,-16,-24,-24,-34,-34,-41,-41,-47,-47,-54,-55,-59,-60,-65,-65,-81,-81,-94,-95,-108,-108,-121,-121,-133,-135,-148,-149,-165,-166,-184,-186,-203,-204,-223,-226,-247,-248,-269,-272,-294,-296,-319,-322,-344,-346,-366,-370,-393,-396,-419,-423,-446,-449,-470,-474,-489,-493,-507,-512,-527,-532,-548,-552,-559,-564,-565,-569,-570,-574,-575,-580,-583,-587,-589,-594,-592,-596,-590,-595,-592,-596,-596,-601,-599,-604,-590,-594,-574,-578,-559,-563,-541,-545,-524,-529,-508,-512,-492,-497,-473,-477,-454,-458,-432,-435,-410,-414,-389,-391,-362,-366,-339,-342,-311,-313,-281,-283,-255,-256,-230,-231,-209,-211,-198,-199,-190,-192,-177,-177,-158,-160,-135,-136,-109,-110,-90,-90,-78,-79,-70,-71,-56,-56,-45,-45,-32,-33,-13,-13,10,10,32,32,52,51,64,65,72,73,};
uint16_t re2[600]={398,398,401,406,408,407,411,411,415,422,426,438,441,453,456,468,472,485,488,503,505,522,526,546,552,576,581,604,608,627,631,644,649,656,660,664,669,674,680,689,694,706,711,725,730,742,748,751,757,755,761,763,769,772,778,783,791,800,807,820,826,845,852,877,884,917,925,963,971,1009,1017,1045,1052,1070,1079,1087,1096,1089,1097,1072,1080,1042,1049,998,1007,948,955,887,895,817,824,739,745,651,657,560,565,474,477,403,407,350,353,300,302,251,253,204,206,168,169,140,142,118,119,101,102,81,81,48,49,16,15,-18,-18,-50,-51,-83,-83,-124,-124,-175,-177,-235,-236,-290,-293,-344,-347,-394,-398,-446,-450,-501,-506,-555,-561,-605,-609,-642,-648,-666,-671,-685,-690,-697,-703,-709,-714,-726,-733,-743,-749,-750,-756,-761,-766,-777,-783,-790,-795,-808,-815,-836,-841,-871,-878,-916,-923,-964,-972,-1009,-1016,-1051,-1059,-1086,-1095,-1112,-1120,-1127,-1135,-1138,-1146,-1150,-1159,-1146,-1155,-1137,-1148,-1121,-1129,-1105,-1113,-1095,-1103,-1081,-1089,-1059,-1067,-1038,-1047,-1028,-1037,-1022,-1030,-1021,-1030,-1041,-1049,-1056,-1063,-1041,-1048,-1003,-1012,-939,-947,-845,-851,-742,-748,-652,-657,-557,-561,-468,-471,-401,-404,-360,-362,-331,-334,-316,-318,-304,-305,-273,-275,-227,-228,-177,-179,-117,-117,-43,-42,25,26,78,79,116,117,148,149,167,168,186,187,204,206,227,228,256,258,290,292,319,322,338,341,349,352,347,350,327,329,293,296,254,256,208,210,170,172,141,142,119,121,106,107,98,99,95,97,102,102,117,118,138,139,171,173,219,222,277,279,334,337,393,395,451,454,511,514,576,581,641,647,699,704,750,755,793,799,824,830,849,856,874,882,905,911,936,943,968,976,1003,1011,1043,1052,1090,1098,1139,1149,1183,1192,1216,1224,1234,1243,1239,1247,1228,1238,1200,1209,1153,1162,1088,1097,1011,1020,933,939,859,865,793,800,737,742,683,688,628,634,575,579,522,526,471,474,416,419,358,361,301,304,244,247,195,196,148,148,98,99,41,41,-24,-24,-108,-108,-202,-204,-299,-301,-396,-399,-489,-493,-571,-576,-643,-648,-698,-703,-732,-737,-750,-757,-760,-765,-762,-767,-757,-763,-746,-751,-727,-734,-703,-709,-676,-681,-645,-650,-618,-625,-593,-598,-570,-575,-552,-557,-548,-552,-564,-568,-592,-596,-624,-629,-660,-665,-697,-703,-738,-745,-786,-792,-837,-844,-879,-886,-908,-914,-920,-928,-919,-926,-905,-912,-890,-897,-867,-874,-849,-857,-846,-854,-844,-849,-851,-857,-864,-870,-881,-888,-906,-913,-935,-943,-943,-951,-911,-918,-833,-840,-719,-724,-598,-603,-491,-495,-393,-397,-300,-303,-216,-219,-141,-142,-88,-90,-63,-63,-49,-49,-38,-38,-25,-26,-14,-14,-10,-10,-12,-12,-13,-14,-17,-18,-28,-28,-40,-40,-40,-40,-20,-19,22,21,74,76,141,141,215,217,292,294,355,358,400,403,431,436,459,462,480,485,500,503,512,516,523,526,539,544,559,562,572,577,577,582,569,574,558,562,553,558,561,565,579,583,606,611,644,648,689,695,741,748,};
uint16_t fa2[505]={1,1,0,0,0,0,1,1,0,0,0,0,0,0,1,0,1,1,0,0,0,0,-1,1,0,0,-1,1,0,0,0,0,0,0,-1,0,1,0,0,0,-1,0,-1,0,0,0,0,-1,0,0,0,0,-1,0,0,0,-1,0,0,0,0,1,1,0,0,0,1,0,0,0,0,0,0,0,-1,0,1,0,0,0,0,0,0,0,0,0,0,1,0,1,0,-1,0,0,-1,0,0,-1,-1,1,0,1,0,0,0,0,0,0,-1,1,0,0,0,0,0,0,0,0,1,0,0,0,0,1,0,0,-1,0,0,0,0,0,1,0,-1,0,1,0,0,0,0,0,0,-1,0,0,0,1,-1,0,0,1,0,1,-1,0,-1,0,-1,-1,0,-1,0,0,1,0,0,0,1,0,0,0,0,0,0,0,0,-1,-1,0,0,0,0,0,0,0,1,0,0,1,0,-1,0,0,0,0,1,0,-1,0,0,1,0,-1,0,0,0,0,0,0,0,1,-1,0,-1,0,0,0,-1,0,0,1,0,0,-1,-1,0,0,0,-1,0,0,1,0,1,0,0,0,0,0,0,0,0,0,0,0,0,-1,0,1,0,0,0,0,0,0,0,1,0,1,0,1,0,0,0,0,0,0,0,0,0,0,0,0,-1,-1,0,0,-1,0,0,0,0,0,1,1,0,0,1,0,-1,-1,-1,1,0,0,1,-1,0,0,0,-1,0,0,0,0,-1,1,1,0,0,0,0,0,0,0,1,1,0,-1,0,0,0,0,0,0,0,0,1,0,0,0,0,0,0,0,0,1,0,0,0,0,0,0,0,0,0,0,0,0,-1,-1,0,1,0,0,0,0,0,0,0,-1,0,0,0,0,1,0,0,0,0,0,-1,-1,0,-1,0,0,0,0,0,0,0,-1,0,0,1,1,0,0,0,0,0,1,1,-1,0,0,0,0,-1,0,1,0,0,0,-1,-1,-1,0,-1,0,0,-1,0,0,1,0,0,-1,0,0,0,0,0,0,0,0,0,0,0,0,0,0,1,0,0,1,-1,0,1,0,0,0,0,1,0,0,1,0,0,0,-1,1,0,1,0,0,0,0,0,0,0,0,1,0,1,0,0,0,0,0,0,0,0,0,0,0,0,0,0,1,1,0,0,1,0,0,-1,0,1,0,1,1,0,0,0,0,0,0,1,0,0,0,0,0,};
uint16_t la2[400]={5,5,5,24,24,36,36,48,50,63,63,78,79,95,96,106,108,117,118,127,128,135,135,142,144,149,150,150,152,153,155,155,157,154,154,152,153,155,156,158,159,166,167,174,175,179,181,186,188,194,196,205,206,216,217,230,232,242,245,246,247,256,259,268,270,276,278,295,297,300,302,304,306,319,321,319,322,318,320,321,325,320,322,321,324,325,326,322,324,329,331,332,334,321,325,318,320,310,313,299,301,293,296,286,288,275,277,263,265,254,257,241,244,229,231,221,224,212,214,207,208,195,196,174,176,155,156,132,133,107,109,90,90,76,77,58,59,40,41,19,21,-6,-6,-29,-29,-54,-55,-86,-86,-114,-115,-141,-141,-166,-166,-191,-192,-216,-218,-237,-240,-264,-266,-286,-288,-304,-307,-321,-325,-333,-336,-343,-346,-346,-349,-342,-346,-341,-344,-338,-341,-334,-337,-331,-333,-318,-321,-296,-298,-274,-276,-249,-251,-222,-225,-196,-198,-170,-173,-148,-150,-127,-128,-109,-110,-91,-92,-70,-70,-48,-48,-31,-31,-17,-17,-5,-5,4,4,12,11,16,17,24,23,27,27,23,23,21,21,25,24,27,26,29,29,34,35,42,43,54,54,62,63,69,70,73,75,75,75,81,81,86,86,86,88,94,96,104,106,108,108,110,112,113,115,119,120,119,121,112,112,103,104,87,89,74,75,56,56,34,35,19,18,2,2,-13,-13,-29,-29,-46,-46,-66,-66,-85,-85,-102,-104,-127,-128,-151,-153,-170,-170,-189,-191,-210,-211,-225,-226,-244,-246,-262,-264,-275,-278,-290,-293,-305,-307,-320,-322,-341,-343,-355,-359,-359,-361,-359,-362,-363,-365,-364,-367,-360,-362,-362,-364,-365,-368,-367,-370,-363,-365,-360,-362,-361,-363,-358,-361,-355,-359,-358,-361,-362,-365,-361,-363,-354,-355,-340,-343,-332,-334,-331,-334,-328,-330,-319,-321,-309,-311,-290,-292,-271,-274,-258,-259,-237,-238,-209,-211,-178,-180,-139,-140,-102,-102,-66,-66,-35,-35,-8,-8,21,21,46,46,68,70,};
uint16_t si2[357]={-53,-53,-58,-58,-61,-61,-68,-69,-77,-78,-79,-79,-75,-74,-55,-56,-41,-42,-33,-33,-24,-24,-18,-19,-14,-16,-13,-13,-15,-15,-16,-16,-21,-22,-34,-34,-45,-45,-54,-55,-74,-74,-94,-96,-118,-119,-141,-142,-166,-166,-187,-188,-206,-207,-220,-223,-225,-226,-227,-228,-230,-232,-230,-231,-226,-227,-221,-223,-214,-217,-207,-208,-199,-201,-195,-198,-191,-194,-191,-193,-190,-191,-186,-185,-179,-181,-180,-181,-179,-180,-175,-177,-174,-175,-168,-169,-161,-162,-158,-160,-148,-150,-142,-142,-137,-137,-123,-124,-112,-113,-95,-96,-71,-71,-49,-49,-31,-32,-16,-16,-11,-11,-7,-8,1,2,17,17,32,33,56,56,80,82,93,94,106,106,119,120,134,134,156,157,179,179,202,204,223,225,233,236,240,243,248,249,252,256,257,261,271,273,284,287,290,292,295,298,310,311,325,328,349,353,379,383,418,422,457,460,490,494,519,524,547,551,583,587,625,629,658,664,684,691,704,709,713,718,718,723,719,725,711,716,697,703,679,685,650,654,615,619,580,584,540,544,495,498,443,447,394,399,348,352,293,295,244,246,207,209,172,174,143,143,114,114,85,86,56,55,26,26,-9,-8,-41,-43,-67,-67,-87,-89,-115,-115,-141,-143,-163,-164,-184,-185,-219,-221,-254,-256,-278,-279,-296,-298,-308,-311,-326,-328,-345,-348,-361,-364,-384,-387,-421,-423,-449,-451,-447,-452,-444,-447,-454,-458,-461,-465,-472,-476,-475,-480,-485,-488,-499,-503,-493,-497,-478,-481,-472,-476,-469,-473,-465,-469,-462,-466,-447,-451,-432,-436,-419,-423,-406,-410,-396,-400,-399,-402,-394,-396,-371,-374,-357,-360,-359,-362,-365,-368,-363,-366,-353,-356,-347,-350,-336,-339,-312,-315,-302,-304,-290,-292,-271,-274,-254,-256,-223,-225,-182,-183,-137,-138,-97,-98,-59,-59,};
uint16_t fa3[252]={-97,-97,-99,-66,-67,-36,-37,-6,-6,27,26,54,53,80,80,104,104,125,125,147,148,170,172,190,192,203,205,218,219,232,234,241,243,247,249,246,248,244,246,242,244,243,244,237,240,231,233,226,227,218,219,209,210,195,196,177,178,160,162,145,146,130,132,114,114,98,99,83,84,75,76,75,75,71,71,69,69,70,71,69,69,63,63,58,58,57,56,64,64,72,73,82,82,93,94,108,109,122,123,136,136,152,152,166,167,180,182,197,199,215,216,234,236,255,257,270,274,282,285,292,295,302,305,310,311,313,316,321,324,324,326,324,326,325,328,327,330,324,327,320,322,316,318,310,313,306,308,301,302,292,294,279,282,265,268,252,254,236,237,220,222,205,207,188,188,167,169,147,148,125,125,100,101,70,71,37,37,-1,0,-44,-44,-81,-82,-114,-115,-151,-151,-193,-195,-236,-237,-271,-273,-301,-302,-321,-324,-344,-347,-370,-372,-395,-399,-427,-430,-462,-465,-495,-498,-524,-529,-549,-552,-575,-580,-602,-607,-620,-623,-631,-635,-642,-647,-652,-657,-651,-656,-653,-657,-655,-660,-647,-650,-629,-633,-602,-606,-561,-565,-513,-518,-461,-465,-405,-408,-350,-352,-297,-299,-244,-246,-188,-189,};
uint16_t la3[200]={-104,-104,-104,-63,-64,-30,-29,-6,-6,12,11,24,24,34,34,47,47,64,65,90,91,123,125,168,169,220,222,270,273,312,315,343,346,368,370,380,383,383,386,376,379,355,358,328,331,297,300,265,267,241,242,224,226,219,220,221,223,235,236,254,256,277,278,300,303,325,328,348,350,355,358,350,353,324,326,280,282,226,227,166,167,105,106,54,55,14,13,-13,-13,-22,-22,-15,-16,1,1,28,28,62,62,94,96,121,124,138,140,143,145,136,138,117,119,88,88,49,49,8,8,-21,-22,-38,-38,-37,-37,-19,-19,-2,-2,16,16,31,31,40,40,46,45,35,35,13,13,-18,-19,-58,-58,-100,-100,-145,-145,-187,-190,-233,-235,-285,-287,-332,-333,-352,-356,-363,-367,-371,-375,-366,-368,-355,-358,-338,-341,-307,-310,-282,-284,-282,-285,-306,-307,-339,-341,-374,-377,-409,-412,-443,-446,-476,-479,-500,-504,-511,-516,-498,-502,-456,-460,-394,-397,-314,-317,-226,-228,-132,-133,};
uint16_t si3[178]={10,10,11,24,25,36,35,50,49,65,66,79,80,95,95,114,114,133,135,154,155,169,171,179,181,192,194,204,206,218,218,229,231,241,243,245,247,246,248,248,249,246,248,242,243,236,239,230,232,221,223,211,213,200,202,188,189,176,178,167,170,160,161,156,157,156,157,160,161,165,166,163,164,160,161,153,154,146,148,148,149,146,147,138,138,129,130,116,117,102,104,90,91,79,79,63,64,47,46,29,29,10,11,-9,-10,-27,-28,-47,-47,-65,-66,-86,-87,-105,-105,-121,-122,-141,-142,-160,-161,-178,-180,-196,-197,-212,-214,-227,-229,-244,-245,-263,-266,-282,-286,-300,-302,-317,-318,-324,-326,-326,-329,-328,-330,-323,-326,-315,-318,-306,-308,-296,-298,-279,-281,-260,-262,-234,-236,-208,-210,-176,-177,-146,-146,-122,-122,-97,-98,-74,-75,-59,-58,-44,-44,-25,-25,-4,-3,};
uint16_t re4[150]={63,63,63,106,106,145,146,180,182,213,215,243,245,270,272,299,301,329,332,361,364,393,396,420,425,441,443,451,455,456,459,460,463,459,462,450,453,438,441,424,427,406,410,382,385,358,360,333,336,309,311,286,289,261,264,236,238,211,213,190,191,170,172,152,153,139,140,121,122,100,101,83,84,65,66,49,49,32,32,12,13,-8,-7,-35,-36,-68,-69,-100,-100,-129,-130,-157,-158,-181,-183,-208,-211,-238,-241,-272,-274,-310,-312,-346,-347,-378,-379,-399,-403,-415,-419,-427,-430,-439,-443,-453,-457,-466,-470,-478,-481,-477,-482,-467,-471,-448,-452,-426,-431,-408,-411,-386,-389,-357,-361,-320,-323,-275,-278,-232,-233,-188,-189,-140,-140,-91,-91,-44,-44,-5,-5,};
uint16_t fa4[126]={36,36,35,65,66,98,99,134,136,168,169,184,186,210,211,233,234,246,249,257,258,264,266,266,269,263,265,264,266,260,262,247,250,237,238,230,232,217,219,194,196,175,175,156,157,138,140,120,121,97,97,75,75,49,49,22,23,-8,-8,-42,-42,-73,-74,-96,-96,-113,-114,-139,-141,-162,-164,-184,-184,-211,-213,-237,-239,-250,-252,-262,-264,-279,-281,-284,-286,-290,-293,-299,-302,-302,-304,-307,-310,-308,-310,-312,-314,-318,-320,-314,-317,-301,-303,-275,-278,-253,-255,-235,-237,-214,-216,-202,-204,-180,-181,-140,-141,-90,-91,-47,-48,-12,-12,22,22,53,54,};
uint16_t dod2[636]={129,129,130,148,149,178,180,209,211,226,228,235,237,233,234,215,217,190,192,166,166,147,148,126,126,101,103,75,76,49,49,38,37,37,37,38,38,38,39,40,40,33,32,25,25,18,17,9,9,13,13,33,34,62,63,97,98,136,137,175,176,208,210,237,238,251,253,259,260,275,276,296,299,324,327,360,363,398,402,445,448,490,494,521,525,550,554,578,582,597,601,619,624,636,642,635,641,632,637,623,627,603,608,584,588,557,562,519,524,468,472,404,406,324,326,237,238,155,155,74,75,6,6,-58,-59,-131,-131,-201,-204,-276,-278,-352,-356,-416,-420,-469,-474,-524,-528,-577,-581,-620,-625,-663,-668,-693,-697,-709,-715,-722,-726,-721,-726,-701,-707,-676,-682,-648,-654,-614,-620,-576,-580,-529,-533,-485,-488,-441,-446,-398,-401,-359,-362,-329,-332,-293,-295,-263,-267,-243,-246,-228,-230,-210,-212,-192,-193,-170,-170,-154,-156,-138,-139,-116,-117,-95,-96,-71,-72,-40,-41,-15,-16,9,8,29,30,30,30,25,24,15,15,-11,-11,-41,-41,-71,-73,-112,-114,-160,-161,-208,-210,-261,-263,-321,-325,-382,-385,-432,-436,-484,-488,-533,-537,-579,-582,-621,-625,-668,-673,-712,-718,-753,-758,-788,-795,-815,-822,-835,-842,-848,-854,-857,-864,-854,-860,-836,-843,-812,-819,-778,-784,-733,-738,-679,-685,-623,-627,-559,-563,-490,-495,-423,-426,-358,-361,-285,-287,-215,-218,-154,-155,-88,-89,-21,-20,39,41,100,101,145,147,183,184,225,227,265,267,304,306,336,339,368,372,393,396,414,417,433,436,453,455,476,479,498,502,521,525,536,541,540,545,529,534,525,528,520,524,503,506,481,484,452,455,431,434,418,422,403,405,390,392,374,377,353,356,344,347,341,343,334,336,337,340,345,347,354,357,367,371,375,379,393,397,415,417,433,437,463,468,501,505,543,547,595,601,649,654,701,707,761,767,821,827,886,894,946,953,1002,1009,1055,1063,1104,1114,1147,1157,1181,1191,1211,1221,1250,1260,1287,1298,1316,1327,1343,1354,1364,1375,1375,1386,1372,1382,1359,1371,1341,1352,1299,1309,1236,1245,1171,1180,1088,1096,992,1000,905,912,814,821,713,720,608,613,498,502,389,392,282,284,176,177,79,80,-5,-6,-79,-79,-145,-145,-202,-203,-248,-250,-292,-295,-337,-340,-377,-381,-410,-413,-434,-438,-448,-452,-450,-454,-448,-453,-440,-443,-419,-422,-391,-395,-366,-369,-345,-347,-324,-326,-303,-305,-286,-288,-267,-270,-245,-248,-226,-228,-204,-206,-180,-181,-163,-164,-141,-142,-122,-123,-104,-104,-83,-84,-57,-57,-36,-37,-17,-17,3,4,17,18,25,25,35,35,33,33,20,20,3,3,-24,-25,-59,-59,-102,-104,-156,-158,-208,-210,-264,-265,-323,-325,-380,-383,-438,-442,-504,-508,-572,-577,-645,-650,-721,-727,-793,-800,-862,-869,-935,-942,-1005,-1014,-1072,-1081,-1137,-1146,-1195,-1205,-1239,-1249,-1272,-1283,-1287,-1297,-1280,-1290,-1264,-1274,-1233,-1244,-1194,-1204,-1152,-1161,-1101,-1110,-1045,-1054,-987,-996,-925,-933,-857,-864,-793,-800,-727,-732,-661,-666,-605,-610,-540,-545,-475,-479,-422,-426,-364,-367,-300,-303,-242,-244,-186,-188,-131,-132,-76,-77,-23,-23,32,32,80,80,117,118,156,156,194,196,228,229,};
uint16_t red2[566]={-1,-1,0,0,0,0,0,0,0,0,0,0,0,0,0,0,0,0,-1,0,0,0,0,0,0,-1,0,0,0,0,0,0,0,0,1,0,0,0,0,0,1,0,0,0,-1,0,0,0,-1,0,0,0,0,0,0,0,1,-1,0,-1,0,1,0,0,0,0,0,0,0,1,0,1,0,0,1,0,0,-1,1,0,0,-1,0,0,0,0,0,0,-1,0,0,0,0,0,-1,0,0,0,0,-1,-1,1,1,0,0,-1,0,-1,0,0,1,1,0,1,0,0,0,0,0,0,0,0,0,0,-1,-1,0,0,-1,0,0,0,0,1,0,0,-1,0,-1,0,0,0,0,0,0,-1,0,-1,0,0,0,1,1,-1,0,-1,-1,0,0,0,0,0,0,0,0,0,1,0,0,-1,0,1,0,0,-1,-1,0,0,-1,-1,0,0,0,-1,0,0,1,-1,0,0,0,0,0,1,-1,-1,0,0,0,0,1,-1,0,1,1,-1,0,1,0,-1,0,0,0,0,-1,-1,0,0,0,-1,0,0,0,0,0,0,0,-1,0,0,1,1,0,-1,0,0,0,0,-1,0,0,0,0,0,0,0,0,0,0,1,-1,0,-1,0,-1,1,0,1,0,-1,0,0,-1,0,0,0,0,0,0,0,1,0,0,0,0,0,0,0,1,0,0,0,0,1,0,1,0,0,0,0,0,-1,0,1,0,0,-1,0,0,-1,-1,0,0,0,0,0,0,0,0,0,0,0,0,0,0,0,0,0,0,0,0,0,1,1,0,1,0,1,0,0,0,0,0,0,1,0,0,0,0,0,1,0,0,1,0,0,0,0,1,0,0,0,0,1,0,0,0,0,-1,0,0,0,0,0,0,0,0,0,0,1,1,0,0,0,0,0,0,0,0,0,1,0,0,0,0,0,0,0,1,0,0,0,0,0,1,0,0,1,0,0,1,0,0,0,1,0,0,0,0,0,0,1,0,0,0,0,-1,0,0,0,0,0,0,0,0,0,0,0,1,0,0,0,1,0,0,0,1,1,0,0,0,0,0,0,-1,1,0,0,-1,0,0,-1,0,-1,0,0,0,0,0,0,-1,0,0,0,-1,0,1,1,0,1,0,-1,1,-1,0,0,-1,0,1,0,0,0,0,-1,0,0,0,0,-1,0,-1,0,0,0,0,0,0,0,0,0,0,-1,0,0,0,0,0,-1,0,0,0,0,0,0,0,0,0,0,0,1,0,0,0,0,0,0,0,0,1,1,0,0,-1,0,0,0,0,0,-1,0,0,0,1,-1,0,0,1,1,0,-1,0,0,0,-1,1,0,0,0,1,0,-1,0,-1,0,0,0,0,};
uint16_t sol2[449]={-1,-1,24,24,51,51,76,75,98,99,120,121,141,141,157,158,175,176,193,195,214,216,233,235,255,256,277,280,300,303,325,327,351,354,379,382,408,411,436,440,459,462,482,486,505,510,524,529,541,546,555,559,562,567,569,573,573,576,572,577,567,573,564,570,556,561,545,550,534,538,522,525,506,510,491,496,477,482,462,466,441,445,419,422,399,400,377,379,354,356,332,336,312,315,291,293,268,270,242,244,218,219,191,193,163,164,135,136,102,104,68,68,32,33,-6,-5,-44,-45,-87,-88,-130,-131,-171,-171,-214,-216,-259,-261,-305,-308,-349,-353,-390,-394,-430,-433,-468,-472,-501,-505,-530,-534,-559,-562,-584,-589,-608,-614,-632,-638,-657,-662,-680,-686,-702,-708,-721,-728,-740,-746,-759,-765,-776,-782,-791,-798,-807,-813,-819,-827,-832,-839,-843,-849,-853,-860,-861,-869,-868,-874,-874,-880,-876,-883,-874,-881,-871,-879,-868,-876,-857,-864,-842,-849,-823,-830,-802,-809,-778,-784,-751,-756,-719,-725,-684,-689,-647,-652,-607,-612,-566,-570,-522,-526,-477,-480,-430,-434,-380,-383,-331,-334,-288,-289,-242,-244,-195,-196,-148,-149,-110,-110,-73,-74,-35,-37,4,4,45,45,84,85,123,125,161,163,201,202,237,239,275,277,315,319,357,359,396,399,437,439,478,481,519,523,561,566,601,605,640,646,675,680,710,716,739,746,767,772,790,795,805,812,819,825,830,836,832,838,831,836,826,832,822,828,818,824,810,816,802,808,792,800,785,793,779,785,769,776,759,765,745,752,731,738,712,718,693,697,671,676,645,650,614,619,584,589,552,557,520,524,486,489,446,450,406,410,367,369,324,327,277,280,224,224,176,177,133,135,86,86,40,41,-5,-5,-52,-53,-94,-95,-130,-133,-162,-163,-195,-196,-229,-231,-257,-259,-280,-283,-303,-305,-322,-325,-337,-340,-351,-354,-366,-368,-376,-379,-386,-389,-401,-404,-411,-415,-417,-421,-427,-431,-445,-448,-459,-462,-472,-475,-484,-488,-499,-502,-513,-518,-526,-530,-539,-541,-550,-555,-555,-560,-552,-556,-551,-555,-550,-554,-540,-544,-525,-529,-509,-513,-486,-490,-455,-458,-422,-424,-394,-397,-361,-365,-324,-326,-287,-290,-252,-253,-213,-215,-174,-176,-138,-138,-101,-102,-64,-66,};
uint16_t lad2[378]={-61,-61,-61,-41,-42,-27,-27,-12,-11,8,8,25,24,37,38,50,50,56,55,60,60,73,73,95,96,114,114,130,131,144,145,155,157,167,168,172,174,175,176,178,179,186,186,200,202,211,212,215,218,219,220,222,225,223,224,218,220,215,216,212,215,208,211,203,204,197,199,189,192,184,185,175,177,165,166,157,159,156,157,151,152,137,138,119,119,99,100,82,81,67,69,60,61,60,60,55,55,35,35,12,12,-4,-4,-16,-17,-18,-17,-15,-16,-16,-16,-19,-20,-34,-36,-54,-53,-74,-75,-96,-97,-104,-104,-94,-95,-96,-98,-110,-110,-121,-122,-134,-134,-152,-154,-169,-169,-172,-174,-167,-168,-163,-164,-171,-172,-179,-181,-190,-192,-203,-205,-214,-217,-218,-219,-211,-212,-199,-201,-185,-187,-179,-180,-184,-185,-183,-185,-171,-174,-162,-163,-155,-157,-139,-140,-118,-119,-109,-111,-99,-100,-80,-81,-58,-58,-44,-44,-29,-30,-3,-3,26,25,31,31,44,44,62,62,65,66,79,80,88,89,105,107,130,131,140,142,157,158,164,165,162,164,174,175,188,189,195,195,201,202,207,207,214,216,227,230,233,233,234,236,234,235,233,234,230,232,226,228,226,227,227,229,233,235,233,235,227,230,217,219,207,208,199,199,184,186,168,169,155,156,136,138,117,119,104,105,91,92,68,69,41,41,21,22,10,9,-5,-6,-33,-33,-59,-60,-80,-81,-98,-99,-112,-113,-115,-116,-112,-113,-124,-125,-156,-157,-190,-191,-213,-215,-228,-230,-230,-233,-227,-228,-226,-228,-233,-235,-241,-243,-263,-263,-287,-290,-301,-303,-307,-310,-311,-314,-311,-315,-305,-307,-298,-301,-307,-309,-331,-334,-353,-357,-356,-358,-348,-349,-333,-335,-312,-315,-290,-293,-285,-288,-292,-294,-295,-298,-295,-298,-289,-290,-262,-264,-230,-231,-198,-201,-173,-174,-154,-156,-133,-133,-109,-111,-87,-87,-57,-57,-25,-24,};
uint16_t re3[300]={74,74,73,109,110,145,147,180,182,204,205,231,233,259,260,288,290,310,313,327,329,338,342,346,349,357,360,359,361,365,368,371,375,379,382,380,383,373,376,376,379,377,381,371,373,358,360,348,351,348,351,343,347,332,335,320,322,312,314,296,298,273,275,253,255,235,237,213,215,186,187,158,159,133,134,112,113,86,85,56,56,25,25,-7,-7,-34,-34,-55,-55,-75,-75,-102,-102,-122,-123,-144,-146,-166,-168,-176,-178,-187,-188,-189,-189,-185,-187,-184,-186,-184,-185,-190,-193,-198,-200,-207,-208,-214,-215,-208,-209,-207,-209,-205,-207,-203,-204,-195,-196,-176,-178,-149,-150,-114,-115,-78,-79,-45,-46,-7,-8,22,22,55,57,91,91,124,125,155,157,178,180,188,190,199,201,212,213,212,215,212,214,212,214,210,211,204,207,203,204,196,198,193,195,192,194,191,194,188,188,188,189,188,189,188,190,204,205,206,208,212,213,216,218,218,219,210,212,206,208,199,201,190,191,177,178,154,155,124,125,82,82,42,41,-13,-14,-71,-72,-127,-128,-182,-183,-235,-236,-281,-283,-328,-330,-380,-385,-430,-433,-478,-482,-526,-530,-572,-577,-617,-621,-658,-662,-693,-698,-726,-732,-751,-758,-773,-779,-791,-798,-802,-808,-804,-811,-804,-812,-807,-812,-803,-810,-796,-803,-789,-795,-783,-790,-757,-763,-723,-729,-692,-696,-652,-658,-604,-608,-549,-554,-488,-493,-423,-426,-362,-365,-304,-306,-241,-243,-170,-171,-94,-95,-7,-8,73,73,148,149,};
uint16_t red3[283]={0,0,25,25,55,55,86,86,116,116,145,145,172,173,199,201,227,229,249,251,269,270,285,287,293,296,299,301,304,305,308,309,309,312,310,313,307,310,298,300,285,286,272,274,263,266,254,257,246,247,232,234,219,221,210,212,195,198,175,176,153,154,130,131,112,113,96,97,74,75,51,52,28,28,6,6,-12,-12,-31,-31,-54,-55,-82,-82,-106,-108,-132,-133,-155,-157,-177,-178,-195,-196,-213,-215,-227,-230,-235,-237,-235,-238,-229,-231,-216,-218,-200,-201,-183,-184,-163,-165,-144,-145,-124,-125,-106,-108,-89,-91,-68,-69,-44,-43,-18,-19,4,4,22,22,35,35,52,51,66,67,79,79,96,97,114,114,127,128,144,146,168,170,194,194,221,222,245,246,264,266,281,284,294,297,302,306,309,312,317,320,322,325,323,326,320,322,312,315,302,304,286,289,268,271,251,253,232,234,212,214,194,195,176,177,160,161,142,142,115,116,92,92,74,74,53,54,30,29,-3,-3,-42,-42,-78,-79,-107,-110,-134,-134,-154,-156,-181,-182,-212,-215,-247,-250,-288,-290,-330,-332,-368,-370,-400,-403,-436,-439,-473,-476,-506,-510,-530,-535,-544,-548,-549,-553,-549,-553,-545,-548,-535,-539,-518,-523,-494,-497,-462,-466,-433,-436,-408,-411,-385,-389,-357,-359,-327,-329,-295,-297,-268,-270,-246,-248,-221,-223,-195,-195,-167,-168,-139,-141,-113,-114,-87,-88,-55,-56,};
uint16_t sol3[225]={26,26,38,37,45,45,51,51,53,53,52,52,50,49,47,48,48,49,48,48,50,49,55,56,61,62,69,70,79,81,92,93,105,106,119,119,130,132,142,142,152,153,159,160,163,164,165,166,165,167,164,166,159,160,154,155,150,151,142,144,134,134,127,130,123,124,122,122,125,126,128,129,129,130,129,129,129,129,130,132,129,131,124,126,123,125,125,126,123,125,120,121,116,117,112,112,109,110,105,106,101,102,98,99,95,96,92,92,87,87,83,84,78,78,71,72,62,63,55,56,41,40,20,20,5,4,-12,-12,-26,-26,-36,-37,-49,-48,-59,-59,-74,-75,-91,-91,-105,-106,-121,-121,-135,-136,-148,-150,-161,-162,-173,-173,-176,-177,-174,-175,-173,-174,-174,-176,-185,-186,-190,-192,-192,-194,-195,-196,-197,-198,-196,-199,-200,-201,-206,-207,-219,-220,-233,-235,-246,-247,-258,-261,-270,-272,-279,-282,-289,-290,-291,-293,-289,-290,-284,-286,-278,-281,-275,-277,-269,-271,-255,-256,-234,-236,-197,-200,-154,-156,-116,-116,-75,-76,-41,-41,-11,-11,19,20,45,45,65,66,82,84,};
uint16_t lad3[189]={28,28,44,45,58,58,75,75,92,93,107,108,120,121,134,135,148,149,162,163,174,175,184,186,195,198,204,206,210,211,217,220,226,228,231,233,236,237,236,238,233,235,229,230,222,224,216,217,206,208,198,199,190,191,182,183,174,175,165,167,155,157,140,140,124,125,113,114,105,106,98,99,91,92,79,79,65,65,51,52,38,38,26,26,13,13,2,3,-6,-6,-17,-17,-28,-28,-37,-37,-42,-43,-49,-49,-55,-54,-59,-58,-58,-59,-63,-64,-69,-70,-74,-75,-81,-82,-89,-89,-95,-96,-98,-98,-101,-101,-105,-107,-113,-113,-117,-118,-121,-123,-128,-128,-135,-135,-143,-145,-150,-151,-156,-158,-163,-165,-169,-170,-177,-179,-188,-188,-199,-200,-206,-208,-207,-208,-202,-204,-198,-200,-198,-199,-196,-198,-194,-194,-190,-192,-183,-186,-173,-174,-163,-164,-155,-156,-146,-147,-138,-139,-128,-129,-112,-112,-92,-91,-73,-73,-51,-51,-30,-30,};
uint16_t fad1B[953]={30,30,55,56,81,80,104,105,126,128,153,154,177,178,199,201,222,224,247,248,266,269,288,290,312,315,342,345,375,378,410,414,447,451,481,486,516,520,557,562,597,603,639,644,679,684,717,723,750,757,781,787,811,817,841,847,864,871,878,886,890,898,903,910,911,918,917,925,920,927,912,920,896,903,873,880,848,855,820,827,793,800,763,769,733,739,704,709,672,677,640,644,607,611,572,577,537,541,504,509,475,479,449,453,424,427,405,408,391,394,374,377,362,364,351,353,338,340,329,332,320,322,315,316,304,306,292,294,278,280,261,262,246,247,230,232,217,219,200,201,172,173,145,146,119,120,88,89,56,57,24,24,-7,-8,-41,-40,-71,-72,-98,-99,-127,-128,-160,-162,-191,-193,-225,-227,-262,-264,-305,-307,-349,-351,-388,-391,-433,-437,-475,-479,-515,-517,-554,-558,-594,-600,-633,-639,-669,-675,-706,-712,-741,-747,-767,-773,-787,-794,-807,-814,-825,-831,-837,-844,-846,-853,-852,-858,-852,-859,-842,-849,-823,-831,-799,-805,-766,-773,-734,-741,-702,-707,-666,-671,-633,-638,-597,-601,-559,-564,-522,-526,-488,-491,-458,-461,-433,-436,-404,-408,-375,-378,-352,-355,-338,-340,-325,-327,-313,-316,-300,-303,-290,-292,-279,-282,-268,-271,-260,-262,-254,-256,-249,-252,-240,-241,-226,-228,-212,-214,-197,-199,-181,-183,-163,-165,-149,-149,-128,-129,-102,-102,-80,-81,-54,-54,-27,-28,-1,-1,27,27,59,60,91,91,117,119,144,145,171,172,196,198,227,228,259,261,290,292,321,323,354,358,390,393,428,430,461,465,496,501,535,538,569,573,600,604,629,634,658,663,687,692,708,714,728,735,744,751,755,761,761,768,763,770,762,768,756,762,746,752,730,735,712,717,693,698,665,670,631,636,598,601,560,565,520,525,480,484,434,437,386,389,336,338,284,287,236,237,188,189,142,142,103,104,66,66,25,26,-10,-10,-38,-38,-60,-61,-83,-84,-103,-104,-118,-119,-128,-128,-136,-138,-142,-143,-142,-143,-138,-139,-134,-135,-136,-137,-127,-128,-118,-118,-113,-114,-107,-108,-99,-100,-88,-89,-85,-85,-80,-80,-70,-70,-66,-66,-65,-66,-63,-63,-60,-60,-60,-61,-58,-58,-62,-62,-65,-66,-67,-69,-74,-75,-77,-78,-84,-85,-90,-91,-95,-96,-100,-101,-106,-106,-110,-111,-114,-116,-117,-118,-126,-128,-128,-128,-122,-124,-116,-117,-103,-103,-89,-91,-71,-72,-48,-49,-25,-25,9,9,41,42,81,81,130,131,179,180,231,232,292,294,356,358,421,424,486,489,550,553,614,619,676,681,737,744,796,801,851,857,905,912,956,964,1007,1015,1056,1064,1102,1111,1140,1150,1173,1183,1205,1215,1230,1241,1253,1263,1274,1284,1288,1299,1302,1312,1313,1323,1319,1330,1322,1331,1316,1326,1308,1319,1295,1305,1274,1285,1250,1259,1224,1235,1193,1202,1158,1167,1121,1131,1080,1088,1038,1047,992,1000,944,950,893,899,841,848,788,794,734,740,685,690,633,638,580,585,526,531,469,474,418,420,367,369,313,315,263,266,218,220,175,177,139,139,104,106,72,72,40,40,10,9,-22,-22,-50,-51,-78,-79,-104,-105,-130,-131,-156,-156,-181,-182,-214,-215,-243,-246,-278,-278,-318,-320,-360,-364,-407,-409,-448,-451,-493,-496,-537,-540,-582,-586,-627,-633,-673,-678,-711,-716,-749,-755,-787,-795,-828,-835,-865,-872,-898,-905,-931,-938,-963,-971,-996,-1004,-1016,-1025,-1041,-1048,-1059,-1067,-1079,-1087,-1099,-1106,-1108,-1117,-1116,-1124,-1123,-1132,-1132,-1142,-1141,-1149,-1152,-1162,-1160,-1169,-1164,-1173,-1165,-1174,-1166,-1175,-1159,-1168,-1153,-1163,-1148,-1158,-1139,-1148,-1131,-1139,-1125,-1135,-1116,-1125,-1097,-1106,-1078,-1086,-1054,-1062,-1032,-1041,-1004,-1012,-964,-973,-926,-933,-888,-895,-847,-854,-811,-816,-772,-777,-726,-732,-682,-686,-634,-639,-587,-591,-539,-543,-498,-503,-453,-456,-404,-407,-365,-369,-329,-331,-299,-301,-266,-269,-234,-237,-212,-214,-192,-193,-169,-171,-150,-151,-133,-133,-117,-117,-104,-105,-87,-88,-60,-61,-30,-30,-3,-3,33,33,68,68,94,96,125,126,156,157,184,186,208,209,234,236,253,255,279,281,311,313,326,330,340,343,348,350,342,345,338,341,339,342,338,340,337,340,332,334,320,323,305,308,280,283,251,253,214,216,173,174,131,132,93,93,45,45,-6,-7,-62,-63,-120,-120,-181,-181,-248,-250,-309,-312,-372,-374,-423,-427,-465,-470,-503,-508,-537,-542,-569,-574,-601,-606,-635,-640,-666,-671,-695,-702,-719,-724,-737,-744,-754,-759,-766,-772,-776,-782,-787,-794,-804,-811,-816,-823,-840,-847,-865,-871,-888,-895,-904,-911,-916,-923,-921,-929,-921,-928,-924,-931,-933,-939,-948,-956,-962,-970,-967,-974,-958,-965,-942,-950,-917,-924,-886,-893,-848,-856,-812,-819,-768,-774,-719,-726,-671,-677,-614,-620,-560,-565,-498,-501,-435,-438,-372,-375,-306,-309,-251,-253,-202,-204,};
uint16_t la1B[801]={431,431,483,487,532,536,580,584,620,625,653,659,684,690,707,713,721,727,715,720,689,695,650,654,591,595,519,522,437,441,336,339,227,230,120,121,13,14,-88,-90,-189,-192,-280,-283,-360,-364,-426,-429,-473,-476,-501,-505,-508,-512,-493,-497,-467,-470,-428,-431,-372,-376,-309,-311,-235,-238,-157,-158,-78,-79,3,3,87,88,174,175,263,265,347,350,432,435,510,514,583,588,655,660,721,727,782,789,837,843,879,886,915,922,942,949,961,968,970,979,962,971,940,947,909,916,869,875,827,834,781,787,728,734,677,682,619,624,555,559,493,497,432,436,369,371,310,311,252,254,197,199,135,137,77,77,27,27,-17,-18,-60,-59,-93,-94,-116,-116,-128,-129,-132,-134,-125,-126,-108,-109,-83,-84,-52,-51,-9,-8,49,50,114,115,185,186,255,257,319,322,376,380,425,428,462,466,482,487,490,494,490,493,484,488,479,482,478,482,481,484,488,492,505,508,524,529,538,543,540,544,534,539,522,525,495,499,458,463,419,421,373,375,322,323,264,266,195,196,119,120,46,46,-25,-25,-86,-87,-133,-136,-172,-174,-206,-208,-231,-233,-249,-251,-262,-264,-276,-279,-289,-292,-313,-315,-339,-341,-355,-358,-370,-373,-380,-383,-385,-388,-386,-390,-383,-385,-373,-376,-364,-366,-358,-360,-347,-351,-333,-336,-328,-330,-325,-327,-322,-323,-313,-316,-304,-307,-286,-288,-261,-262,-240,-242,-221,-224,-205,-207,-196,-197,-191,-194,-198,-199,-208,-210,-222,-224,-241,-242,-266,-267,-290,-293,-321,-324,-351,-354,-383,-387,-420,-424,-454,-457,-491,-495,-531,-536,-568,-572,-607,-612,-644,-650,-680,-685,-719,-723,-757,-763,-794,-800,-831,-838,-872,-879,-915,-923,-962,-969,-1011,-1019,-1054,-1062,-1091,-1102,-1126,-1136,-1165,-1173,-1194,-1203,-1220,-1229,-1256,-1267,-1285,-1296,-1308,-1320,-1328,-1338,-1344,-1354,-1350,-1361,-1342,-1353,-1323,-1333,-1287,-1298,-1222,-1232,-1124,-1134,-988,-996,-806,-812,-605,-610,-406,-408,-210,-212,-23,-22,155,156,321,325,473,477,595,600,689,695,767,774,830,836,873,880,917,924,957,965,985,992,1009,1017,1029,1038,1041,1050,1037,1046,1013,1021,961,968,875,882,759,766,625,630,475,478,318,320,163,164,13,12,-139,-139,-284,-287,-412,-416,-528,-531,-621,-625,-690,-695,-729,-735,-740,-745,-723,-728,-672,-677,-598,-602,-505,-509,-401,-405,-301,-304,-197,-199,-87,-88,23,24,134,135,250,252,370,374,486,490,600,604,709,714,813,820,900,906,981,989,1056,1064,1116,1125,1172,1182,1221,1231,1265,1274,1291,1302,1294,1305,1287,1298,1260,1270,1215,1225,1167,1176,1106,1115,1038,1045,968,975,898,906,828,835,753,759,676,682,601,605,515,519,431,435,353,357,273,275,203,205,131,133,54,55,-20,-20,-85,-87,-143,-143,-189,-190,-219,-221,-237,-239,-245,-247,-240,-243,-226,-228,-206,-208,-171,-173,-118,-119,-46,-46,49,49,160,161,273,275,376,378,462,464,532,538,591,597,632,637,652,658,659,664,653,659,645,651,654,659,668,674,685,691,713,719,749,754,782,788,813,819,838,845,850,855,834,841,804,810,759,765,686,692,597,602,497,502,386,390,272,274,159,160,58,58,-34,-35,-116,-115,-178,-179,-226,-228,-264,-266,-296,-297,-331,-334,-362,-366,-388,-391,-407,-409,-422,-426,-435,-438,-442,-446,-442,-445,-448,-452,-457,-460,-462,-464,-457,-461,-442,-445,-425,-428,-407,-410,-392,-396,-376,-379,-349,-352,-311,-314,-263,-266,-211,-212,-154,-156,-92,-93,-29,-29,32,32,75,75,101,101,105,106,88,88,61,62,34,34,-3,-3,-47,-48,-94,-95,-141,-141,-186,-188,-230,-233,-271,-273,-319,-322,-372,-375,-424,-428,-478,-482,-534,-538,-593,-597,-659,-664,-732,-739,-808,-815,-882,-889,-962,-969,-1043,-1051,-1119,-1129,-1191,-1201,-1259,-1268,-1320,-1331,-1382,-1393,-1448,-1460,-1510,-1523,-1567,-1578,-1608,-1621,-1644,-1657,-1676,-1688,-1696,-1709,-1707,-1720,-1714,-1727,-1715,-1729,-1707,-1720,-1682,-1695,-1628,-1641,-1531,-1544,-1383,-1394,-1174,-1184,-925,-932,-664,-669,-404,-407,-144,-146,107,108,344,346,557,562,738,742,};
uint16_t do2B[674]={64,64,65,79,80,97,98,115,115,131,131,148,149,167,169,184,186,201,202,215,217,226,227,236,236,246,247,255,256,262,264,267,270,272,274,276,277,280,282,284,286,286,288,287,288,287,290,287,290,287,290,291,294,294,296,298,301,300,302,298,301,296,299,296,298,295,298,297,299,296,300,293,295,291,294,286,289,282,285,279,281,273,276,268,270,266,267,263,265,260,262,258,259,255,257,255,256,253,255,250,252,246,248,244,246,243,246,243,245,241,242,237,238,230,231,224,226,219,221,212,213,203,204,195,196,186,189,181,182,175,177,165,166,152,154,140,141,128,128,112,114,102,103,91,91,79,80,67,68,54,55,40,40,23,24,9,9,-6,-6,-22,-23,-37,-38,-50,-50,-62,-63,-76,-76,-89,-90,-104,-106,-120,-121,-135,-136,-154,-155,-171,-173,-188,-189,-202,-204,-215,-217,-226,-229,-238,-241,-251,-253,-265,-268,-277,-280,-288,-290,-298,-301,-305,-309,-309,-312,-313,-316,-319,-320,-326,-328,-332,-334,-339,-341,-348,-350,-358,-361,-368,-372,-377,-380,-383,-385,-388,-391,-395,-397,-401,-404,-405,-408,-405,-408,-404,-408,-408,-410,-412,-415,-419,-422,-426,-428,-423,-428,-423,-426,-422,-425,-421,-425,-421,-424,-423,-427,-420,-424,-420,-424,-419,-422,-415,-418,-407,-410,-400,-404,-394,-397,-387,-391,-380,-383,-370,-373,-360,-363,-345,-347,-330,-333,-320,-322,-301,-304,-279,-282,-256,-257,-232,-234,-208,-210,-186,-187,-166,-166,-145,-145,-123,-125,-98,-98,-72,-74,-47,-47,-18,-19,12,13,43,44,72,73,102,103,131,131,157,159,184,185,209,211,235,237,260,262,282,284,305,307,329,331,351,353,368,370,389,392,412,415,430,433,448,451,466,470,483,486,496,501,510,513,516,522,523,527,529,533,531,536,535,539,536,539,535,539,534,538,531,534,524,529,518,523,508,513,498,503,490,494,480,485,468,471,455,459,448,451,444,447,436,439,426,428,417,420,406,410,399,402,393,396,384,387,373,375,361,364,351,354,344,347,337,340,329,333,321,324,315,318,314,317,310,312,306,307,306,309,307,310,311,313,315,318,319,322,319,322,312,315,305,308,299,300,298,300,295,297,294,296,287,289,277,279,270,272,265,268,258,258,245,247,232,233,215,217,198,200,182,184,163,164,141,142,120,121,104,105,93,93,81,81,66,67,47,47,25,26,8,7,-11,-11,-29,-29,-43,-44,-60,-60,-83,-85,-108,-108,-129,-129,-151,-151,-176,-176,-196,-197,-217,-218,-234,-236,-248,-250,-261,-264,-278,-280,-291,-293,-308,-312,-326,-329,-339,-342,-351,-354,-364,-367,-371,-375,-377,-380,-385,-388,-393,-397,-403,-407,-413,-417,-431,-434,-447,-451,-455,-460,-467,-472,-478,-482,-483,-488,-492,-495,-503,-507,-521,-525,-545,-550,-570,-574,-596,-601,-618,-624,-628,-633,-640,-645,-650,-655,-654,-660,-666,-671,-680,-686,-695,-702,-708,-714,-715,-720,-719,-725,-723,-729,-721,-728,-719,-726,-721,-728,-721,-726,-724,-729,-731,-736,-737,-743,-736,-741,-730,-737,-714,-719,-690,-695,-666,-671,-645,-650,-622,-628,-600,-603,-579,-582,-557,-561,-529,-532,-494,-497,-456,-461,-417,-421,-377,-380,-337,-340,-297,-299,-256,-259,-218,-220,-176,-177,-136,-136,-94,-95,-50,-49,-5,-6,34,34,70,70,106,107,146,147,183,183,221,224,265,267,303,306,};
uint16_t mi2B[535]={111,111,167,169,226,229,284,286,342,344,397,399,449,452,500,504,547,552,590,595,628,634,665,670,694,699,721,726,743,749,763,770,778,784,788,795,801,807,811,816,822,827,832,838,842,847,851,856,854,860,857,864,861,869,863,870,863,869,863,869,860,866,854,861,848,855,838,845,820,827,800,806,777,783,748,754,714,719,676,682,638,644,601,605,562,567,529,532,496,500,464,469,432,436,400,402,369,372,342,345,320,323,302,305,286,288,275,278,265,267,252,253,236,237,222,222,204,207,184,186,162,163,137,138,106,108,73,73,34,34,-7,-8,-52,-52,-102,-102,-150,-152,-203,-205,-256,-258,-309,-311,-360,-363,-409,-412,-458,-462,-505,-508,-548,-552,-586,-592,-621,-625,-651,-655,-679,-684,-701,-707,-721,-728,-739,-745,-753,-759,-765,-771,-776,-781,-781,-787,-784,-790,-788,-794,-787,-793,-783,-790,-781,-787,-780,-786,-772,-779,-767,-773,-761,-767,-747,-753,-730,-736,-708,-714,-680,-686,-652,-658,-623,-628,-595,-600,-565,-570,-532,-537,-499,-503,-460,-464,-417,-421,-376,-379,-336,-338,-297,-298,-258,-259,-224,-225,-196,-197,-162,-163,-128,-130,-99,-99,-69,-69,-39,-40,-14,-15,9,9,33,34,55,56,79,80,106,107,137,138,170,171,204,205,239,241,276,278,311,314,349,351,389,392,430,434,471,476,515,519,555,559,594,599,630,635,663,669,694,699,723,728,750,755,774,779,792,798,809,815,825,831,833,840,838,845,843,850,847,854,853,860,861,867,869,876,880,887,888,896,897,904,904,911,911,917,916,924,921,928,921,929,919,926,912,920,904,911,890,897,870,878,847,852,819,826,784,791,743,749,701,708,657,662,608,614,556,562,507,512,455,459,404,407,356,359,310,312,265,268,222,225,183,184,144,145,108,108,77,77,46,47,15,14,-14,-13,-40,-41,-69,-69,-98,-100,-132,-133,-166,-167,-207,-208,-252,-255,-296,-298,-336,-340,-381,-386,-430,-434,-481,-486,-533,-537,-586,-591,-636,-642,-686,-691,-735,-741,-781,-787,-828,-835,-874,-881,-909,-916,-942,-950,-973,-980,-999,-1007,-1027,-1035,-1056,-1064,-1083,-1092,-1108,-1116,-1134,-1142,-1158,-1167,-1177,-1187,-1195,-1205,-1213,-1223,-1228,-1237,-1245,-1256,-1264,-1274,-1282,-1292,-1295,-1305,-1299,-1309,-1300,-1312,-1297,-1306,-1284,-1294,-1266,-1276,-1246,-1257,-1223,-1232,-1191,-1200,-1153,-1162,-1112,-1121,-1067,-1077,-1016,-1025,-968,-975,-922,-929,-874,-882,-834,-842,-802,-809,-767,-773,-731,-736,-696,-702,-665,-671,-640,-644,-617,-622,-603,-607,-592,-597,-579,-584,-557,-560,-524,-528,-483,-487,-435,-438,-381,-384,-320,-323,-252,-255,-182,-182,-104,-105,-23,-22,65,65,156,157,254,256,351,354,};
uint16_t fad2B[476]={-64,-64,-64,-44,-45,-24,-23,-5,-5,9,10,26,25,42,43,57,58,76,76,94,94,108,109,120,122,133,134,146,148,159,159,170,171,180,183,193,194,202,203,215,217,229,230,233,234,238,240,246,248,253,256,260,262,269,272,277,279,282,284,289,290,295,298,299,302,304,307,310,314,313,315,315,316,314,318,314,315,311,313,309,312,308,311,307,309,306,308,304,307,303,306,303,305,302,305,300,303,298,299,288,290,276,279,269,271,261,263,250,252,241,243,236,238,223,224,208,209,196,196,181,182,169,171,157,159,144,145,130,131,114,115,99,100,83,83,67,67,50,50,29,30,12,12,-1,-1,-15,-16,-31,-31,-49,-49,-64,-65,-81,-81,-101,-103,-122,-122,-139,-140,-153,-154,-169,-170,-189,-189,-205,-206,-220,-222,-234,-236,-242,-243,-247,-248,-254,-256,-263,-265,-271,-273,-279,-281,-286,-289,-291,-292,-294,-296,-295,-298,-294,-296,-294,-296,-295,-298,-295,-297,-295,-298,-297,-299,-294,-297,-290,-292,-285,-288,-280,-282,-271,-272,-259,-261,-248,-250,-236,-238,-224,-226,-209,-211,-195,-197,-184,-185,-173,-173,-158,-159,-141,-142,-122,-123,-104,-105,-91,-92,-80,-81,-64,-65,-46,-47,-29,-30,-12,-11,3,3,17,17,31,31,45,45,61,61,79,79,93,95,107,107,117,117,125,125,135,136,146,148,157,159,164,166,169,171,178,179,186,186,193,195,199,201,204,206,206,208,209,211,213,215,220,222,227,228,232,233,236,238,240,241,241,242,241,244,246,247,251,252,253,257,257,259,261,263,263,265,265,267,266,269,268,270,268,270,264,265,259,262,254,257,250,251,248,250,247,248,244,247,243,244,240,242,235,237,229,231,222,223,211,212,199,201,185,188,174,174,160,160,141,143,128,128,111,111,91,92,73,75,56,58,37,38,18,17,-4,-4,-29,-31,-56,-57,-88,-89,-121,-122,-152,-155,-184,-185,-215,-217,-246,-248,-281,-282,-316,-318,-350,-353,-382,-385,-408,-411,-438,-440,-467,-471,-495,-498,-519,-524,-547,-550,-572,-576,-592,-596,-613,-618,-630,-635,-641,-647,-650,-655,-656,-662,-658,-664,-655,-660,-653,-658,-650,-654,-638,-644,-628,-633,-616,-621,-601,-606,-586,-590,-570,-575,-548,-552,-526,-531,-505,-510,-480,-484,-453,-455,-425,-429,-401,-403,-374,-376,-342,-346,-312,-315,-282,-284,-249,-251,};
uint16_t do3B[337]={91,91,206,206,348,350,505,509,655,662,769,776,847,853,917,924,979,988,1004,1013,999,1007,970,978,925,932,876,883,827,834,795,801,794,800,799,805,774,780,704,709,612,618,555,560,547,551,553,559,551,554,529,534,493,496,441,444,371,374,287,289,220,221,200,202,214,217,212,214,193,194,163,164,117,119,80,81,63,62,59,59,52,53,21,22,-30,-31,-88,-88,-144,-145,-184,-185,-210,-211,-248,-250,-293,-295,-340,-344,-382,-385,-408,-411,-439,-442,-490,-494,-538,-543,-584,-590,-641,-646,-682,-688,-710,-716,-750,-756,-823,-829,-908,-914,-977,-985,-1010,-1018,-1005,-1013,-965,-973,-887,-894,-791,-797,-718,-723,-671,-677,-630,-635,-586,-590,-528,-532,-467,-471,-402,-406,-313,-316,-205,-206,-108,-109,-52,-52,-36,-35,-22,-23,31,30,133,134,259,261,390,393,515,519,618,623,719,724,844,851,972,981,1080,1090,1159,1168,1203,1212,1222,1231,1232,1241,1249,1260,1273,1284,1283,1294,1263,1273,1210,1220,1159,1169,1154,1164,1183,1193,1207,1216,1229,1240,1266,1276,1306,1315,1318,1329,1281,1291,1230,1240,1189,1198,1132,1141,1056,1064,965,973,876,883,798,805,733,739,652,657,548,552,435,438,321,323,214,216,131,131,63,64,-20,-20,-130,-132,-254,-256,-371,-374,-478,-482,-571,-576,-653,-660,-735,-741,-828,-835,-936,-944,-1053,-1061,-1168,-1177,-1279,-1289,-1404,-1415,-1514,-1526,-1572,-1584,-1574,-1585,-1559,-1570,-1578,-1591,-1639,-1653,-1721,-1734,-1792,-1807,-1832,-1846,-1828,-1842,-1789,-1802,-1701,-1715,-1578,-1590,-1466,-1478,-1399,-1409,-1369,-1379,-1346,-1357,-1315,-1326,-1263,-1274,-1191,-1199,-1105,-1113,-1006,-1014,-897,-903,-781,-789,-694,-699,-653,-659,-631,-635,-597,-602,-531,-535,-407,-410,-221,-222,};
uint16_t mi3B[267]={55,55,63,64,69,70,70,70,69,70,75,76,79,80,80,80,84,84,91,91,99,100,109,110,121,121,135,137,154,155,173,174,190,192,211,213,239,240,265,267,289,292,317,319,344,346,363,367,380,383,395,397,406,409,421,425,437,442,449,453,458,463,468,471,474,477,476,478,472,476,470,474,467,471,459,463,454,458,451,455,447,451,440,442,428,432,412,415,393,396,372,375,351,354,330,332,310,312,283,285,252,255,227,229,199,201,166,167,137,138,109,110,82,83,55,55,25,25,-4,-4,-32,-32,-62,-61,-92,-92,-120,-121,-140,-141,-158,-160,-181,-182,-202,-203,-220,-221,-238,-240,-253,-255,-267,-269,-282,-285,-301,-304,-322,-325,-342,-345,-355,-358,-361,-364,-377,-381,-400,-403,-423,-426,-450,-454,-474,-477,-482,-486,-483,-486,-493,-497,-509,-513,-517,-520,-518,-521,-519,-523,-512,-517,-492,-497,-473,-476,-456,-461,-449,-452,-439,-444,-418,-422,-395,-398,-384,-388,-374,-377,-358,-361,-351,-353,-341,-344,-323,-326,-309,-311,-301,-303,-296,-297,-294,-297,-289,-292,-277,-280,-256,-259,-230,-233,-205,-207,-178,-179,-150,-151,-123,-125,-95,-95,-63,-64,-29,-29,10,11,56,56,97,98,129,130,161,161,193,195,224,226,246,248,257,260,257,258,248,249,236,238,219,221,198,199,182,183,};
uint16_t fad3B[238]={22,22,22,45,45,66,66,84,86,101,102,119,120,135,135,146,146,153,155,161,163,169,171,170,171,175,176,178,180,179,180,178,179,182,184,184,186,182,182,178,180,175,176,171,173,161,161,152,154,145,147,132,134,120,120,105,107,88,89,74,75,60,61,47,47,36,37,26,28,19,18,8,7,1,1,-2,-1,0,0,1,1,6,6,14,13,23,22,31,30,37,38,48,48,52,53,55,56,66,66,77,78,84,86,95,97,108,108,116,118,127,128,137,139,149,150,153,155,166,167,177,179,184,185,188,189,188,189,183,184,179,180,174,176,170,172,165,166,160,162,154,156,142,144,130,131,115,116,97,98,82,82,65,66,48,48,28,29,5,5,-18,-18,-41,-41,-63,-64,-85,-86,-109,-110,-134,-135,-158,-160,-186,-188,-214,-215,-241,-242,-267,-269,-294,-296,-316,-317,-333,-336,-352,-354,-361,-365,-367,-370,-371,-374,-370,-372,-368,-370,-365,-368,-358,-362,-353,-355,-346,-349,-338,-341,-331,-333,-317,-318,-296,-298,-280,-282,-262,-264,-238,-239,-214,-215,-189,-191,-160,-162,-130,-131,-98,-99,-65,-66,-34,-35,-6,-5,26,27,};
uint16_t do4B[168]={78,78,79,106,108,132,134,153,154,170,171,186,188,200,201,215,217,226,229,237,238,248,249,255,259,263,265,271,273,273,276,272,274,274,276,274,277,271,274,268,270,269,271,273,274,276,280,281,284,286,287,284,287,283,286,282,285,281,282,275,279,272,274,269,271,262,264,256,258,245,247,231,233,216,219,199,199,178,180,161,163,145,145,127,127,105,105,75,76,40,40,3,1,-35,-35,-74,-75,-112,-113,-146,-148,-184,-185,-225,-226,-265,-267,-305,-307,-344,-346,-377,-381,-408,-412,-435,-439,-459,-464,-481,-484,-498,-502,-513,-517,-524,-529,-531,-534,-530,-534,-522,-527,-508,-512,-492,-496,-473,-476,-449,-453,-421,-425,-393,-396,-358,-361,-320,-322,-280,-282,-240,-241,-196,-198,-151,-152,-103,-104,-54,-54,-7,-7,41,40,83,83,122,123,};
uint16_t lad1B[754]={-73,-73,-74,-42,-42,-14,-14,6,5,20,21,37,37,48,48,54,53,58,59,59,59,51,52,40,40,29,29,21,22,20,21,15,15,11,11,7,8,3,4,-2,-1,-4,-4,-10,-10,-20,-21,-31,-31,-41,-40,-49,-49,-58,-59,-63,-64,-68,-69,-72,-74,-84,-85,-98,-100,-110,-111,-119,-118,-129,-130,-140,-141,-147,-148,-150,-151,-146,-147,-140,-141,-133,-134,-119,-120,-100,-101,-80,-80,-56,-56,-31,-31,-5,-4,29,29,71,71,112,114,161,162,212,214,255,257,290,292,319,322,348,350,376,379,398,401,407,410,411,414,427,429,449,452,465,468,475,479,476,481,467,470,455,458,445,448,431,435,416,418,400,404,378,381,348,350,321,323,298,300,276,277,250,252,222,223,193,195,169,171,146,148,123,123,97,97,73,72,54,53,36,37,20,20,4,5,-5,-5,-16,-17,-35,-35,-48,-48,-50,-51,-46,-47,-42,-43,-36,-36,-29,-29,-24,-25,-18,-17,-6,-7,9,9,27,27,49,49,71,72,92,93,112,113,129,130,151,152,171,173,187,189,199,201,206,207,210,212,209,210,206,207,196,197,186,188,177,178,167,168,154,155,137,137,112,113,86,86,58,59,31,32,7,7,-15,-16,-35,-36,-53,-54,-69,-69,-86,-86,-105,-105,-121,-122,-136,-138,-148,-150,-157,-157,-162,-163,-162,-164,-159,-160,-150,-151,-142,-143,-128,-129,-113,-114,-102,-102,-93,-93,-80,-82,-62,-63,-37,-37,-11,-11,23,22,59,60,97,98,141,142,183,184,223,224,256,258,285,287,306,308,318,321,330,332,337,340,344,346,347,351,351,354,355,357,356,359,357,359,359,362,367,370,376,379,384,387,397,400,409,412,414,417,420,423,421,425,414,418,404,407,389,391,372,376,352,355,333,335,311,315,291,294,270,273,252,254,234,237,222,224,207,208,187,188,172,173,159,160,150,152,146,147,144,145,146,147,146,148,149,151,157,158,168,169,181,183,194,195,206,207,218,220,232,233,244,246,260,262,277,278,289,292,300,302,307,311,316,318,318,320,317,320,314,317,306,308,295,297,282,285,269,272,256,259,243,245,227,228,204,206,182,183,159,160,131,133,106,106,80,81,53,54,28,28,3,2,-21,-20,-44,-45,-66,-67,-91,-91,-123,-124,-151,-153,-176,-177,-198,-201,-221,-223,-241,-243,-265,-267,-287,-290,-304,-306,-321,-322,-337,-339,-353,-355,-365,-368,-375,-378,-383,-385,-383,-387,-379,-381,-372,-375,-366,-368,-357,-360,-345,-348,-333,-335,-322,-324,-316,-318,-317,-320,-316,-318,-314,-317,-316,-318,-309,-310,-301,-304,-297,-299,-293,-294,-293,-295,-293,-296,-291,-295,-293,-295,-295,-297,-292,-295,-288,-289,-280,-282,-270,-272,-260,-263,-258,-260,-255,-256,-252,-254,-248,-250,-244,-247,-240,-242,-239,-241,-241,-243,-250,-252,-258,-260,-260,-262,-261,-262,-262,-266,-261,-262,-258,-260,-260,-261,-258,-260,-252,-254,-246,-247,-237,-239,-225,-226,-212,-214,-203,-205,-198,-200,-193,-196,-191,-191,-183,-184,-172,-173,-159,-161,-142,-143,-124,-124,-107,-108,-96,-97,-92,-93,-92,-93,-92,-94,-96,-98,-99,-100,-96,-97,-90,-91,-88,-89,-85,-85,-80,-81,-72,-74,-67,-68,-64,-64,-60,-60,-58,-59,-57,-57,-57,-57,-57,-57,-57,-57,-54,-55,-51,-51,-53,-55,-59,-60,-61,-61,-59,-59,-55,-56,-55,-55,-54,-55,-55,-55,-54,-54,-52,-53,-53,-53,-52,-54,-55,-56,-62,-63,-64,-65,-65,-66,-67,-68,-67,-67,-68,-70,-77,-77,-88,-88,-98,-99,-107,-107,-112,-113,-115,-117,-122,-122,-130,-132,-141,-142,-146,-148,-153,-153,-160,-162,-169,-170,-177,-179,-188,-189,-199,-200,-206,-207,-207,-208,-202,-203,-193,-194,-181,-183,-166,-167,-144,-145,-119,-120,-92,-93,-59,-60,-24,-24,};
uint16_t si1B[714]={45,45,46,63,63,82,84,100,101,115,115,130,130,139,141,145,145,157,159,167,169,177,179,185,186,193,194,204,206,216,217,222,223,226,227,229,230,227,229,225,226,224,226,226,227,225,227,224,225,222,223,218,219,215,217,212,213,208,209,204,206,199,201,199,200,198,199,195,197,195,196,187,188,181,182,181,182,176,177,170,171,166,168,166,167,161,162,158,159,150,151,139,138,131,132,127,129,128,130,133,134,136,136,132,133,127,127,121,122,115,116,110,112,110,110,108,110,106,106,107,108,110,110,111,112,117,118,118,119,111,113,110,111,109,110,109,111,116,117,122,123,130,131,131,132,136,137,141,142,144,146,147,147,144,145,143,145,144,146,145,147,146,148,150,152,148,149,144,146,141,142,131,132,123,124,114,115,102,103,94,94,85,86,78,78,66,67,54,55,42,42,25,25,7,7,-8,-8,-26,-25,-44,-45,-54,-56,-61,-63,-66,-66,-75,-76,-88,-88,-105,-106,-117,-118,-132,-133,-149,-151,-164,-166,-173,-175,-183,-185,-193,-196,-207,-208,-223,-224,-238,-239,-256,-258,-271,-274,-282,-283,-290,-293,-297,-300,-311,-313,-327,-330,-345,-349,-368,-372,-389,-392,-406,-409,-418,-421,-429,-432,-437,-441,-447,-451,-466,-470,-480,-484,-492,-496,-504,-509,-512,-518,-527,-531,-534,-538,-536,-540,-538,-543,-536,-541,-540,-544,-543,-547,-544,-548,-542,-547,-536,-539,-526,-532,-521,-526,-515,-519,-508,-512,-501,-505,-493,-497,-483,-487,-472,-474,-458,-461,-448,-451,-437,-440,-426,-428,-414,-418,-403,-405,-387,-391,-367,-370,-351,-355,-346,-349,-335,-337,-317,-319,-298,-301,-275,-277,-248,-251,-226,-228,-203,-205,-183,-185,-163,-164,-142,-143,-119,-120,-92,-93,-65,-64,-35,-35,-3,-3,25,26,53,53,85,86,112,113,136,136,162,164,187,189,219,220,254,256,288,290,320,322,346,348,369,371,388,390,403,406,422,425,443,447,465,468,483,487,501,505,516,520,524,529,530,533,535,539,539,541,534,539,529,533,525,530,520,525,516,521,507,511,494,499,479,483,467,471,458,462,443,447,426,430,417,420,404,408,388,392,371,374,355,357,342,346,333,335,327,329,319,322,310,313,301,304,294,296,289,291,281,284,272,275,268,271,267,269,266,267,269,270,273,275,272,274,273,275,276,278,277,278,276,277,273,275,276,278,284,286,288,291,294,296,300,302,297,299,296,298,296,298,296,299,296,299,294,296,288,291,280,283,273,275,270,272,262,264,253,255,244,247,234,235,221,223,205,207,187,187,172,173,156,158,142,142,133,135,121,123,107,107,96,97,84,85,71,72,56,57,39,39,22,22,-3,-2,-16,-16,-24,-24,-34,-34,-41,-41,-47,-47,-54,-55,-59,-60,-65,-65,-81,-81,-94,-95,-108,-108,-121,-121,-133,-135,-148,-149,-165,-166,-184,-186,-203,-204,-223,-226,-247,-248,-269,-272,-294,-296,-319,-322,-344,-346,-366,-370,-393,-396,-419,-423,-446,-449,-470,-474,-489,-493,-507,-512,-527,-532,-548,-552,-559,-564,-565,-569,-570,-574,-575,-580,-583,-587,-589,-594,-592,-596,-590,-595,-592,-596,-596,-601,-599,-604,-590,-594,-574,-578,-559,-563,-541,-545,-524,-529,-508,-512,-492,-497,-473,-477,-454,-458,-432,-435,-410,-414,-389,-391,-362,-366,-339,-342,-311,-313,-281,-283,-255,-256,-230,-231,-209,-211,-198,-199,-190,-192,-177,-177,-158,-160,-135,-136,-109,-110,-90,-90,-78,-79,-70,-71,-56,-56,-45,-45,-32,-33,-13,-13,10,10,32,32,52,51,64,65,72,73,};
uint16_t re2B[600]={398,398,401,406,408,407,411,411,415,422,426,438,441,453,456,468,472,485,488,503,505,522,526,546,552,576,581,604,608,627,631,644,649,656,660,664,669,674,680,689,694,706,711,725,730,742,748,751,757,755,761,763,769,772,778,783,791,800,807,820,826,845,852,877,884,917,925,963,971,1009,1017,1045,1052,1070,1079,1087,1096,1089,1097,1072,1080,1042,1049,998,1007,948,955,887,895,817,824,739,745,651,657,560,565,474,477,403,407,350,353,300,302,251,253,204,206,168,169,140,142,118,119,101,102,81,81,48,49,16,15,-18,-18,-50,-51,-83,-83,-124,-124,-175,-177,-235,-236,-290,-293,-344,-347,-394,-398,-446,-450,-501,-506,-555,-561,-605,-609,-642,-648,-666,-671,-685,-690,-697,-703,-709,-714,-726,-733,-743,-749,-750,-756,-761,-766,-777,-783,-790,-795,-808,-815,-836,-841,-871,-878,-916,-923,-964,-972,-1009,-1016,-1051,-1059,-1086,-1095,-1112,-1120,-1127,-1135,-1138,-1146,-1150,-1159,-1146,-1155,-1137,-1148,-1121,-1129,-1105,-1113,-1095,-1103,-1081,-1089,-1059,-1067,-1038,-1047,-1028,-1037,-1022,-1030,-1021,-1030,-1041,-1049,-1056,-1063,-1041,-1048,-1003,-1012,-939,-947,-845,-851,-742,-748,-652,-657,-557,-561,-468,-471,-401,-404,-360,-362,-331,-334,-316,-318,-304,-305,-273,-275,-227,-228,-177,-179,-117,-117,-43,-42,25,26,78,79,116,117,148,149,167,168,186,187,204,206,227,228,256,258,290,292,319,322,338,341,349,352,347,350,327,329,293,296,254,256,208,210,170,172,141,142,119,121,106,107,98,99,95,97,102,102,117,118,138,139,171,173,219,222,277,279,334,337,393,395,451,454,511,514,576,581,641,647,699,704,750,755,793,799,824,830,849,856,874,882,905,911,936,943,968,976,1003,1011,1043,1052,1090,1098,1139,1149,1183,1192,1216,1224,1234,1243,1239,1247,1228,1238,1200,1209,1153,1162,1088,1097,1011,1020,933,939,859,865,793,800,737,742,683,688,628,634,575,579,522,526,471,474,416,419,358,361,301,304,244,247,195,196,148,148,98,99,41,41,-24,-24,-108,-108,-202,-204,-299,-301,-396,-399,-489,-493,-571,-576,-643,-648,-698,-703,-732,-737,-750,-757,-760,-765,-762,-767,-757,-763,-746,-751,-727,-734,-703,-709,-676,-681,-645,-650,-618,-625,-593,-598,-570,-575,-552,-557,-548,-552,-564,-568,-592,-596,-624,-629,-660,-665,-697,-703,-738,-745,-786,-792,-837,-844,-879,-886,-908,-914,-920,-928,-919,-926,-905,-912,-890,-897,-867,-874,-849,-857,-846,-854,-844,-849,-851,-857,-864,-870,-881,-888,-906,-913,-935,-943,-943,-951,-911,-918,-833,-840,-719,-724,-598,-603,-491,-495,-393,-397,-300,-303,-216,-219,-141,-142,-88,-90,-63,-63,-49,-49,-38,-38,-25,-26,-14,-14,-10,-10,-12,-12,-13,-14,-17,-18,-28,-28,-40,-40,-40,-40,-20,-19,22,21,74,76,141,141,215,217,292,294,355,358,400,403,431,436,459,462,480,485,500,503,512,516,523,526,539,544,559,562,572,577,577,582,569,574,558,562,553,558,561,565,579,583,606,611,644,648,689,695,741,748,};
uint16_t fa2B[505]={1,1,0,0,0,0,1,1,0,0,0,0,0,0,1,0,1,1,0,0,0,0,-1,1,0,0,-1,1,0,0,0,0,0,0,-1,0,1,0,0,0,-1,0,-1,0,0,0,0,-1,0,0,0,0,-1,0,0,0,-1,0,0,0,0,1,1,0,0,0,1,0,0,0,0,0,0,0,-1,0,1,0,0,0,0,0,0,0,0,0,0,1,0,1,0,-1,0,0,-1,0,0,-1,-1,1,0,1,0,0,0,0,0,0,-1,1,0,0,0,0,0,0,0,0,1,0,0,0,0,1,0,0,-1,0,0,0,0,0,1,0,-1,0,1,0,0,0,0,0,0,-1,0,0,0,1,-1,0,0,1,0,1,-1,0,-1,0,-1,-1,0,-1,0,0,1,0,0,0,1,0,0,0,0,0,0,0,0,-1,-1,0,0,0,0,0,0,0,1,0,0,1,0,-1,0,0,0,0,1,0,-1,0,0,1,0,-1,0,0,0,0,0,0,0,1,-1,0,-1,0,0,0,-1,0,0,1,0,0,-1,-1,0,0,0,-1,0,0,1,0,1,0,0,0,0,0,0,0,0,0,0,0,0,-1,0,1,0,0,0,0,0,0,0,1,0,1,0,1,0,0,0,0,0,0,0,0,0,0,0,0,-1,-1,0,0,-1,0,0,0,0,0,1,1,0,0,1,0,-1,-1,-1,1,0,0,1,-1,0,0,0,-1,0,0,0,0,-1,1,1,0,0,0,0,0,0,0,1,1,0,-1,0,0,0,0,0,0,0,0,1,0,0,0,0,0,0,0,0,1,0,0,0,0,0,0,0,0,0,0,0,0,-1,-1,0,1,0,0,0,0,0,0,0,-1,0,0,0,0,1,0,0,0,0,0,-1,-1,0,-1,0,0,0,0,0,0,0,-1,0,0,1,1,0,0,0,0,0,1,1,-1,0,0,0,0,-1,0,1,0,0,0,-1,-1,-1,0,-1,0,0,-1,0,0,1,0,0,-1,0,0,0,0,0,0,0,0,0,0,0,0,0,0,1,0,0,1,-1,0,1,0,0,0,0,1,0,0,1,0,0,0,-1,1,0,1,0,0,0,0,0,0,0,0,1,0,1,0,0,0,0,0,0,0,0,0,0,0,0,0,0,1,1,0,0,1,0,0,-1,0,1,0,1,1,0,0,0,0,0,0,1,0,0,0,0,0,};
uint16_t la2B[400]={5,5,5,24,24,36,36,48,50,63,63,78,79,95,96,106,108,117,118,127,128,135,135,142,144,149,150,150,152,153,155,155,157,154,154,152,153,155,156,158,159,166,167,174,175,179,181,186,188,194,196,205,206,216,217,230,232,242,245,246,247,256,259,268,270,276,278,295,297,300,302,304,306,319,321,319,322,318,320,321,325,320,322,321,324,325,326,322,324,329,331,332,334,321,325,318,320,310,313,299,301,293,296,286,288,275,277,263,265,254,257,241,244,229,231,221,224,212,214,207,208,195,196,174,176,155,156,132,133,107,109,90,90,76,77,58,59,40,41,19,21,-6,-6,-29,-29,-54,-55,-86,-86,-114,-115,-141,-141,-166,-166,-191,-192,-216,-218,-237,-240,-264,-266,-286,-288,-304,-307,-321,-325,-333,-336,-343,-346,-346,-349,-342,-346,-341,-344,-338,-341,-334,-337,-331,-333,-318,-321,-296,-298,-274,-276,-249,-251,-222,-225,-196,-198,-170,-173,-148,-150,-127,-128,-109,-110,-91,-92,-70,-70,-48,-48,-31,-31,-17,-17,-5,-5,4,4,12,11,16,17,24,23,27,27,23,23,21,21,25,24,27,26,29,29,34,35,42,43,54,54,62,63,69,70,73,75,75,75,81,81,86,86,86,88,94,96,104,106,108,108,110,112,113,115,119,120,119,121,112,112,103,104,87,89,74,75,56,56,34,35,19,18,2,2,-13,-13,-29,-29,-46,-46,-66,-66,-85,-85,-102,-104,-127,-128,-151,-153,-170,-170,-189,-191,-210,-211,-225,-226,-244,-246,-262,-264,-275,-278,-290,-293,-305,-307,-320,-322,-341,-343,-355,-359,-359,-361,-359,-362,-363,-365,-364,-367,-360,-362,-362,-364,-365,-368,-367,-370,-363,-365,-360,-362,-361,-363,-358,-361,-355,-359,-358,-361,-362,-365,-361,-363,-354,-355,-340,-343,-332,-334,-331,-334,-328,-330,-319,-321,-309,-311,-290,-292,-271,-274,-258,-259,-237,-238,-209,-211,-178,-180,-139,-140,-102,-102,-66,-66,-35,-35,-8,-8,21,21,46,46,68,70,};
uint16_t si2B[357]={-53,-53,-58,-58,-61,-61,-68,-69,-77,-78,-79,-79,-75,-74,-55,-56,-41,-42,-33,-33,-24,-24,-18,-19,-14,-16,-13,-13,-15,-15,-16,-16,-21,-22,-34,-34,-45,-45,-54,-55,-74,-74,-94,-96,-118,-119,-141,-142,-166,-166,-187,-188,-206,-207,-220,-223,-225,-226,-227,-228,-230,-232,-230,-231,-226,-227,-221,-223,-214,-217,-207,-208,-199,-201,-195,-198,-191,-194,-191,-193,-190,-191,-186,-185,-179,-181,-180,-181,-179,-180,-175,-177,-174,-175,-168,-169,-161,-162,-158,-160,-148,-150,-142,-142,-137,-137,-123,-124,-112,-113,-95,-96,-71,-71,-49,-49,-31,-32,-16,-16,-11,-11,-7,-8,1,2,17,17,32,33,56,56,80,82,93,94,106,106,119,120,134,134,156,157,179,179,202,204,223,225,233,236,240,243,248,249,252,256,257,261,271,273,284,287,290,292,295,298,310,311,325,328,349,353,379,383,418,422,457,460,490,494,519,524,547,551,583,587,625,629,658,664,684,691,704,709,713,718,718,723,719,725,711,716,697,703,679,685,650,654,615,619,580,584,540,544,495,498,443,447,394,399,348,352,293,295,244,246,207,209,172,174,143,143,114,114,85,86,56,55,26,26,-9,-8,-41,-43,-67,-67,-87,-89,-115,-115,-141,-143,-163,-164,-184,-185,-219,-221,-254,-256,-278,-279,-296,-298,-308,-311,-326,-328,-345,-348,-361,-364,-384,-387,-421,-423,-449,-451,-447,-452,-444,-447,-454,-458,-461,-465,-472,-476,-475,-480,-485,-488,-499,-503,-493,-497,-478,-481,-472,-476,-469,-473,-465,-469,-462,-466,-447,-451,-432,-436,-419,-423,-406,-410,-396,-400,-399,-402,-394,-396,-371,-374,-357,-360,-359,-362,-365,-368,-363,-366,-353,-356,-347,-350,-336,-339,-312,-315,-302,-304,-290,-292,-271,-274,-254,-256,-223,-225,-182,-183,-137,-138,-97,-98,-59,-59,};
uint16_t fa3B[252]={-97,-97,-99,-66,-67,-36,-37,-6,-6,27,26,54,53,80,80,104,104,125,125,147,148,170,172,190,192,203,205,218,219,232,234,241,243,247,249,246,248,244,246,242,244,243,244,237,240,231,233,226,227,218,219,209,210,195,196,177,178,160,162,145,146,130,132,114,114,98,99,83,84,75,76,75,75,71,71,69,69,70,71,69,69,63,63,58,58,57,56,64,64,72,73,82,82,93,94,108,109,122,123,136,136,152,152,166,167,180,182,197,199,215,216,234,236,255,257,270,274,282,285,292,295,302,305,310,311,313,316,321,324,324,326,324,326,325,328,327,330,324,327,320,322,316,318,310,313,306,308,301,302,292,294,279,282,265,268,252,254,236,237,220,222,205,207,188,188,167,169,147,148,125,125,100,101,70,71,37,37,-1,0,-44,-44,-81,-82,-114,-115,-151,-151,-193,-195,-236,-237,-271,-273,-301,-302,-321,-324,-344,-347,-370,-372,-395,-399,-427,-430,-462,-465,-495,-498,-524,-529,-549,-552,-575,-580,-602,-607,-620,-623,-631,-635,-642,-647,-652,-657,-651,-656,-653,-657,-655,-660,-647,-650,-629,-633,-602,-606,-561,-565,-513,-518,-461,-465,-405,-408,-350,-352,-297,-299,-244,-246,-188,-189,};
uint16_t la3B[200]={-104,-104,-104,-63,-64,-30,-29,-6,-6,12,11,24,24,34,34,47,47,64,65,90,91,123,125,168,169,220,222,270,273,312,315,343,346,368,370,380,383,383,386,376,379,355,358,328,331,297,300,265,267,241,242,224,226,219,220,221,223,235,236,254,256,277,278,300,303,325,328,348,350,355,358,350,353,324,326,280,282,226,227,166,167,105,106,54,55,14,13,-13,-13,-22,-22,-15,-16,1,1,28,28,62,62,94,96,121,124,138,140,143,145,136,138,117,119,88,88,49,49,8,8,-21,-22,-38,-38,-37,-37,-19,-19,-2,-2,16,16,31,31,40,40,46,45,35,35,13,13,-18,-19,-58,-58,-100,-100,-145,-145,-187,-190,-233,-235,-285,-287,-332,-333,-352,-356,-363,-367,-371,-375,-366,-368,-355,-358,-338,-341,-307,-310,-282,-284,-282,-285,-306,-307,-339,-341,-374,-377,-409,-412,-443,-446,-476,-479,-500,-504,-511,-516,-498,-502,-456,-460,-394,-397,-314,-317,-226,-228,-132,-133,};
uint16_t si3B[178]={10,10,11,24,25,36,35,50,49,65,66,79,80,95,95,114,114,133,135,154,155,169,171,179,181,192,194,204,206,218,218,229,231,241,243,245,247,246,248,248,249,246,248,242,243,236,239,230,232,221,223,211,213,200,202,188,189,176,178,167,170,160,161,156,157,156,157,160,161,165,166,163,164,160,161,153,154,146,148,148,149,146,147,138,138,129,130,116,117,102,104,90,91,79,79,63,64,47,46,29,29,10,11,-9,-10,-27,-28,-47,-47,-65,-66,-86,-87,-105,-105,-121,-122,-141,-142,-160,-161,-178,-180,-196,-197,-212,-214,-227,-229,-244,-245,-263,-266,-282,-286,-300,-302,-317,-318,-324,-326,-326,-329,-328,-330,-323,-326,-315,-318,-306,-308,-296,-298,-279,-281,-260,-262,-234,-236,-208,-210,-176,-177,-146,-146,-122,-122,-97,-98,-74,-75,-59,-58,-44,-44,-25,-25,-4,-3,};
uint16_t re4B[150]={63,63,63,106,106,145,146,180,182,213,215,243,245,270,272,299,301,329,332,361,364,393,396,420,425,441,443,451,455,456,459,460,463,459,462,450,453,438,441,424,427,406,410,382,385,358,360,333,336,309,311,286,289,261,264,236,238,211,213,190,191,170,172,152,153,139,140,121,122,100,101,83,84,65,66,49,49,32,32,12,13,-8,-7,-35,-36,-68,-69,-100,-100,-129,-130,-157,-158,-181,-183,-208,-211,-238,-241,-272,-274,-310,-312,-346,-347,-378,-379,-399,-403,-415,-419,-427,-430,-439,-443,-453,-457,-466,-470,-478,-481,-477,-482,-467,-471,-448,-452,-426,-431,-408,-411,-386,-389,-357,-361,-320,-323,-275,-278,-232,-233,-188,-189,-140,-140,-91,-91,-44,-44,-5,-5,};
uint16_t fa4B[126]={36,36,35,65,66,98,99,134,136,168,169,184,186,210,211,233,234,246,249,257,258,264,266,266,269,263,265,264,266,260,262,247,250,237,238,230,232,217,219,194,196,175,175,156,157,138,140,120,121,97,97,75,75,49,49,22,23,-8,-8,-42,-42,-73,-74,-96,-96,-113,-114,-139,-141,-162,-164,-184,-184,-211,-213,-237,-239,-250,-252,-262,-264,-279,-281,-284,-286,-290,-293,-299,-302,-302,-304,-307,-310,-308,-310,-312,-314,-318,-320,-314,-317,-301,-303,-275,-278,-253,-255,-235,-237,-214,-216,-202,-204,-180,-181,-140,-141,-90,-91,-47,-48,-12,-12,22,22,53,54,};
uint16_t dod2B[636]={129,129,130,148,149,178,180,209,211,226,228,235,237,233,234,215,217,190,192,166,166,147,148,126,126,101,103,75,76,49,49,38,37,37,37,38,38,38,39,40,40,33,32,25,25,18,17,9,9,13,13,33,34,62,63,97,98,136,137,175,176,208,210,237,238,251,253,259,260,275,276,296,299,324,327,360,363,398,402,445,448,490,494,521,525,550,554,578,582,597,601,619,624,636,642,635,641,632,637,623,627,603,608,584,588,557,562,519,524,468,472,404,406,324,326,237,238,155,155,74,75,6,6,-58,-59,-131,-131,-201,-204,-276,-278,-352,-356,-416,-420,-469,-474,-524,-528,-577,-581,-620,-625,-663,-668,-693,-697,-709,-715,-722,-726,-721,-726,-701,-707,-676,-682,-648,-654,-614,-620,-576,-580,-529,-533,-485,-488,-441,-446,-398,-401,-359,-362,-329,-332,-293,-295,-263,-267,-243,-246,-228,-230,-210,-212,-192,-193,-170,-170,-154,-156,-138,-139,-116,-117,-95,-96,-71,-72,-40,-41,-15,-16,9,8,29,30,30,30,25,24,15,15,-11,-11,-41,-41,-71,-73,-112,-114,-160,-161,-208,-210,-261,-263,-321,-325,-382,-385,-432,-436,-484,-488,-533,-537,-579,-582,-621,-625,-668,-673,-712,-718,-753,-758,-788,-795,-815,-822,-835,-842,-848,-854,-857,-864,-854,-860,-836,-843,-812,-819,-778,-784,-733,-738,-679,-685,-623,-627,-559,-563,-490,-495,-423,-426,-358,-361,-285,-287,-215,-218,-154,-155,-88,-89,-21,-20,39,41,100,101,145,147,183,184,225,227,265,267,304,306,336,339,368,372,393,396,414,417,433,436,453,455,476,479,498,502,521,525,536,541,540,545,529,534,525,528,520,524,503,506,481,484,452,455,431,434,418,422,403,405,390,392,374,377,353,356,344,347,341,343,334,336,337,340,345,347,354,357,367,371,375,379,393,397,415,417,433,437,463,468,501,505,543,547,595,601,649,654,701,707,761,767,821,827,886,894,946,953,1002,1009,1055,1063,1104,1114,1147,1157,1181,1191,1211,1221,1250,1260,1287,1298,1316,1327,1343,1354,1364,1375,1375,1386,1372,1382,1359,1371,1341,1352,1299,1309,1236,1245,1171,1180,1088,1096,992,1000,905,912,814,821,713,720,608,613,498,502,389,392,282,284,176,177,79,80,-5,-6,-79,-79,-145,-145,-202,-203,-248,-250,-292,-295,-337,-340,-377,-381,-410,-413,-434,-438,-448,-452,-450,-454,-448,-453,-440,-443,-419,-422,-391,-395,-366,-369,-345,-347,-324,-326,-303,-305,-286,-288,-267,-270,-245,-248,-226,-228,-204,-206,-180,-181,-163,-164,-141,-142,-122,-123,-104,-104,-83,-84,-57,-57,-36,-37,-17,-17,3,4,17,18,25,25,35,35,33,33,20,20,3,3,-24,-25,-59,-59,-102,-104,-156,-158,-208,-210,-264,-265,-323,-325,-380,-383,-438,-442,-504,-508,-572,-577,-645,-650,-721,-727,-793,-800,-862,-869,-935,-942,-1005,-1014,-1072,-1081,-1137,-1146,-1195,-1205,-1239,-1249,-1272,-1283,-1287,-1297,-1280,-1290,-1264,-1274,-1233,-1244,-1194,-1204,-1152,-1161,-1101,-1110,-1045,-1054,-987,-996,-925,-933,-857,-864,-793,-800,-727,-732,-661,-666,-605,-610,-540,-545,-475,-479,-422,-426,-364,-367,-300,-303,-242,-244,-186,-188,-131,-132,-76,-77,-23,-23,32,32,80,80,117,118,156,156,194,196,228,229,};
uint16_t red2B[566]={-1,-1,0,0,0,0,0,0,0,0,0,0,0,0,0,0,0,0,-1,0,0,0,0,0,0,-1,0,0,0,0,0,0,0,0,1,0,0,0,0,0,1,0,0,0,-1,0,0,0,-1,0,0,0,0,0,0,0,1,-1,0,-1,0,1,0,0,0,0,0,0,0,1,0,1,0,0,1,0,0,-1,1,0,0,-1,0,0,0,0,0,0,-1,0,0,0,0,0,-1,0,0,0,0,-1,-1,1,1,0,0,-1,0,-1,0,0,1,1,0,1,0,0,0,0,0,0,0,0,0,0,-1,-1,0,0,-1,0,0,0,0,1,0,0,-1,0,-1,0,0,0,0,0,0,-1,0,-1,0,0,0,1,1,-1,0,-1,-1,0,0,0,0,0,0,0,0,0,1,0,0,-1,0,1,0,0,-1,-1,0,0,-1,-1,0,0,0,-1,0,0,1,-1,0,0,0,0,0,1,-1,-1,0,0,0,0,1,-1,0,1,1,-1,0,1,0,-1,0,0,0,0,-1,-1,0,0,0,-1,0,0,0,0,0,0,0,-1,0,0,1,1,0,-1,0,0,0,0,-1,0,0,0,0,0,0,0,0,0,0,1,-1,0,-1,0,-1,1,0,1,0,-1,0,0,-1,0,0,0,0,0,0,0,1,0,0,0,0,0,0,0,1,0,0,0,0,1,0,1,0,0,0,0,0,-1,0,1,0,0,-1,0,0,-1,-1,0,0,0,0,0,0,0,0,0,0,0,0,0,0,0,0,0,0,0,0,0,1,1,0,1,0,1,0,0,0,0,0,0,1,0,0,0,0,0,1,0,0,1,0,0,0,0,1,0,0,0,0,1,0,0,0,0,-1,0,0,0,0,0,0,0,0,0,0,1,1,0,0,0,0,0,0,0,0,0,1,0,0,0,0,0,0,0,1,0,0,0,0,0,1,0,0,1,0,0,1,0,0,0,1,0,0,0,0,0,0,1,0,0,0,0,-1,0,0,0,0,0,0,0,0,0,0,0,1,0,0,0,1,0,0,0,1,1,0,0,0,0,0,0,-1,1,0,0,-1,0,0,-1,0,-1,0,0,0,0,0,0,-1,0,0,0,-1,0,1,1,0,1,0,-1,1,-1,0,0,-1,0,1,0,0,0,0,-1,0,0,0,0,-1,0,-1,0,0,0,0,0,0,0,0,0,0,-1,0,0,0,0,0,-1,0,0,0,0,0,0,0,0,0,0,0,1,0,0,0,0,0,0,0,0,1,1,0,0,-1,0,0,0,0,0,-1,0,0,0,1,-1,0,0,1,1,0,-1,0,0,0,-1,1,0,0,0,1,0,-1,0,-1,0,0,0,0,};
uint16_t sol2B[449]={-1,-1,24,24,51,51,76,75,98,99,120,121,141,141,157,158,175,176,193,195,214,216,233,235,255,256,277,280,300,303,325,327,351,354,379,382,408,411,436,440,459,462,482,486,505,510,524,529,541,546,555,559,562,567,569,573,573,576,572,577,567,573,564,570,556,561,545,550,534,538,522,525,506,510,491,496,477,482,462,466,441,445,419,422,399,400,377,379,354,356,332,336,312,315,291,293,268,270,242,244,218,219,191,193,163,164,135,136,102,104,68,68,32,33,-6,-5,-44,-45,-87,-88,-130,-131,-171,-171,-214,-216,-259,-261,-305,-308,-349,-353,-390,-394,-430,-433,-468,-472,-501,-505,-530,-534,-559,-562,-584,-589,-608,-614,-632,-638,-657,-662,-680,-686,-702,-708,-721,-728,-740,-746,-759,-765,-776,-782,-791,-798,-807,-813,-819,-827,-832,-839,-843,-849,-853,-860,-861,-869,-868,-874,-874,-880,-876,-883,-874,-881,-871,-879,-868,-876,-857,-864,-842,-849,-823,-830,-802,-809,-778,-784,-751,-756,-719,-725,-684,-689,-647,-652,-607,-612,-566,-570,-522,-526,-477,-480,-430,-434,-380,-383,-331,-334,-288,-289,-242,-244,-195,-196,-148,-149,-110,-110,-73,-74,-35,-37,4,4,45,45,84,85,123,125,161,163,201,202,237,239,275,277,315,319,357,359,396,399,437,439,478,481,519,523,561,566,601,605,640,646,675,680,710,716,739,746,767,772,790,795,805,812,819,825,830,836,832,838,831,836,826,832,822,828,818,824,810,816,802,808,792,800,785,793,779,785,769,776,759,765,745,752,731,738,712,718,693,697,671,676,645,650,614,619,584,589,552,557,520,524,486,489,446,450,406,410,367,369,324,327,277,280,224,224,176,177,133,135,86,86,40,41,-5,-5,-52,-53,-94,-95,-130,-133,-162,-163,-195,-196,-229,-231,-257,-259,-280,-283,-303,-305,-322,-325,-337,-340,-351,-354,-366,-368,-376,-379,-386,-389,-401,-404,-411,-415,-417,-421,-427,-431,-445,-448,-459,-462,-472,-475,-484,-488,-499,-502,-513,-518,-526,-530,-539,-541,-550,-555,-555,-560,-552,-556,-551,-555,-550,-554,-540,-544,-525,-529,-509,-513,-486,-490,-455,-458,-422,-424,-394,-397,-361,-365,-324,-326,-287,-290,-252,-253,-213,-215,-174,-176,-138,-138,-101,-102,-64,-66,};
uint16_t lad2B[378]={-61,-61,-61,-41,-42,-27,-27,-12,-11,8,8,25,24,37,38,50,50,56,55,60,60,73,73,95,96,114,114,130,131,144,145,155,157,167,168,172,174,175,176,178,179,186,186,200,202,211,212,215,218,219,220,222,225,223,224,218,220,215,216,212,215,208,211,203,204,197,199,189,192,184,185,175,177,165,166,157,159,156,157,151,152,137,138,119,119,99,100,82,81,67,69,60,61,60,60,55,55,35,35,12,12,-4,-4,-16,-17,-18,-17,-15,-16,-16,-16,-19,-20,-34,-36,-54,-53,-74,-75,-96,-97,-104,-104,-94,-95,-96,-98,-110,-110,-121,-122,-134,-134,-152,-154,-169,-169,-172,-174,-167,-168,-163,-164,-171,-172,-179,-181,-190,-192,-203,-205,-214,-217,-218,-219,-211,-212,-199,-201,-185,-187,-179,-180,-184,-185,-183,-185,-171,-174,-162,-163,-155,-157,-139,-140,-118,-119,-109,-111,-99,-100,-80,-81,-58,-58,-44,-44,-29,-30,-3,-3,26,25,31,31,44,44,62,62,65,66,79,80,88,89,105,107,130,131,140,142,157,158,164,165,162,164,174,175,188,189,195,195,201,202,207,207,214,216,227,230,233,233,234,236,234,235,233,234,230,232,226,228,226,227,227,229,233,235,233,235,227,230,217,219,207,208,199,199,184,186,168,169,155,156,136,138,117,119,104,105,91,92,68,69,41,41,21,22,10,9,-5,-6,-33,-33,-59,-60,-80,-81,-98,-99,-112,-113,-115,-116,-112,-113,-124,-125,-156,-157,-190,-191,-213,-215,-228,-230,-230,-233,-227,-228,-226,-228,-233,-235,-241,-243,-263,-263,-287,-290,-301,-303,-307,-310,-311,-314,-311,-315,-305,-307,-298,-301,-307,-309,-331,-334,-353,-357,-356,-358,-348,-349,-333,-335,-312,-315,-290,-293,-285,-288,-292,-294,-295,-298,-295,-298,-289,-290,-262,-264,-230,-231,-198,-201,-173,-174,-154,-156,-133,-133,-109,-111,-87,-87,-57,-57,-25,-24,};
uint16_t re3B[300]={74,74,73,109,110,145,147,180,182,204,205,231,233,259,260,288,290,310,313,327,329,338,342,346,349,357,360,359,361,365,368,371,375,379,382,380,383,373,376,376,379,377,381,371,373,358,360,348,351,348,351,343,347,332,335,320,322,312,314,296,298,273,275,253,255,235,237,213,215,186,187,158,159,133,134,112,113,86,85,56,56,25,25,-7,-7,-34,-34,-55,-55,-75,-75,-102,-102,-122,-123,-144,-146,-166,-168,-176,-178,-187,-188,-189,-189,-185,-187,-184,-186,-184,-185,-190,-193,-198,-200,-207,-208,-214,-215,-208,-209,-207,-209,-205,-207,-203,-204,-195,-196,-176,-178,-149,-150,-114,-115,-78,-79,-45,-46,-7,-8,22,22,55,57,91,91,124,125,155,157,178,180,188,190,199,201,212,213,212,215,212,214,212,214,210,211,204,207,203,204,196,198,193,195,192,194,191,194,188,188,188,189,188,189,188,190,204,205,206,208,212,213,216,218,218,219,210,212,206,208,199,201,190,191,177,178,154,155,124,125,82,82,42,41,-13,-14,-71,-72,-127,-128,-182,-183,-235,-236,-281,-283,-328,-330,-380,-385,-430,-433,-478,-482,-526,-530,-572,-577,-617,-621,-658,-662,-693,-698,-726,-732,-751,-758,-773,-779,-791,-798,-802,-808,-804,-811,-804,-812,-807,-812,-803,-810,-796,-803,-789,-795,-783,-790,-757,-763,-723,-729,-692,-696,-652,-658,-604,-608,-549,-554,-488,-493,-423,-426,-362,-365,-304,-306,-241,-243,-170,-171,-94,-95,-7,-8,73,73,148,149,};
uint16_t red3B[283]={0,0,25,25,55,55,86,86,116,116,145,145,172,173,199,201,227,229,249,251,269,270,285,287,293,296,299,301,304,305,308,309,309,312,310,313,307,310,298,300,285,286,272,274,263,266,254,257,246,247,232,234,219,221,210,212,195,198,175,176,153,154,130,131,112,113,96,97,74,75,51,52,28,28,6,6,-12,-12,-31,-31,-54,-55,-82,-82,-106,-108,-132,-133,-155,-157,-177,-178,-195,-196,-213,-215,-227,-230,-235,-237,-235,-238,-229,-231,-216,-218,-200,-201,-183,-184,-163,-165,-144,-145,-124,-125,-106,-108,-89,-91,-68,-69,-44,-43,-18,-19,4,4,22,22,35,35,52,51,66,67,79,79,96,97,114,114,127,128,144,146,168,170,194,194,221,222,245,246,264,266,281,284,294,297,302,306,309,312,317,320,322,325,323,326,320,322,312,315,302,304,286,289,268,271,251,253,232,234,212,214,194,195,176,177,160,161,142,142,115,116,92,92,74,74,53,54,30,29,-3,-3,-42,-42,-78,-79,-107,-110,-134,-134,-154,-156,-181,-182,-212,-215,-247,-250,-288,-290,-330,-332,-368,-370,-400,-403,-436,-439,-473,-476,-506,-510,-530,-535,-544,-548,-549,-553,-549,-553,-545,-548,-535,-539,-518,-523,-494,-497,-462,-466,-433,-436,-408,-411,-385,-389,-357,-359,-327,-329,-295,-297,-268,-270,-246,-248,-221,-223,-195,-195,-167,-168,-139,-141,-113,-114,-87,-88,-55,-56,};
uint16_t sol3B[225]={26,26,38,37,45,45,51,51,53,53,52,52,50,49,47,48,48,49,48,48,50,49,55,56,61,62,69,70,79,81,92,93,105,106,119,119,130,132,142,142,152,153,159,160,163,164,165,166,165,167,164,166,159,160,154,155,150,151,142,144,134,134,127,130,123,124,122,122,125,126,128,129,129,130,129,129,129,129,130,132,129,131,124,126,123,125,125,126,123,125,120,121,116,117,112,112,109,110,105,106,101,102,98,99,95,96,92,92,87,87,83,84,78,78,71,72,62,63,55,56,41,40,20,20,5,4,-12,-12,-26,-26,-36,-37,-49,-48,-59,-59,-74,-75,-91,-91,-105,-106,-121,-121,-135,-136,-148,-150,-161,-162,-173,-173,-176,-177,-174,-175,-173,-174,-174,-176,-185,-186,-190,-192,-192,-194,-195,-196,-197,-198,-196,-199,-200,-201,-206,-207,-219,-220,-233,-235,-246,-247,-258,-261,-270,-272,-279,-282,-289,-290,-291,-293,-289,-290,-284,-286,-278,-281,-275,-277,-269,-271,-255,-256,-234,-236,-197,-200,-154,-156,-116,-116,-75,-76,-41,-41,-11,-11,19,20,45,45,65,66,82,84,};
uint16_t lad3B[189]={28,28,44,45,58,58,75,75,92,93,107,108,120,121,134,135,148,149,162,163,174,175,184,186,195,198,204,206,210,211,217,220,226,228,231,233,236,237,236,238,233,235,229,230,222,224,216,217,206,208,198,199,190,191,182,183,174,175,165,167,155,157,140,140,124,125,113,114,105,106,98,99,91,92,79,79,65,65,51,52,38,38,26,26,13,13,2,3,-6,-6,-17,-17,-28,-28,-37,-37,-42,-43,-49,-49,-55,-54,-59,-58,-58,-59,-63,-64,-69,-70,-74,-75,-81,-82,-89,-89,-95,-96,-98,-98,-101,-101,-105,-107,-113,-113,-117,-118,-121,-123,-128,-128,-135,-135,-143,-145,-150,-151,-156,-158,-163,-165,-169,-170,-177,-179,-188,-188,-199,-200,-206,-208,-207,-208,-202,-204,-198,-200,-198,-199,-196,-198,-194,-194,-190,-192,-183,-186,-173,-174,-163,-164,-155,-156,-146,-147,-138,-139,-128,-129,-112,-112,-92,-91,-73,-73,-51,-51,-30,-30,};
uint16_t *arrayNotesA20[8] = {fad1,la1,do2,mi2,fad2,la2,do3,mi3,};
int taillesA20[8] = {953,801,674,535,476,400,337,267,};
uint16_t *arrayNotesB20[8] = {fad3,la3,do4,lad1,si1,re2,fa2,la2,};
int taillesB20[8] = {238,200,168,754,714,600,505,400,};
uint16_t *arrayNotesA27[8] = {si2,re3,fa3,la3,si3,re4,fa4,dod2,};
int taillesA27[8] = {357,300,252,200,178,150,126,636,};
uint16_t *arrayNotesB27[8] = {red2,sol2,lad2,re3,red3,sol3,lad3,};
int taillesB27[8] = {566,449,378,300,283,225,189,};
uint16_t *arrayNotesA20B[8] = {fad1B,la1B,do2B,mi2B,fad2B,la2B,do3B,mi3B,};
int taillesA20B[8] = {953,801,674,535,476,400,337,267,};
uint16_t *arrayNotesB20B[8] = {fad3B,la3B,do4B,lad1B,si1B,re2B,fa2B,la2B,};
int taillesB20B[8] = {238,200,168,754,714,600,505,400,};
uint16_t *arrayNotesA27B[8] = {si2B,re3B,fa3B,la3B,si3B,re4B,fa4B,dod2B,};
int taillesA27B[8] = {357,300,252,200,178,150,126,636,};
uint16_t *arrayNotesB27B[8] = {red2B,sol2B,lad2B,re3B,red3B,sol3B,lad3B,};
int taillesB27B[8] = {566,449,378,300,283,225,189,};
uint16_t fad1[953]={-300,-300,-219,-139,-49,46,130,203,281,363,433,506,603,707,815,936,1065,1199,1326,1450,1576,1702,1827,1949,2080,2208,2333,2453,2543,2618,2691,2736,2771,2801,2831,2843,2844,2841,2817,2784,2739,2677,2605,2532,2464,2389,2313,2236,2157,2068,1976,1898,1821,1744,1678,1618,1551,1493,1432,1369,1320,1271,1225,1178,1122,1076,1013,949,880,805,727,647,574,486,391,303,202,97,-19,-138,-263,-398,-523,-640,-762,-890,-1019,-1147,-1284,-1421,-1554,-1697,-1836,-1956,-2075,-2180,-2265,-2361,-2454,-2530,-2595,-2644,-2680,-2691,-2686,-2661,-2616,-2559,-2498,-2424,-2338,-2248,-2162,-2063,-1949,-1843,-1755,-1665,-1577,-1512,-1459,-1419,-1386,-1365,-1349,-1332,-1327,-1329,-1339,-1357,-1357,-1346,-1331,-1308,-1279,-1233,-1179,-1123,-1054,-962,-855,-738,-617,-484,-345,-202,-57,68,195,321,446,573,690,802,902,1002,1102,1194,1286,1383,1484,1587,1690,1785,1888,1982,2058,2134,2200,2253,2291,2325,2367,2398,2408,2398,2377,2347,2293,2230,2159,2084,1998,1897,1782,1649,1511,1355,1189,1019,842,662,486,318,160,-2,-142,-267,-385,-484,-572,-645,-711,-770,-810,-844,-871,-887,-898,-890,-868,-839,-811,-786,-759,-731,-701,-659,-622,-586,-545,-512,-488,-468,-452,-438,-435,-434,-441,-453,-464,-483,-497,-517,-544,-562,-584,-615,-648,-674,-696,-715,-725,-727,-713,-684,-650,-584,-507,-408,-280,-141,21,198,398,615,844,1086,1333,1587,1843,2085,2329,2569,2803,3020,3224,3423,3595,3741,3867,3977,4063,4132,4190,4229,4255,4271,4271,4245,4209,4170,4118,4054,3982,3892,3785,3656,3529,3399,3260,3117,2971,2827,2675,2516,2368,2218,2064,1915,1763,1612,1466,1319,1176,1042,914,792,680,566,454,348,235,106,-7,-109,-215,-330,-451,-566,-692,-831,-977,-1127,-1275,-1428,-1582,-1731,-1867,-1989,-2130,-2248,-2351,-2453,-2548,-2643,-2719,-2781,-2830,-2855,-2875,-2891,-2902,-2920,-2946,-2954,-2933,-2905,-2880,-2858,-2838,-2819,-2809,-2785,-2772,-2772,-2761,-2756,-2751,-2729,-2723,-2728,-2723,-2721,-2745,-2755,-2747,-2756,-2736,-2710,-2689,-2652,-2602,-2550,-2482,-2398,-2318,-2207,-2088,-1974,-1858,-1735,-1591,-1453,-1297,-1135,-976,-803,-652,-508,-372,-253,-129,-16,96,190,269,347,402,461,526,590,653,713,779,830,896,976,1045,1106,1171,1240,1286,1325,1358,1369,1369,1371,1371,1356,1319,1285,1242,1181,1106,1032,944,828,717,591,451,292,109,-84,-283,-492,-711,-912,-1107,-1307,-1463,-1603,-1747,-1867,-1985,-2092,-2181,-2261,-2340,-2403,-2444,-2470,-2494,-2515,-2535,-2552,-2552,-2565,-2568,-2549,-2544,-2550,-2550,-2565,-2567,-2554,-2542,-2513,-2479,-2429,-2383,-2323,-2236,-2154,-2057,-1936,-1806,-1671,-1528,-1369,-1203,-1048,-896,-744,-609,-480,-350,-219,-89,38,160,269,371,478,582,695,834,984,1153,1323,1496,1680,1875,2083,2298,2509,2715,2918,3116,3301,3472,3631,3769,3884,3980,4069,4136,4193,4246,4275,4277,4268,4243,4192,4128,4052,3955,3835,3706,3564,3404,3237,3062,2896,2728,2575,2430,2281,2140,2004,1869,1735,1598,1470,1360,1269,1191,1116,1049,992,923,852,778,706,638,557,477,401,299,171,21,-152,-337,-534,-743,-951,-1148,-1353,-1565,-1768,-1954,-2139,-2318,-2468,-2595,-2703,-2796,-2861,-2921,-2994,-3060,-3104,-3140,-3148,-3144,-3142,-3129,-3111,-3082,-3059,-3025,-2967,-2901,-2829,-2752,-2675,-2589,-2513,-2440,-2373,-2308,-2235,-2170,-2122,-2077,-2040,-2010,-1986,-1970,-1964,-1971,-1992,-2041,-2098,-2144,-2189,-2209,-2214,-2197,-2160,-2105,-2032,-1938,-1826,-1708,-1570,-1401,-1185,-938,-673,-407,-144,114,356,593,812,1019,1212,1377,1526,1668,1785,1883,1971,2070,2158,2237,2328,2420,2520,2622,2717,2790,2849,2903,2939,2980,3018,3050,3069,3070,3067,3043,3000,2952,2897,2842,2788,2720,2639,2549,2433,2285,2115,1929,1706,1460,1206,948,678,406,141,-132,-387,-616,-829,-1021,-1195,-1342,-1481,-1611,-1697,-1761,-1796,-1804,-1780,-1723,-1657,-1568,-1458,-1336,-1193,-1047,-879,-720,-576,-432,-305,-189,-94,-28,15,32,26,6,-28,-63,-95,-130,-175,-219,-265,-327,-379,-422,-463,-506,-538,-557,-566,-549,-517,-462,-387,-295,-191,-65,87,257,446,675,926,1198,1486,1787,2112,2434,2763,3091,3405,3698,3970,4225,4461,4688,4907,5105,5281,5435,5562,5644,5696,5718,5707,5673,5618,5543,5436,5301,5142,4965,4774,4556,4323,4093,3860,3628,3402,3182,2967,2757,2552,2359,2170,1979,1784,1594,1403,1217,1040,888,760,646,524,409,307,186,45,-103,-245,-389,-549,-731,-922,-1117,-1329,-1537,-1747,-1970,-2181,-2388,-2579,-2732,-2853,-2936,-2996,-3052,-3102,-3140,-3176,-3213,-3231,-3229,-3210,-3174,-3147,-3116,-3087,-3068,-3047,-3044,-3022,-3003,-3024,-3052,-3086,-3120,-3147,-3158,-3170,-3202,-3237,-3267,-3289,-3320,-3349,-3368,-3371,-3356,-3295,-3236,-3213,-3187,-3146,-3117,-3114,-3108,-3111,-3110,-3067,-3018,-2974,-2911,-2826,-2719,-2608,-2490,-2360,-2225,-2065,-1887,-1677,-1442,-1179,-896,-631,-388,-173,-1,162,331,493,641,766,846,889,909,899,872,852,847,839,838,829,853,918,996,1083,1178,1250,1299,1350,1428,1517,1611,1715,1815,1915,1992,2032,2032,2009,1941,1866,1773,1642,1509,1368,1203,982,696,363,-23,-414,-801,-1170,-1502,-1800,-2080,-2346,-2568,-2758,-2939,-3090,-3198,-3297,-3360,-3389,-3383,-3332,-3256,-3155,-3041,-2928,-2827,-2737,-2660,-2603,-2542,-2478,-2439,-2408,-2370,-2346,};
uint16_t la1[801]={1767,1767,1978,2146,2274,2358,2417,2459,2505,2542,2549,2536,2477,2362,2175,1906,1570,1189,784,368,-41,-443,-829,-1193,-1521,-1801,-2026,-2181,-2259,-2252,-2160,-1997,-1778,-1530,-1269,-997,-715,-431,-138,172,492,816,1128,1428,1689,1926,2143,2338,2524,2700,2872,3008,3120,3184,3211,3179,3095,2989,2845,2692,2514,2340,2143,1934,1714,1495,1280,1067,855,652,457,252,47,-155,-344,-528,-679,-810,-899,-963,-999,-1016,-1006,-969,-919,-823,-680,-454,-193,121,442,735,960,1151,1297,1409,1482,1522,1542,1541,1562,1588,1645,1710,1799,1890,2000,2077,2109,2088,2009,1845,1597,1299,977,659,337,42,-245,-493,-722,-919,-1090,-1212,-1323,-1413,-1469,-1486,-1486,-1498,-1498,-1510,-1512,-1526,-1526,-1515,-1480,-1442,-1397,-1345,-1267,-1139,-990,-802,-604,-392,-197,-3,152,257,304,323,305,253,198,126,44,-41,-123,-221,-315,-427,-550,-674,-819,-979,-1154,-1335,-1542,-1758,-1963,-2146,-2329,-2511,-2676,-2834,-2973,-3114,-3282,-3460,-3647,-3815,-3926,-4013,-4081,-4104,-4096,-4089,-4088,-4073,-4007,-3889,-3676,-3302,-2778,-2151,-1502,-854,-220,392,965,1486,1931,2290,2577,2782,2920,3011,3056,3106,3169,3230,3259,3245,3187,3068,2858,2548,2143,1667,1169,663,182,-278,-744,-1215,-1659,-2023,-2301,-2486,-2586,-2600,-2517,-2338,-2088,-1816,-1512,-1185,-856,-520,-167,219,607,989,1353,1691,2013,2304,2570,2817,3053,3284,3508,3698,3852,3954,3984,3956,3875,3751,3587,3398,3195,2972,2737,2488,2220,1943,1671,1411,1160,919,677,429,178,-81,-340,-571,-771,-933,-1050,-1124,-1156,-1184,-1199,-1200,-1193,-1147,-1029,-833,-549,-189,235,659,1026,1341,1574,1735,1879,1992,2061,2102,2130,2166,2203,2258,2345,2455,2603,2749,2844,2878,2851,2727,2478,2133,1731,1291,871,486,107,-235,-537,-804,-1030,-1206,-1325,-1410,-1487,-1525,-1532,-1528,-1514,-1496,-1478,-1487,-1491,-1480,-1470,-1424,-1341,-1242,-1107,-954,-776,-583,-386,-156,95,348,593,764,871,940,966,951,879,754,610,459,331,199,41,-119,-307,-487,-665,-858,-1040,-1218,-1441,-1688,-1944,-2192,-2440,-2696,-2944,-3191,-3438,-3661,-3884,-4109,-4310,-4472,-4601,-4673,-4689,-4662,-4631,-4613,-4606,-4616,-4622,-4584,-4453,-4166,-3678,-3004,-2261,-1504,-746,-19,698,1367,1974,2458,2816,3069,3244,3319,3342,3365,3378,3401,3423,3429,3386,3311,3138,2851,2440,1956,1411,853,297,-240,-783,-1356,-1895,-2394,-2796,-3120,-3331,-3444,-3402,-3231,-2954,-2608,-2239,-1846,-1453,-1055,-657,-213,239,691,1115,1534,1924,2276,2590,2879,3154,3419,3685,3925,4137,4294,4382,4390,4339,4222,4063,3857,3631,3375,3109,2842,2554,2224,1887,1565,1260,969,691,413,116,-185,-483,-763,-1004,-1196,-1356,-1482,-1576,-1638,-1695,-1740,-1763,-1760,-1714,-1586,-1346,-999,-560,-42,496,966,1331,1607,1817,2001,2140,2221,2242,2238,2227,2255,2332,2450,2603,2798,3001,3162,3230,3176,3001,2691,2253,1717,1152,599,84,-390,-818,-1201,-1529,-1799,-2003,-2122,-2174,-2178,-2147,-2075,-1998,-1918,-1861,-1846,-1895,-1972,-2061,-2132,-2136,-2056,-1928,-1768,-1567,-1319,-1032,-725,-405,-102,186,428,638,805,891,888,813,680,532,354,187,28,-117,-277,-431,-584,-731,-893,-1042,-1177,-1338,-1541,-1785,-2069,-2377,-2683,-3014,-3345,-3687,-3974,-4207,-4364,-4490,-4597,-4698,-4764,-4803,-4818,-4824,-4829,-4831,-4879,-4949,-5057,-5127,-5080,-4763,-4173,-3400,-2557,-1665,-757,153,1039,1839,2526,3004,3328,3523,3654,3706,3738,3782,3822,3858,3892,3919,3918,3884,3704,3413,2993,2491,1938,1368,774,134,-551,-1266,-1933,-2552,-3052,-3433,-3672,-3781,-3717,-3507,-3185,-2811,-2429,-2004,-1564,-1133,-686,-211,286,786,1243,1674,2079,2458,2799,3108,3407,3718,4023,4311,4567,4767,4889,4915,4866,4744,4554,4336,4093,3817,3546,3264,2960,2631,2280,1928,1567,1225,895,558,226,-102,-414,-701,-964,-1189,-1379,-1531,-1660,-1783,-1889,-1995,-2069,-2094,-2046,-1905,-1640,-1228,-704,-81,572,1168,1616,1934,2193,2400,2568,2665,2686,2658,2617,2625,2699,2826,3019,3261,3532,3757,3891,3892,3723,3375,2871,2268,1622,992,409,-127,-602,-1012,-1358,-1642,-1846,-1957,-1986,-1953,-1864,-1748,-1616,-1518,-1474,-1489,-1551,-1614,-1675,-1729,-1751,-1721,-1606,-1403,-1147,-881,-612,-328,-24,293,609,888,1100,1230,1267,1231,1142,1009,840,634,413,220,47,-133,-320,-509,-694,-883,-1100,-1333,-1579,-1827,-2126,-2468,-2816,-3154,-3427,-3645,-3804,-3913,-3977,-4049,-4143,-4288,-4444,-4568,-4682,-4782,-4883,-4982,-5104,-5220,-5374,-5510,-5627,-5581,-5205,};
uint16_t do2[674]={679,679,745,797,851,899,933,969,1011,1048,1077,1099,1107,1112,1115,1110,1098,1092,1085,1070,1054,1040,1022,1001,972,942,917,893,869,843,814,789,766,745,720,700,684,665,647,631,614,596,583,575,567,563,563,565,569,579,597,611,618,628,643,658,667,676,672,671,660,645,625,607,583,556,530,496,457,419,381,348,317,282,249,216,178,145,104,58,13,-37,-83,-124,-161,-200,-251,-304,-355,-405,-450,-485,-514,-537,-554,-578,-610,-646,-670,-690,-710,-725,-739,-748,-757,-763,-778,-803,-824,-855,-889,-912,-939,-960,-984,-1020,-1073,-1124,-1171,-1215,-1242,-1262,-1277,-1294,-1326,-1354,-1380,-1411,-1437,-1448,-1453,-1451,-1453,-1462,-1472,-1476,-1482,-1472,-1449,-1415,-1372,-1323,-1269,-1217,-1166,-1102,-1027,-948,-855,-755,-649,-547,-458,-369,-276,-189,-103,-8,90,193,300,399,491,575,661,760,864,970,1080,1181,1272,1355,1425,1482,1532,1576,1620,1667,1705,1732,1753,1766,1764,1750,1733,1723,1715,1703,1690,1661,1625,1582,1534,1481,1432,1394,1353,1311,1269,1229,1188,1140,1097,1053,1009,967,928,886,852,811,769,737,714,705,707,711,715,731,754,773,789,812,835,852,868,878,883,884,880,860,832,806,777,743,709,666,619,569,526,487,448,411,386,368,346,319,283,239,180,119,51,-21,-85,-136,-195,-261,-344,-425,-492,-560,-605,-637,-664,-690,-713,-740,-771,-807,-847,-872,-885,-891,-886,-881,-904,-946,-996,-1056,-1117,-1178,-1236,-1285,-1343,-1416,-1497,-1587,-1679,-1766,-1845,-1891,-1928,-1962,-1985,-2010,-2037,-2067,-2107,-2141,-2162,-2173,-2172,-2161,-2148,-2142,-2148,-2142,-2125,-2103,-2070,-2023,-1971,-1910,-1834,-1734,-1631,-1533,-1420,-1284,-1139,-995,-852,-717,-581,-450,-320,-198,-83,30,142,250,349,443,551,666,775,888,1006,1113,1216,1311,1391,1470,1545,1611,1675,1730,1775,1804,1831,1843,1839,1827,1817,1795,1768,1736,1687,1631,1572,1505,1433,1359,1289,1226,1172,1117,1058,998,946,896,849,801,761,723,683,640,597,560,523,486,463,459,463,475,498,525,560,600,646,689,733,780,831,875,920,956,974,983,983,972,940,900,856,809,760,713,665,604,557,512,470,442,420,395,369,338,299,251,190,123,57,-14,-84,-149,-213,-271,-329,-387,-428,-468,-506,-529,-537,-550,-554,-550,-544,-533,-527,-527,-522,-529,-551,-575,-615,-669,-733,-818,-914,-1013,-1112,-1203,-1300,-1398,-1491,-1587,-1668,-1742,-1808,-1867,-1934,-1993,-2054,-2111,-2163,-2200,-2232,-2258,-2267,-2276,-2293,-2309,-2332,-2353,-2361,-2353,-2342,-2328,-2305,-2275,-2237,-2180,-2094,-1984,-1868,-1722,-1546,-1366,-1194,-1008,-828,-664,-502,-346,-199,-62,78,199,310,412,509,615,741,882,1036,1195,1355,1511,1654,1793,1920,2042,2159,2277,2377,2460,2540,2604,2653,2685,2702,2698,2683,2665,2633,2589,2536,2471,2391,2307,2216,2121,2028,1938,1855,1768,1674,1574,1471,1372,1277,1187,1100,1016,936,858,777,700,629,563,502,455,435,437,447,465,488,514,553,607,665,728,793,858,928,999,1063,1104,1116,1106,1084,1058,1024,980,933,876,823,777,722,669,627,587,553,533,525,514,480,416,324,228,128,30,-72,-187,-310,-435,-539,-619,-685,-746,-800,-833,-851,-864,-869,-875,-885,-890,-888,-895,-897,-892,-902,-932,-982,-1050,-1143,-1258,-1367,-1467,-1562,-1647,-1739,-1850,-1956,-2056,-2141,-2217,-2280,-2326,-2368,-2397,-2421,-2445,-2467,-2496,-2542,-2594,-2628,-2651,-2664,-2667,-2665,-2656,-2654,-2659,-2655,-2652,-2645,-2623,-2589,-2530,-2434,-2315,-2162,-1988,-1804,-1602,-1383,-1160,-934,-712,-502,-311,-147,-10,97,174,233,293,381,492,627,784,943,};
uint16_t mi2[535]={890,890,1058,1216,1353,1465,1568,1657,1732,1793,1837,1868,1890,1910,1921,1929,1949,1983,2016,2054,2098,2152,2211,2271,2333,2393,2450,2499,2539,2570,2580,2578,2559,2522,2466,2392,2303,2210,2116,2011,1903,1788,1683,1586,1501,1424,1358,1312,1279,1253,1235,1214,1193,1170,1131,1081,1024,948,859,758,626,470,299,113,-79,-274,-473,-672,-865,-1048,-1222,-1383,-1533,-1666,-1789,-1899,-1993,-2077,-2152,-2209,-2256,-2295,-2319,-2340,-2368,-2396,-2428,-2460,-2482,-2495,-2522,-2541,-2561,-2581,-2570,-2548,-2515,-2451,-2377,-2302,-2205,-2096,-1978,-1845,-1693,-1535,-1373,-1201,-1050,-911,-783,-678,-575,-475,-385,-298,-219,-162,-126,-96,-60,-17,53,136,228,341,449,558,677,790,915,1052,1190,1325,1462,1588,1683,1774,1852,1904,1961,2015,2046,2074,2089,2083,2071,2057,2043,2035,2045,2058,2084,2118,2161,2211,2263,2322,2386,2468,2546,2616,2674,2709,2725,2737,2727,2706,2662,2590,2496,2383,2251,2106,1953,1811,1663,1522,1382,1246,1115,987,872,763,672,603,543,486,423,353,274,188,95,-2,-109,-229,-367,-519,-686,-859,-1039,-1217,-1387,-1558,-1734,-1907,-2064,-2213,-2355,-2492,-2622,-2726,-2813,-2884,-2953,-3028,-3104,-3182,-3251,-3300,-3331,-3373,-3418,-3467,-3544,-3634,-3709,-3769,-3809,-3831,-3835,-3821,-3795,-3749,-3688,-3601,-3474,-3307,-3116,-2925,-2744,-2586,-2446,-2314,-2183,-2047,-1906,-1776,-1673,-1602,-1553,-1540,-1550,-1560,-1555,-1494,-1370,-1199,-994,-776,-555,-335,-96,175,473,793,1115,1429,1721,1974,2185,2357,2474,2562,2625,2659,2668,2650,2605,2532,2453,2384,2334,2313,2318,2336,2380,2444,2518,2607,2715,2832,2954,3087,3210,3305,3380,3414,3410,3386,3335,3265,3185,3080,2952,2807,2650,2486,2335,2188,2054,1960,1917,1910,1930,1955,1972,1978,1990,2003,2025,2044,2042,2007,1923,1780,1581,1341,1064,765,456,134,-202,-535,-865,-1195,-1502,-1781,-2027,-2233,-2400,-2533,-2651,-2763,-2861,-2951,-3023,-3071,-3095,-3093,-3086,-3091,-3121,-3176,-3244,-3325,-3401,-3458,-3507,-3539,-3561,-3600,-3646,-3686,-3710,-3702,-3637,-3509,-3342,-3136,-2910,-2669,-2408,-2141,-1880,-1633,-1388,-1158,-948,-765,-611,-474,-367,-285,-221,-195,-193,-199,-206,-191,-129,-17,148,348,564,779,986,1201,1425,1660,1909,2169,2413,2631,2806,2935,3005,3031,3035,3013,2970,2913,2829,2726,2596,2456,2331,2226,2153,2118,2116,2140,2189,2271,2378,2501,2652,2829,3019,3196,3351,3479,3563,3608,3623,3612,3570,3502,3406,3272,3091,2868,2616,2366,2135,1936,1783,1663,1562,1471,1382,1288,1213,1156,1117,1110,1117,1113,1086,1020,902,743,547,321,86,-161,-430,-712,-1013,-1332,-1656,-1963,-2247,-2501,-2725,-2930,-3128,-3309,-3476,-3618,-3726,-3795,-3825,-3832,-3832,-3853,-3893,-3943,-4003,-4056,-4106,-4162,-4231,-4329,-4462,-4635,-4828,-5015,-5169,-5265,-5295,-5262,-5194,-5109,-5013,-4889,-4713,-4459,-4139,-3800,-3487,-3206,-2981,-2796,-2629,-2467,-2305,-2147,-2003,-1900,-1869,-1901,-1966,-2017,-1985,-1822,-1526,-1148,-730,-298,102,482,879,1303,1758,2241,};
uint16_t fad2[476]={-439,-439,-379,-318,-252,-185,-117,-46,24,92,156,216,275,329,374,418,460,495,525,557,584,599,612,629,643,660,682,701,717,737,759,774,790,811,833,852,874,899,921,943,961,973,974,978,979,971,963,959,949,938,927,911,893,874,850,815,777,737,692,654,629,594,552,510,458,410,359,304,249,197,143,79,17,-44,-109,-177,-251,-332,-407,-477,-555,-624,-687,-757,-823,-880,-938,-994,-1045,-1087,-1123,-1155,-1182,-1197,-1201,-1202,-1192,-1167,-1144,-1124,-1097,-1068,-1045,-1022,-997,-960,-915,-876,-840,-802,-771,-744,-709,-668,-626,-583,-530,-480,-425,-367,-308,-243,-177,-106,-34,36,106,173,244,303,351,394,428,458,480,497,510,522,531,539,549,550,548,548,545,539,539,546,562,577,601,634,664,687,715,740,765,788,806,829,848,863,877,883,889,893,891,897,899,909,912,913,920,922,922,925,921,909,896,886,867,842,821,790,744,696,635,562,483,404,321,232,136,41,-64,-173,-279,-386,-499,-624,-753,-878,-1003,-1124,-1238,-1350,-1464,-1570,-1664,-1752,-1825,-1890,-1946,-1975,-1997,-2006,-2004,-2007,-2011,-2008,-1993,-1974,-1931,-1875,-1819,-1759,-1696,-1639,-1580,-1523,-1464,-1407,-1349,-1284,-1227,-1167,-1098,-1024,-945,-863,-779,-673,-567,-457,-343,-231,-123,-14,86,181,273,357,433,496,556,604,649,688,718,739,761,781,797,809,818,841,867,894,938,994,1055,1122,1197,1273,1342,1400,1458,1520,1564,1592,1629,1655,1660,1656,1655,1638,1611,1583,1548,1514,1490,1454,1402,1345,1287,1223,1161,1105,1051,1000,954,909,859,814,760,682,600,525,450,360,276,191,97,-4,-115,-227,-334,-443,-555,-668,-796,-934,-1068,-1187,-1288,-1383,-1471,-1533,-1584,-1637,-1683,-1696,-1682,-1676,-1657,-1628,-1604,-1583,-1576,-1552,-1523,-1501,-1456,-1401,-1347,-1291,-1236,-1192,-1146,-1095,-1048,-1004,-961,-916,-866,-813,-746,-671,-582,-480,-378,-276,-163,-47,64,168,274,371,449,512,564,610,645,676,707,739,750,748,756,748,719,688,669,678,677,674,694,723,753,794,858,943,1035,1112,1180,1219,1250,1279,1299,1322,1355,1396,1430,1451,1466,1488,1506,1513,1543,1594,1631,1660,1691,1688,1666,1656,1649,1620,1585,1575,1579,1549,1477,1415,1365,1280,1155,1039,953,870,763,649,532,400,240,54,-141,-338,-529,-724,-934,-1135,-1321,-1513,-1704,-1881,-2032,-2193,-2360,-2487,-2577,-2649,-2678,-2674,-2674,-2678,-2674,-2674,-2682,-2671,-2647,-2606,-2530,-2449,-2376,-2315,-2264,-2213,-2166,-2118,-2063,-1997,-1934,-1876,-1829,-1780,-1726,};
uint16_t do3[337]={0,0,455,888,1264,1569,1793,1938,2026,2098,2143,2121,2016,1871,1730,1613,1539,1533,1588,1655,1681,1648,1555,1429,1292,1147,1013,928,936,1044,1191,1250,1169,1014,845,696,604,533,416,218,3,-196,-373,-524,-680,-846,-978,-1040,-1044,-999,-921,-890,-957,-1048,-1099,-1137,-1198,-1290,-1421,-1600,-1843,-2140,-2402,-2533,-2532,-2411,-2188,-1967,-1836,-1820,-1852,-1831,-1709,-1497,-1205,-846,-499,-249,-122,-79,-44,43,175,380,686,1069,1483,1912,2331,2688,2985,3239,3453,3645,3793,3854,3814,3706,3590,3475,3379,3334,3364,3485,3631,3688,3658,3568,3445,3305,3122,2959,2910,2981,3076,3007,2674,2168,1674,1332,1092,842,549,237,-100,-418,-676,-910,-1133,-1367,-1623,-1839,-2000,-2165,-2356,-2578,-2848,-3134,-3363,-3509,-3614,-3708,-3753,-3795,-3932,-4195,-4554,-4850,-4891,-4603,-4100,-3640,-3421,-3370,-3321,-3176,-2919,-2606,-2253,-1822,-1339,-931,-714,-704,-805,-859,-751,-437,-8,410,801,1218,1671,2089,2381,2545,2674,2806,2880,2860,2721,2486,2200,1882,1616,1498,1525,1631,1714,1675,1517,1297,1025,746,496,335,380,628,959,1202,1234,1068,825,655,595,555,461,307,123,-68,-243,-382,-497,-608,-759,-910,-961,-897,-783,-676,-661,-764,-904,-1030,-1130,-1189,-1283,-1493,-1833,-2282,-2765,-3226,-3560,-3603,-3337,-3018,-2919,-3011,-3125,-3188,-3157,-2995,-2678,-2204,-1678,-1257,-1004,-915,-903,-847,-670,-370,-2,417,895,1452,2067,2644,3091,3446,3738,4003,4224,4367,4443,4456,4388,4258,4132,4068,4084,4222,4470,4681,4739,4627,4420,4200,3990,3780,3660,3746,3972,4110,3980,3525,2878,2260,1763,1388,1056,674,226,-204,-562,-897,-1206,-1517,-1855,-2124,-2314,-2485,-2657,-2883,-3230,-3624,-3947,-4166,-4291,-4387,-4494,-4608,-4781,-5089,-5490,-5862,-6098,-6038,-5569,-4895,-4421,-4204,-4097,-4014,-3877,-3702,-3464,-3010,-2364,-1804,-1502,-1441,-1523,-1542,-1379,-1116,-761,-278,};
uint16_t mi3[267]={349,349,331,299,249,192,148,122,122,129,116,98,106,143,211,294,370,409,407,401,406,421,452,489,520,538,578,642,708,776,845,896,922,939,953,970,991,1011,1010,991,970,945,920,908,906,883,839,796,763,747,754,775,781,761,725,685,638,568,488,404,302,195,99,11,-59,-112,-172,-241,-318,-390,-450,-504,-565,-634,-712,-787,-842,-876,-900,-939,-972,-984,-987,-984,-978,-970,-972,-978,-980,-996,-1024,-1044,-1059,-1072,-1087,-1101,-1112,-1119,-1138,-1171,-1207,-1217,-1219,-1209,-1175,-1125,-1067,-1000,-925,-848,-771,-690,-591,-478,-360,-248,-150,-80,-15,60,138,208,262,293,302,299,300,296,293,286,266,242,225,209,181,150,112,74,43,13,-11,-28,-35,-32,-22,-1,25,42,62,88,118,146,186,235,283,338,416,509,616,725,831,919,1000,1090,1177,1263,1348,1419,1476,1526,1550,1553,1546,1526,1506,1482,1456,1420,1383,1343,1286,1211,1135,1058,979,898,816,732,640,540,438,334,223,128,47,-46,-134,-222,-318,-397,-452,-495,-540,-599,-668,-744,-827,-896,-936,-958,-980,-1011,-1060,-1112,-1150,-1182,-1201,-1214,-1246,-1301,-1349,-1380,-1415,-1451,-1488,-1533,-1572,-1597,-1603,-1610,-1630,-1640,-1639,-1624,-1580,-1507,-1410,-1302,-1194,-1075,-949,-822,-696,-556,-409,-273,-136,8,145,268,377,476,548,606,647,676,697,713,718,707,681,630,568,506,443,383,328,278,};
uint16_t fad3[238]={106,106,156,206,245,289,319,335,365,392,410,426,430,427,422,411,397,398,401,392,373,356,339,327,315,295,267,236,197,162,142,131,126,110,92,74,66,72,80,98,117,133,147,161,170,183,200,225,249,263,289,313,330,354,389,415,435,459,478,494,508,515,521,516,503,486,460,437,416,391,366,335,301,257,211,181,148,103,60,17,-31,-88,-150,-210,-276,-343,-416,-495,-574,-655,-724,-787,-843,-888,-934,-966,-976,-984,-984,-972,-963,-935,-905,-877,-846,-816,-783,-748,-708,-662,-597,-528,-465,-396,-313,-232,-153,-81,-6,60,111,165,223,275,318,352,376,398,416,431,444,459,471,474,464,457,452,436,421,414,412,408,394,372,342,307,267,234,206,189,178,154,129,120,127,145,169,197,230,248,255,269,292,315,326,340,351,353,362,374,390,415,448,479,502,532,563,594,620,639,653,646,628,610,580,553,531,496,447,397,354,316,265,217,164,106,44,-24,-90,-144,-201,-260,-332,-426,-526,-614,-698,-793,-895,-979,-1050,-1117,-1166,-1213,-1247,-1257,-1259,-1248,-1216,-1171,-1132,-1104,-1080,-1051,-1009,-957,-900,-834,-762,-681,-593,-500,-401,-304,-209,-112,-15,78,163,};
uint16_t do4[168]={322,322,388,452,512,558,598,625,648,666,676,683,685,678,677,675,663,647,627,598,573,550,534,527,526,529,531,528,525,524,526,534,548,561,559,558,546,520,498,477,459,432,397,350,290,217,130,41,-55,-157,-249,-338,-443,-548,-649,-751,-852,-942,-1022,-1075,-1117,-1158,-1189,-1220,-1245,-1257,-1252,-1225,-1179,-1117,-1047,-978,-902,-815,-711,-596,-478,-354,-234,-120,-5,109,219,328,418,500,577,641,698,750,788,810,827,835,830,822,813,798,774,747,726,696,659,621,600,584,575,569,565,563,568,572,585,607,621,642,669,694,712,722,731,727,715,699,677,651,610,559,484,396,301,187,66,-55,-192,-333,-471,-616,-762,-898,-1023,-1146,-1251,-1341,-1419,-1474,-1524,-1564,-1591,-1606,-1597,-1567,-1516,-1443,-1357,-1259,-1141,-1014,-878,-724,-566,-405,-241,-89,50,188,317,446,564,};
uint16_t lad1[754]={40,40,137,235,324,403,476,531,572,604,633,652,667,679,700,717,725,734,732,733,735,743,755,766,771,769,759,746,728,706,689,673,654,627,606,580,542,506,469,436,401,367,333,307,288,267,247,233,229,239,259,281,306,343,388,435,480,520,558,591,625,661,693,720,737,753,753,746,733,697,649,595,529,458,390,330,281,233,185,125,64,3,-50,-96,-134,-175,-214,-253,-287,-317,-342,-369,-404,-434,-449,-461,-469,-466,-474,-479,-461,-456,-456,-444,-422,-393,-380,-383,-367,-345,-327,-314,-302,-289,-274,-259,-245,-228,-211,-206,-206,-202,-192,-180,-167,-173,-176,-170,-171,-181,-178,-167,-174,-182,-167,-164,-160,-133,-107,-99,-86,-42,16,60,81,120,184,252,301,362,454,546,619,687,761,847,933,1001,1055,1101,1147,1172,1162,1148,1146,1128,1095,1075,1060,1029,992,958,923,890,864,848,835,818,798,785,771,742,711,685,666,645,622,585,549,524,502,476,450,421,405,396,385,383,379,382,395,414,437,468,491,508,517,524,529,546,557,559,554,538,510,475,430,378,337,302,257,208,163,109,47,-12,-77,-140,-201,-267,-337,-399,-459,-514,-559,-602,-641,-673,-703,-735,-750,-762,-775,-780,-788,-804,-811,-817,-824,-827,-825,-821,-821,-827,-840,-846,-842,-845,-842,-834,-828,-816,-804,-793,-780,-775,-777,-777,-780,-777,-773,-773,-768,-762,-757,-748,-741,-745,-745,-750,-756,-762,-764,-774,-775,-770,-767,-760,-750,-736,-715,-689,-667,-642,-614,-583,-546,-516,-495,-482,-468,-453,-449,-433,-424,-422,-430,-450,-468,-481,-483,-491,-499,-496,-502,-510,-516,-523,-540,-556,-566,-576,-584,-584,-587,-592,-594,-587,-576,-561,-539,-508,-478,-451,-414,-361,-299,-227,-151,-77,-11,40,78,113,142,160,168,166,152,130,104,76,42,2,-33,-64,-87,-109,-127,-153,-185,-214,-244,-278,-305,-331,-354,-385,-419,-451,-477,-505,-523,-524,-514,-484,-433,-363,-276,-179,-70,47,163,273,372,458,535,602,661,712,761,814,866,922,980,1042,1104,1156,1205,1243,1266,1279,1276,1259,1220,1163,1093,1008,910,807,701,600,504,413,335,264,207,163,130,102,77,68,56,53,47,41,45,53,71,93,113,129,144,163,186,213,250,279,310,346,382,418,458,488,512,528,536,543,544,533,514,482,437,384,323,260,196,128,61,-6,-81,-154,-223,-291,-357,-420,-478,-529,-578,-614,-646,-679,-711,-729,-738,-741,-740,-734,-718,-696,-675,-649,-621,-595,-558,-516,-468,-426,-389,-351,-317,-285,-259,-227,-198,-181,-169,-163,-168,-179,-200,-230,-257,-293,-331,-359,-381,-403,-423,-437,-448,-454,-458,-455,-448,-442,-432,-412,-375,-331,-273,-196,-97,22,148,284,418,537,640,730,806,870,926,977,1016,1047,1076,1104,1128,1158,1184,1210,1234,1261,1277,1287,1289,1282,1271,1262,1263,1265,1265,1255,1229,1200,1162,1126,1086,1039,985,919,845,766,687,611,546,494,449,417,391,366,351,338,338,354,384,424,468,510,550,582,607,629,650,673,706,751,793,831,861,879,884,878,852,811,752,681,597,501,395,293,196,99,12,-67,-136,-187,-225,-258,-288,-316,-343,-369,-389,-405,-420,-439,-465,-496,-546,-598,-650,-711,-774,-842,-915,-984,-1051,-1122,-1186,-1233,-1265,-1286,-1305,-1318,-1318,-1316,-1301,-1268,-1242,-1214,-1186,-1161,-1144,-1127,-1119,-1116,-1119,-1123,-1127,-1131,-1132,-1142,-1159,-1172,-1179,-1184,-1179,-1177,-1174,-1173,-1164,-1151,-1136,-1118,-1092,-1065,-1026,-966,-901,-831,-753,-676,-602,-528,-462,-397,-333,-283,-254,-235,-233,-250,-279,-321,-369,-426,-491,-561,-629,-709,-782,-849,-914,-962,-997,-1022,-1050,-1074,-1099,-1124,-1140,-1149,-1144,-1124,-1096,-1060,-1011,-939,-831,-697,-540,-368,-195,-36,104,224,320,394,448,487,512,526,526,521,509,486,451,414,375,333,295,259,222,197,172,146,117,85,41,-8,-67,-133,-199,-266,-340,-421,-503,-586,-662,-719,-750,-747,-707,};
uint16_t si1[714]={162,162,180,195,213,235,261,277,293,305,315,324,337,347,352,362,381,406,426,449,474,496,509,509,514,523,536,561,588,597,585,571,552,526,511,495,472,446,413,375,333,295,260,234,213,184,156,125,96,84,75,67,76,80,83,87,85,85,105,128,149,184,213,242,279,325,375,417,461,516,567,607,650,702,751,792,841,884,904,923,944,951,958,973,983,980,978,953,914,882,842,802,770,731,696,663,608,558,511,457,405,364,327,278,236,200,153,101,50,1,-53,-106,-172,-236,-300,-376,-441,-497,-566,-650,-727,-797,-876,-947,-1015,-1081,-1161,-1258,-1338,-1413,-1491,-1544,-1596,-1660,-1720,-1772,-1821,-1857,-1881,-1900,-1918,-1934,-1932,-1922,-1910,-1898,-1890,-1883,-1878,-1873,-1849,-1817,-1786,-1755,-1732,-1705,-1670,-1638,-1609,-1574,-1538,-1494,-1446,-1395,-1333,-1269,-1214,-1164,-1103,-1034,-962,-871,-766,-658,-575,-502,-424,-349,-256,-145,-36,81,191,298,398,486,584,688,781,879,984,1086,1183,1281,1377,1460,1533,1598,1651,1699,1746,1788,1818,1835,1843,1841,1821,1791,1750,1701,1650,1605,1554,1498,1438,1370,1301,1226,1143,1085,1039,994,953,914,874,829,786,747,710,690,676,657,647,638,620,604,579,568,570,563,558,559,558,553,554,567,584,588,601,619,628,642,654,670,694,703,702,703,695,684,671,654,626,591,554,521,490,472,456,434,407,368,317,264,232,205,175,167,163,139,124,106,83,69,35,-10,-56,-93,-130,-179,-233,-315,-411,-499,-592,-670,-726,-782,-833,-894,-964,-1042,-1132,-1211,-1273,-1315,-1342,-1362,-1383,-1415,-1448,-1478,-1490,-1482,-1450,-1409,-1382,-1375,-1382,-1388,-1367,-1298,-1204,-1114,-1031,-978,-952,-935,-923,-897,-849,-796,-734,-691,-681,-674,-660,-631,-578,-515,-453,-405,-366,-336,-339,-343,-311,-263,-202,-138,-76,-29,-2,15,19,13,31,75,127,192,261,324,371,402,408,409,433,464,494,555,618,665,691,695,693,691,696,710,725,739,763,771,746,708,663,612,581,543,500,466,422,384,331,255,189,126,65,22,-7,-37,-66,-86,-108,-128,-137,-149,-144,-131,-105,-72,-46,-15,30,63,89,116,149,196,251,311,369,422,468,530,601,671,745,817,897,978,1055,1146,1237,1326,1407,1479,1541,1585,1620,1661,1687,1703,1709,1700,1675,1641,1610,1581,1554,1534,1512,1493,1470,1433,1398,1370,1338,1307,1269,1230,1176,1113,1057,971,862,755,635,502,377,242,92,-44,-169,-299,-427,-553,-678,-788,-894,-1002,-1115,-1244,-1372,-1495,-1615,-1712,-1797,-1878,-1960,-2047,-2132,-2242,-2345,-2418,-2474,-2495,-2510,-2528,-2540,-2562,-2593,-2614,-2629,-2638,-2632,-2626,-2627,-2660,-2715,-2774,-2841,-2897,-2933,-2960,-2973,-2961,-2938,-2910,-2864,-2808,-2734,-2649,-2551,-2439,-2321,-2205,-2076,-1937,-1789,-1620,-1455,-1274,-1085,-921,-769,-611,-457,-288,-97,93,296,518,741,947,1145,1330,1491,1642,1784,1909,2037,2150,2265,2359,2429,2486,2511,2517,2520,2505,2463,2412,2357,2305,2261,2205,2132,2062,1987,1909,1827,1740,1673,1602,1537,1495,1439,1363,1279,1199,1136,1097,1083,1062,1032,998,972,951,938,941,932,913,903,888,870,853,819,787,746,683,630,570,512,472,443,418,416,420,424,434,448,472,497,517,543,562,577,601,612,617,613,610,594,563,538,506,474,452,432,437,448,447,449,444,445,464,490,522,554,555,525,474,401,322,235,127,18,-126,-284,-430,-568,-685,-800,-916,-1034,-1173,-1315,-1425,-1509,-1577,-1630,-1686,-1756,-1808,-1829,-1820,-1784,-1743,-1730,-1715,-1707,-1706,-1656,-1564,-1451,-1299,-1140,-1016,-922,-848,-791,-751,-697,-639,-575,-514,-493,-522,-582,-666,-770,-864,-945,-1026,-1104,-1177,-1246,-1298,-1306,-1289,-1267,-1253,-1236,-1227,-1228,-1211,-1158,-1091,-1013,-949,-907,-894,-903,-912,-903,};
uint16_t re2[600]={1592,1592,1688,1763,1806,1829,1852,1879,1913,1947,1959,1963,1972,1986,2028,2087,2167,2277,2413,2567,2727,2862,2961,3006,2987,2906,2772,2579,2339,2065,1777,1506,1254,1028,829,670,546,459,394,342,314,293,294,319,337,305,245,153,24,-109,-265,-422,-591,-774,-948,-1115,-1284,-1434,-1562,-1674,-1753,-1808,-1838,-1843,-1828,-1824,-1834,-1853,-1898,-1941,-1979,-2036,-2112,-2190,-2273,-2391,-2536,-2666,-2758,-2779,-2746,-2671,-2571,-2486,-2430,-2385,-2388,-2450,-2506,-2592,-2732,-2868,-2948,-2927,-2782,-2537,-2233,-1946,-1708,-1473,-1264,-1079,-939,-887,-899,-901,-902,-905,-885,-870,-852,-816,-774,-730,-651,-518,-343,-147,61,271,450,595,684,732,751,745,747,747,730,715,689,638,557,446,334,247,189,176,210,289,414,575,744,909,1068,1223,1372,1524,1680,1819,1924,1982,2015,2043,2058,2074,2096,2104,2116,2169,2283,2444,2638,2823,2967,3055,3087,3064,2983,2840,2651,2433,2194,1970,1788,1658,1572,1506,1443,1375,1301,1229,1154,1068,975,867,733,568,374,149,-114,-415,-720,-999,-1241,-1439,-1598,-1700,-1757,-1789,-1812,-1828,-1817,-1772,-1704,-1632,-1563,-1487,-1407,-1343,-1308,-1332,-1415,-1531,-1671,-1816,-1945,-2057,-2120,-2127,-2085,-2012,-1930,-1856,-1817,-1806,-1821,-1855,-1887,-1951,-2074,-2191,-2352,-2528,-2626,-2615,-2467,-2187,-1845,-1514,-1160,-817,-490,-212,-55,-20,-32,-71,-123,-147,-154,-141,-146,-183,-225,-297,-390,-454,-466,-415,-303,-130,93,333,542,701,817,918,1011,1078,1145,1228,1317,1391,1432,1431,1414,1389,1365,1361,1389,1465,1575,1689,1820,1955,2052,2124,2183,2201,2216,2259,2283,2267,2254,2277,2323,2365,2386,2429,2517,2664,2872,3137,3457,3750,3941,4030,4019,3902,3701,3415,3032,2610,2195,1803,1449,1166,934,740,560,414,304,219,178,194,246,319,404,461,460,400,282,114,-78,-250,-417,-584,-738,-907,-1094,-1283,-1452,-1594,-1705,-1783,-1834,-1873,-1910,-1923,-1947,-1986,-2038,-2131,-2255,-2394,-2548,-2696,-2839,-2939,-2965,-2924,-2820,-2681,-2545,-2431,-2359,-2335,-2366,-2436,-2551,-2717,-2955,-3266,-3630,-3949,-4108,-4057,-3787,-3349,-2891,-2466,-2058,-1706,-1363,-1100,-981,-960,-974,-1023,-1054,-1082,-1128,-1141,-1160,-1186,-1217,-1267,-1288,-1233,-1111,-882,-571,-229,128,423,609,718,749,750,753,761,786,827,846,836,771,648,504,356,253,214,252,380,569,806,1046,1263,1459,1610,1733,1847,1952,2063,2139,2174,2194,2209,2230,2246,2229,2198,2192,2248,2417,2687,3032,3401,3703,3916,4015,3982,3834,3588,3255,2879,2522,2222,2012,1880,1801,1759,1739,1724,1684,1627,1579,1540,1496,1427,1328,1181,964,676,343,-40,-433,-787,-1104,-1375,-1586,-1753,-1889,-2000,-2082,-2118,-2108,-2054,-1967,-1869,-1789,-1745,-1733,-1752,-1802,-1889,-2022,-2186,-2354,-2488,-2553,-2541,-2436,-2249,-2028,-1829,-1669,-1550,-1470,-1446,-1494,-1622,-1821,-2071,-2402,-2782,-3173,-3531,-3713,-3650,-3334,-2810,-2261,-1772,-1283,-863,-492,-171,-16,7,-15,-81,-125,-135,-128,-104,-100,-155,-288,-490,-693,-864,-985,-980,-866,-683,-438,-191,39,240,395,554,722,886,1072,1261,1436,1583,1664,1684,1675,1675,1689,1721,1771,1845,1947,2076,2177,2239,2260,2244,2235,2244,2262,2304,2321,2320,2319,2333,2384,2470,2558,2643,2769,2973,3317,3775,4271,4742,5095,5272,5270,5096,4760,4277,3684,3051,2434,1883,1442,};
uint16_t fa2[505]={-1,-1,0,-2,-1,0,1,0,1,-1,0,1,0,0,0,1,0,-1,0,0,0,1,0,0,1,0,-1,0,-1,0,-1,0,1,1,0,0,0,-1,0,0,0,0,0,-1,0,0,0,0,1,0,0,0,0,-1,0,0,1,0,0,0,0,-1,0,2,0,-1,0,1,0,0,0,-1,-1,-1,1,0,0,1,-1,0,-2,0,0,0,0,0,1,0,0,0,0,0,0,0,0,1,-1,1,1,0,-1,0,-1,0,1,0,0,0,0,0,0,0,-1,-1,-1,0,-1,0,0,0,1,0,0,0,0,-1,0,-1,0,0,0,0,0,0,1,-1,1,0,0,1,0,0,0,0,0,0,0,1,0,0,0,2,0,0,1,1,0,0,-1,1,0,-1,0,0,-2,0,0,2,0,0,0,0,0,-1,0,1,0,0,0,0,-2,0,0,1,1,-1,-1,0,0,1,-1,0,0,0,0,1,0,0,-1,0,1,0,0,0,-1,0,-1,1,0,0,-1,0,0,0,-1,1,-1,0,2,0,-1,-1,-1,-1,-2,-1,1,-1,0,0,0,-1,-1,0,-2,-1,0,0,-1,1,0,0,0,-1,0,0,0,-1,1,0,0,0,0,0,1,0,0,0,-1,0,-1,0,0,0,1,1,0,-1,0,0,0,-1,0,0,-1,0,0,0,0,-1,-1,1,1,0,0,1,-1,0,-1,0,-1,0,1,0,0,1,0,0,0,0,0,0,0,0,0,1,0,-1,0,0,2,0,0,0,0,-1,-1,-1,1,0,-1,0,-1,-1,0,1,1,-1,-1,0,1,1,0,1,1,0,2,0,0,0,1,0,0,-1,0,0,1,1,-1,0,0,0,-1,1,-1,0,0,1,0,0,1,0,1,0,1,-1,0,0,0,0,0,-1,0,0,-1,0,0,1,-1,1,0,1,0,0,0,0,0,-1,0,0,1,-1,1,1,1,1,-1,-1,-2,0,0,0,-2,0,0,1,0,0,0,1,0,0,1,0,0,0,0,0,-1,1,0,1,1,-1,1,0,-2,1,0,0,1,0,0,0,-1,0,1,-2,0,1,0,0,1,0,1,1,1,0,0,0,0,0,-1,1,1,0,-2,0,0,0,-1,0,0,1,0,0,0,-1,-1,-1,0,-1,0,0,0,1,0,-1,0,0,1,0,1,0,0,0,1,1,0,-1,-2,0,0,0,0,0,0,0,0,0,1,0,0,-1,0,0,};
uint16_t la2[400]={183,183,227,268,286,309,342,366,376,377,363,352,352,347,337,321,315,327,353,380,412,446,486,522,567,618,659,705,758,818,872,914,944,979,1012,1030,1036,1025,1006,998,988,956,933,908,876,840,798,761,720,673,644,617,588,548,508,480,463,445,424,396,363,344,320,291,267,221,178,133,79,46,-4,-51,-109,-200,-272,-355,-471,-565,-643,-718,-798,-883,-950,-1014,-1077,-1108,-1115,-1113,-1085,-1027,-952,-871,-787,-700,-602,-510,-414,-316,-234,-166,-110,-59,-6,46,79,105,117,112,95,66,24,-2,-22,-49,-62,-62,-62,-62,-49,-18,22,67,121,171,222,268,313,353,381,405,424,429,417,404,390,358,317,274,234,189,135,97,62,16,-29,-68,-112,-155,-210,-263,-299,-330,-355,-380,-395,-424,-480,-532,-573,-600,-619,-632,-636,-656,-666,-680,-709,-719,-719,-721,-725,-745,-758,-766,-797,-846,-905,-961,-1021,-1067,-1082,-1086,-1107,-1117,-1127,-1111,-1067,-1004,-887,-747,-604,-459,-316,-166,-45,57,178,289,375,444,503,580,633,649,659,645,612,584,548,504,456,389,327,283,248,237,234,233,265,325,395,486,580,674,762,836,913,982,1031,1081,1122,1154,1192,1216,1221,1222,1202,1170,1132,1085,1045,1017,990,971,950,916,876,821,761,726,697,670,668,656,633,614,602,582,546,496,458,427,403,391,357,308,244,166,78,-7,-85,-162,-260,-382,-525,-721,-952,-1146,-1301,-1429,-1532,-1608,-1678,-1751,-1816,-1839,-1777,-1657,-1493,-1273,-1055,-886,-743,-606,-453,-280,-109,23,126,223,300,357,383,394,394,372,340,296,233,160,76,-8,-63,-92,-127,-151,-140,-100,-43,31,135,263,366,448,516,575,618,637,660,671,652,610,561,514,483,456,416,374,304,221,165,131,117,109,85,58,24,-32,-91,-142,-181,-202,-217,-242,-272,-311,-362,-417,-479,-541,-599,-654,-666,-648,-634,-643,-671,-703,-734,-787,-858,-901,-939,-1009,-1095,-1205,-1302,-1390,-1519,-1660,-1744,-1782,-1845,-1882,-1831,-1710,-1525,-1282,-1012,-713,-456,-269,-90,88,245,397,556,715,865,978,1040,};
uint16_t si2[357]={-44,-44,29,104,193,267,334,402,459,502,532,539,525,510,494,474,442,384,310,232,146,51,-48,-153,-256,-354,-460,-561,-644,-712,-756,-785,-796,-800,-804,-818,-821,-804,-785,-763,-741,-727,-727,-729,-735,-738,-739,-731,-725,-725,-714,-685,-663,-648,-617,-584,-550,-510,-460,-397,-320,-241,-158,-64,24,107,188,282,379,459,527,588,642,693,745,798,854,899,932,972,1007,1030,1059,1097,1137,1168,1195,1229,1283,1356,1440,1517,1592,1672,1751,1828,1895,1944,1977,1995,1998,1995,1979,1951,1911,1863,1809,1723,1623,1512,1380,1251,1110,940,779,641,498,352,215,93,-14,-127,-229,-291,-352,-412,-466,-540,-615,-683,-761,-837,-892,-943,-1006,-1075,-1139,-1211,-1291,-1357,-1414,-1455,-1489,-1516,-1520,-1511,-1480,-1432,-1366,-1279,-1196,-1107,-1010,-928,-841,-769,-712,-648,-599,-566,-556,-553,-541,-552,-572,-599,-633,-682,-736,-785,-818,-835,-847,-839,-795,-739,-657,-535,-397,-243,-58,146,338,526,715,880,1006,1101,1163,1206,1239,1246,1221,1164,1082,975,843,695,545,398,224,37,-144,-328,-507,-666,-789,-872,-934,-983,-1026,-1062,-1081,-1075,-1049,-1012,-980,-953,-952,-984,-1012,-1030,-1058,-1088,-1123,-1185,-1267,-1340,-1396,-1425,-1424,-1414,-1398,-1377,-1329,-1217,-1066,-891,-695,-506,-325,-156,8,177,343,505,646,745,814,870,901,923,962,1003,1020,1005,963,916,882,881,912,957,982,995,1010,1045,1123,1267,1471,1689,1868,2010,2130,2247,2381,2527,2649,2732,2765,2746,2682,2616,2574,2532,2476,2394,2274,2096,1884,1672,1479,1289,1086,892,693,458,223,20,-127,-223,-299,-373,-473,-567,-644,-727,-783,-807,-833,-866,-926,-1002,-1107,-1255,-1383,-1472,-1551,-1654,-1782,-1904,-1988,-2052,-2090,-2063,-1967,-1822,-1666,-1523,-1414,-1358,-1279,-1136,-978,-821,-734,-737,-729,-707,-648,-549,-455,-382,-364,-438,-547,-624,-664,-708,-743,-770,-839,-930,-978,-967,-904,-761,-522,-255,};
uint16_t fa3[252]={-264,-264,-156,-43,63,163,258,339,407,465,511,540,571,596,604,615,627,628,633,637,629,620,605,584,560,540,515,485,444,397,365,336,311,282,235,194,160,144,133,104,72,40,12,-9,-24,-29,-27,-12,14,35,58,82,99,126,167,227,313,405,490,565,617,647,673,697,735,778,812,843,866,880,880,860,827,782,727,668,614,577,539,500,470,442,420,396,359,326,297,259,216,167,116,59,-13,-93,-169,-253,-338,-435,-533,-613,-703,-802,-905,-1027,-1158,-1288,-1401,-1499,-1593,-1671,-1723,-1762,-1803,-1843,-1875,-1889,-1891,-1844,-1737,-1588,-1407,-1216,-1028,-860,-707,-577,-457,-330,-181,-21,142,305,448,554,635,696,732,728,707,680,655,641,642,650,670,703,739,773,791,794,786,767,770,784,767,744,728,710,684,634,572,503,447,421,372,272,168,68,-22,-90,-130,-151,-155,-165,-182,-194,-208,-232,-243,-227,-172,-61,101,284,457,597,714,799,825,828,842,867,914,988,1063,1133,1172,1171,1127,1030,908,785,669,583,515,446,379,336,324,347,387,404,385,335,276,222,190,181,175,134,70,-19,-134,-264,-372,-446,-524,-629,-781,-986,-1212,-1431,-1639,-1799,-1918,-2019,-2137,-2238,-2319,-2420,-2537,-2620,-2664,-2649,-2500,-2201,-1827,-1484,-1217,-1006,-829,-674,-536,};
uint16_t la3[200]={-88,-88,53,140,183,197,164,107,59,48,82,170,297,456,622,741,817,856,864,861,857,844,826,795,754,707,657,619,599,603,638,708,806,905,987,1030,1009,920,782,596,393,208,40,-107,-219,-269,-249,-171,-42,109,251,350,404,400,329,192,16,-158,-316,-429,-465,-416,-288,-106,86,221,282,266,196,106,2,-108,-213,-323,-445,-588,-748,-897,-1013,-1064,-1043,-956,-821,-654,-474,-337,-286,-327,-439,-604,-790,-966,-1130,-1270,-1363,-1389,-1327,-1166,-930,-637,-328,-60,131,221,209,116,-15,-136,-207,-213,-117,79,346,643,917,1116,1215,1210,1132,1040,978,958,962,971,952,890,804,725,687,705,769,875,1032,1219,1389,1498,1524,1427,1210,910,576,260,-16,-260,-435,-522,-510,-391,-188,58,289,457,525,485,338,106,-161,-425,-652,-791,-791,-643,-369,-26,307,534,611,538,357,145,-44,-190,-293,-383,-514,-706,-944,-1183,-1360,-1450,-1435,-1327,-1146,-904,-632,-392,-237,-200,-290,-487,-753,-1030,-1293,-1538,-1733,-1833,-1816,-1653,-1364,-974,-561,};
uint16_t si3[178]={30,30,65,98,122,149,190,235,280,332,380,417,457,494,526,554,575,589,586,581,565,547,527,505,483,450,409,375,350,332,327,325,314,303,298,296,296,300,316,326,330,322,300,278,252,223,187,155,120,73,22,-28,-78,-126,-166,-202,-244,-291,-335,-383,-434,-481,-519,-562,-608,-653,-704,-747,-782,-813,-835,-848,-857,-853,-837,-816,-779,-724,-669,-607,-532,-468,-409,-354,-302,-244,-191,-137,-99,-62,-18,22,59,103,155,209,260,309,357,409,459,505,546,586,620,645,651,644,634,612,583,553,522,493,460,423,390,361,331,308,294,287,282,293,307,321,343,362,374,379,381,378,355,321,283,226,164,110,67,16,-40,-91,-147,-203,-259,-309,-357,-406,-455,-512,-575,-635,-695,-758,-817,-869,-921,-970,-1015,-1047,-1066,-1076,-1075,-1051,-1004,-947,-885,-809,-733,-660,-581,-499,-420,-339,-268,-209,-145,-94,-55,};
uint16_t re4[150]={58,58,138,226,314,401,475,531,582,625,666,709,754,800,839,864,871,869,860,851,839,815,783,747,706,664,622,581,543,506,470,442,420,397,366,336,311,278,244,203,145,75,1,-73,-137,-212,-298,-380,-469,-564,-654,-748,-840,-926,-1007,-1074,-1136,-1188,-1228,-1252,-1267,-1260,-1240,-1218,-1173,-1103,-1018,-904,-776,-663,-550,-429,-305,-181,-65,45,153,265,370,463,547,637,716,786,853,910,957,1004,1052,1094,1125,1146,1156,1158,1138,1099,1057,1014,958,888,806,727,662,621,600,578,563,552,536,517,493,468,444,422,393,353,299,221,129,36,-64,-172,-273,-379,-506,-639,-775,-899,-994,-1081,-1175,-1263,-1346,-1414,-1468,-1507,-1514,-1481,-1416,-1331,-1238,-1136,-1013,-879,-739,-592,-438,-280,-127,7,124,};
uint16_t fa4[126]={167,167,240,317,386,432,471,507,549,598,641,690,720,725,726,709,683,659,628,592,534,472,443,414,348,283,219,153,98,54,-3,-68,-129,-197,-265,-318,-366,-415,-462,-507,-570,-617,-635,-651,-681,-700,-713,-731,-718,-686,-661,-625,-587,-543,-492,-460,-410,-338,-269,-183,-96,-11,70,150,240,331,406,483,564,632,679,702,714,745,782,783,794,793,755,748,739,696,658,611,557,496,444,382,303,231,155,77,11,-53,-124,-184,-244,-306,-349,-404,-465,-512,-573,-632,-673,-713,-756,-792,-805,-813,-811,-812,-791,-737,-696,-640,-583,-525,-455,-389,-302,-197,-126,-60,29,117,232,};
uint16_t dod2[636]={529,529,580,606,634,644,641,614,576,534,494,449,393,337,274,203,131,44,-36,-94,-142,-174,-200,-209,-195,-163,-110,-45,34,114,214,326,440,557,688,803,905,1023,1150,1285,1429,1588,1729,1854,1979,2099,2212,2296,2362,2413,2429,2417,2353,2234,2062,1838,1579,1307,1018,725,416,97,-193,-470,-708,-921,-1136,-1332,-1502,-1655,-1790,-1897,-1979,-2037,-2044,-2019,-1991,-1930,-1844,-1743,-1622,-1500,-1375,-1258,-1153,-1039,-934,-843,-748,-680,-612,-526,-451,-382,-320,-255,-187,-100,-10,58,128,187,242,282,314,322,317,270,178,76,-58,-191,-317,-441,-576,-701,-829,-961,-1099,-1269,-1436,-1599,-1771,-1943,-2101,-2229,-2340,-2444,-2513,-2535,-2526,-2491,-2416,-2291,-2140,-1950,-1737,-1517,-1295,-1080,-864,-682,-511,-352,-206,-69,57,172,279,405,523,613,665,709,763,801,821,851,901,944,999,1049,1079,1089,1109,1120,1101,1099,1101,1094,1098,1111,1111,1088,1047,986,909,838,761,696,650,629,655,680,714,790,876,969,1085,1207,1330,1470,1622,1781,1926,2081,2246,2396,2545,2687,2829,3010,3178,3338,3464,3590,3733,3851,3934,3985,4003,3993,3917,3762,3524,3220,2886,2540,2172,1802,1452,1121,839,577,337,133,-48,-247,-450,-653,-844,-988,-1101,-1184,-1241,-1286,-1293,-1266,-1238,-1227,-1198,-1170,-1138,-1103,-1062,-1018,-973,-922,-866,-796,-731,-655,-569,-483,-390,-286,-178,-55,74,200,328,455,580,667,713,704,638,536,403,242,56,-139,-332,-504,-678,-841,-992,-1152,-1331,-1513,-1711,-1931,-2152,-2370,-2567,-2739,-2920,-3085,-3233,-3355,-3450,-3485,-3459,-3383,-3238,-3053,-2875,-2687,-2490,-2317,-2140,-1964,-1809,-1641,-1486,-1345,-1204,-1077,-934,-773,-603,-437,-275,-132,-6,100,203,295,401,503,587,660,715,753,758,774,781,769,738,689,618,559,493,419,333,229,117,7,-101,-185,-267,-344,-402,-434,-424,-393,-341,-241,-118,15,161,329,504,687,878,1047,1189,1346,1504,1658,1841,2049,2258,2471,2699,2895,3047,3199,3349,3475,3574,3638,3623,3473,3203,2848,2370,1801,1248,737,277,-127,-485,-827,-1146,-1431,-1683,-1930,-2180,-2389,-2548,-2662,-2709,-2702,-2634,-2513,-2372,-2212,-2051,-1919,-1797,-1673,-1560,-1436,-1298,-1161,-1026,-905,-801,-719,-638,-554,-494,-433,-379,-331,-259,-172,-60,96,289,479,634,749,803,788,728,629,476,300,112,-86,-276,-460,-651,-830,-991,-1148,-1305,-1467,-1662,-1872,-2078,-2272,-2435,-2583,-2702,-2796,-2897,-2983,-3027,-3032,-2969,-2819,-2610,-2373,-2103,-1801,-1506,-1242,-991,-743,-522,-320,-145,-30,76,187,284,381,470,535,588,635,657,670,708,772,838,904,982,1046,1103,1168,1202,1200,1194,1205,1214,1205,1196,1198,1180,1147,1114,1074,1021,952,895,837,758,685,633,590,584,646,721,836,986,1142,1333,1510,1684,1891,2095,2286,2478,2634,2785,2962,3158,3355,3529,3725,3945,4183,4409,4618,4817,4996,5161,5295,5347,5255,5012,4595,4019,3374,2727,2155,1701,1335,1025,739,430,154,-87,-361,-656,-922,-1143,-1343,-1529,-1656,-1707,-1710,-1692,-1647,-1621,-1616,-1617,-1619,-1627,-1606,-1561,-1505,-1424,-1329,-1241,-1156,-1055,-937,-807,-683,-562,-422,-266,-100,104,351,624,904,1162,1351,1462,1484,1411,1257,1035,766,481,202,-58,-284,-494,-712,-918,-1133,-1370,-1624,-1914,-2228,-2543,-2836,-3096,-3317,-3486,-3619,-3752,-3888,-4041,-4161,-4212,-4210,-4104,-3915,-3690,-3442,-3184,-2928,-2687,-2448,-2194,-1957,-1741,-1566,-1420,-1294,-1184,-1046,-889,-694,-482,-278,-84,80,186,};
uint16_t red2[566]={0,0,0,0,-2,2,0,0,-1,1,0,0,-1,0,0,1,0,0,0,0,0,0,-1,0,0,0,0,1,0,0,0,0,-1,0,0,0,0,-1,0,0,-1,0,0,0,-1,0,1,0,0,0,0,1,1,1,1,0,1,0,0,1,0,1,0,0,0,-1,-1,1,1,0,0,0,0,1,0,0,0,1,1,1,-2,0,0,-1,-2,0,0,0,1,0,0,-1,1,0,1,0,0,1,0,-2,1,0,0,-2,0,1,0,0,0,0,0,0,0,0,-1,0,0,0,0,1,1,0,0,0,1,0,0,1,-1,0,0,0,0,1,0,1,1,0,-1,0,0,-1,0,-1,0,0,0,1,0,1,0,1,0,0,1,0,0,0,0,0,0,0,1,0,-1,0,0,1,-1,0,0,0,1,1,1,0,-1,1,0,0,2,2,0,0,0,0,1,-1,0,0,0,1,0,-1,0,0,1,0,0,-1,0,2,0,0,-1,0,0,0,1,2,0,0,0,-1,0,1,0,-1,-1,0,0,1,0,-1,0,-1,1,0,0,-1,0,-1,0,1,0,-1,1,0,0,0,1,0,0,0,0,1,0,-1,0,1,1,-1,0,0,0,0,0,0,-1,1,-1,-1,-1,0,0,0,0,1,1,-1,0,1,0,1,-1,0,0,-1,0,0,0,0,0,-1,0,0,0,0,1,0,0,0,0,0,0,0,0,-1,-1,0,-1,0,0,1,0,1,0,0,0,0,1,0,0,0,0,0,0,0,1,0,0,0,0,0,-1,0,0,0,-1,0,0,0,0,0,0,0,1,0,0,0,0,0,0,0,0,0,1,-1,0,-1,0,0,0,0,-1,0,0,0,0,-1,0,0,-1,2,0,-1,0,0,0,0,1,0,1,-1,0,0,1,-1,0,0,0,1,0,-1,0,0,0,0,-1,0,0,-1,-1,0,1,0,-1,0,0,0,-1,0,0,0,0,0,-1,1,-2,0,-1,-1,0,0,0,0,0,-1,0,0,0,0,1,-1,0,0,0,-1,0,0,0,-1,1,0,-1,0,0,0,1,0,0,1,0,0,0,-1,0,0,0,-1,0,0,0,0,0,0,-1,-1,0,0,0,1,0,0,0,-1,-1,2,0,0,1,2,1,0,0,-1,0,0,0,0,0,-1,0,0,0,0,1,0,0,-1,-2,0,-1,1,1,2,0,1,0,0,0,1,0,1,2,0,0,0,-1,-1,0,-1,0,0,0,0,1,0,0,0,1,0,1,-1,0,-1,1,-1,0,0,0,0,2,-1,0,1,1,-1,0,-1,1,0,0,1,1,0,-1,-1,0,0,0,2,0,0,0,0,0,1,0,0,1,0,-1,0,0,2,1,};
uint16_t sol2[449]={-58,-58,15,81,143,202,261,325,384,438,492,547,603,660,725,787,847,913,979,1045,1116,1187,1258,1322,1381,1433,1472,1497,1517,1527,1523,1510,1495,1472,1447,1420,1385,1349,1319,1283,1247,1212,1174,1130,1087,1051,1009,959,907,855,795,727,658,588,508,421,326,233,133,30,-82,-190,-305,-421,-537,-650,-762,-871,-976,-1078,-1177,-1266,-1344,-1415,-1477,-1530,-1580,-1622,-1661,-1700,-1736,-1770,-1807,-1852,-1893,-1933,-1976,-2018,-2054,-2087,-2120,-2150,-2175,-2190,-2194,-2196,-2190,-2169,-2146,-2119,-2080,-2034,-1981,-1921,-1850,-1766,-1672,-1573,-1470,-1363,-1246,-1132,-1012,-892,-774,-659,-550,-442,-339,-239,-138,-39,64,162,262,365,465,570,683,801,920,1036,1155,1271,1387,1498,1604,1704,1787,1862,1921,1972,2016,2042,2061,2081,2089,2087,2080,2070,2057,2036,2013,1988,1953,1918,1883,1846,1806,1764,1724,1681,1619,1553,1490,1423,1346,1271,1197,1111,1010,907,797,679,559,438,320,207,92,-29,-140,-247,-350,-446,-532,-609,-676,-735,-783,-829,-875,-911,-945,-984,-1023,-1066,-1109,-1153,-1198,-1243,-1290,-1342,-1388,-1428,-1462,-1491,-1514,-1529,-1540,-1539,-1526,-1498,-1460,-1416,-1360,-1287,-1216,-1139,-1050,-957,-855,-749,-640,-522,-405,-296,-184,-78,17,108,196,274,343,410,480,548,616,686,765,844,928,1010,1092,1185,1280,1374,1464,1555,1639,1711,1775,1816,1841,1857,1856,1846,1830,1804,1768,1735,1698,1656,1616,1570,1525,1487,1449,1411,1373,1337,1301,1261,1215,1168,1116,1053,988,916,837,752,657,556,447,331,205,82,-39,-166,-291,-416,-539,-659,-778,-897,-1014,-1118,-1214,-1299,-1374,-1438,-1501,-1557,-1617,-1677,-1739,-1801,-1867,-1932,-2003,-2079,-2150,-2219,-2287,-2361,-2429,-2489,-2541,-2582,-2619,-2645,-2661,-2670,-2669,-2659,-2643,-2618,-2585,-2542,-2488,-2427,-2355,-2266,-2171,-2072,-1960,-1836,-1705,-1569,-1431,-1284,-1140,-995,-855,-710,-563,-421,-284,-148,-10,128,268,404,547,691,838,985,1134,1284,1433,1582,1726,1865,1992,2105,2203,2282,2346,2395,2440,2480,2507,2529,2546,2557,2561,2556,2548,2535,2513,2486,2446,2404,2358,2303,2242,2171,2099,2028,1948,1866,1782,1694,1602,1503,1398,1283,1163,1042,921,795,675,557,436,314,192,68,-55,-169,-275,-375,-461,-535,-608,-674,-739,-798,-865,-935,-1003,-1074,-1145,-1222,-1300,-1386,-1477,-1569,-1655,-1734,-1808,-1874,-1927,-1965,-1999,-2021,-2028,-2024,-2004,-1976,-1938,-1890,-1832,-1763,-1677,-1573,-1458,-1333,-1202,-1064,-925,-783,};
uint16_t lad2[378]={12,12,64,119,165,193,215,251,292,325,371,418,456,480,492,509,541,580,610,630,642,656,676,690,707,733,746,739,729,727,735,731,710,685,671,658,639,617,587,552,515,494,461,401,349,310,265,212,174,140,87,30,-14,-45,-93,-134,-166,-196,-222,-258,-299,-340,-371,-392,-429,-469,-479,-483,-514,-556,-594,-636,-674,-685,-693,-704,-721,-756,-787,-788,-772,-759,-745,-724,-691,-641,-589,-535,-469,-403,-346,-281,-221,-153,-91,-36,24,88,150,202,259,301,321,333,344,364,385,391,398,404,415,452,494,523,555,590,614,641,679,706,720,727,741,761,777,789,773,737,709,682,653,631,595,534,464,387,331,293,241,180,129,66,-5,-62,-119,-161,-174,-203,-258,-293,-324,-381,-413,-425,-450,-479,-499,-528,-573,-629,-675,-687,-689,-706,-740,-787,-832,-867,-910,-949,-979,-993,-994,-1022,-1059,-1052,-1019,-993,-956,-893,-815,-732,-653,-571,-464,-342,-207,-93,-10,80,165,221,285,368,449,492,502,509,521,520,519,519,510,493,482,484,508,561,621,694,769,829,867,905,953,1003,1057,1107,1154,1189,1218,1218,1191,1177,1179,1159,1111,1054,980,884,791,716,653,576,478,366,265,172,89,27,-8,-21,-30,-70,-143,-205,-244,-270,-311,-369,-397,-383,-375,-412,-483,-542,-588,-634,-681,-726,-777,-848,-943,-1044,-1115,-1181,-1265,-1334,-1378,-1418,-1426,-1386,-1321,-1263,-1185,-1070,-949,-806,-643,-499,-370,-231,-79,43,140,247,347,426,506,588,635,618,549,448,350,285,232,190,158,154,182,239,300,362,426,464,489,541,604,682,780,882,984,1058,1095,1103,1118,1128,1128,1130,1125,1088,1008,891,778,678,578,480,364,218,86,-8,-68,-137,-211,-280,-318,-329,-327,-327,-361,-420,-460,-497,-499,-465,-440,-420,-399,-418,-508,-614,-691,-750,-795,-840,-924,-1041,-1184,-1337,-1485,-1614,-1722,-1798,-1824,-1866,-1875,-1748,-1579,-1381,-1099,-837,-665,-500,-355,-233,-67,128,329,};
uint16_t re3[300]={429,429,543,630,708,760,807,854,881,889,898,903,914,930,949,974,989,998,997,1012,1038,1066,1088,1109,1122,1122,1121,1126,1125,1095,1046,981,904,813,719,604,506,419,338,244,134,35,-40,-88,-131,-188,-247,-298,-334,-347,-370,-376,-369,-376,-378,-382,-388,-405,-428,-460,-506,-542,-533,-488,-431,-349,-259,-179,-118,-37,50,139,268,387,499,582,637,677,675,667,650,618,572,534,497,465,443,430,413,389,350,317,286,273,299,325,372,409,438,453,467,469,462,453,434,393,307,188,54,-96,-243,-400,-543,-673,-809,-940,-1081,-1234,-1372,-1496,-1621,-1729,-1807,-1847,-1869,-1880,-1871,-1861,-1849,-1836,-1807,-1765,-1734,-1726,-1722,-1706,-1678,-1621,-1498,-1342,-1209,-1082,-980,-870,-736,-576,-389,-200,14,237,446,590,699,773,815,848,874,873,879,888,907,944,995,1029,1027,1036,1031,1031,1058,1133,1217,1286,1346,1420,1476,1519,1563,1588,1607,1582,1550,1490,1411,1304,1186,1061,938,823,696,560,426,325,219,141,70,3,-64,-140,-205,-247,-259,-267,-277,-299,-319,-363,-430,-497,-584,-664,-763,-848,-873,-812,-696,-568,-467,-395,-313,-232,-110,56,270,494,668,786,842,834,783,709,654,594,533,463,404,375,346,346,331,297,255,208,190,218,302,399,509,621,707,763,793,823,815,790,759,690,596,463,273,60,-138,-356,-567,-763,-956,-1174,-1384,-1563,-1711,-1850,-1952,-2058,-2181,-2255,-2311,-2292,-2251,-2208,-2173,-2128,-2098,-2080,-2067,-2072,-2103,-2160,-2193,-2147,-1998,-1821,-1676,-1553,-1467,-1380,-1213,-980,-689,-337,35,391,664,};
uint16_t red3[283]={-43,-43,34,131,243,357,466,558,642,702,745,784,813,834,847,851,845,835,817,786,750,715,686,663,631,596,568,536,506,480,446,412,373,325,283,246,205,156,97,23,-53,-141,-234,-323,-415,-498,-571,-643,-696,-732,-747,-727,-675,-608,-534,-467,-417,-377,-337,-279,-215,-149,-91,-40,1,34,62,82,94,107,131,175,241,320,409,502,604,695,771,829,861,884,895,891,888,892,892,881,854,811,746,674,614,555,499,442,391,337,282,221,150,70,-12,-86,-149,-209,-274,-345,-419,-496,-586,-689,-806,-937,-1064,-1191,-1315,-1428,-1526,-1601,-1648,-1652,-1614,-1548,-1468,-1391,-1330,-1276,-1220,-1156,-1082,-998,-896,-795,-712,-643,-602,-563,-527,-478,-406,-327,-244,-149,-32,108,254,395,536,660,764,844,894,930,954,989,1038,1077,1104,1111,1091,1059,1021,982,943,907,870,832,796,759,705,646,579,517,462,418,367,302,232,153,65,-35,-151,-280,-416,-556,-695,-824,-944,-1039,-1105,-1127,-1087,-1004,-886,-760,-661,-593,-547,-504,-441,-353,-246,-125,-22,47,94,115,121,125,136,167,222,290,379,474,575,690,806,913,1002,1069,1111,1134,1143,1140,1145,1169,1197,1209,1189,1136,1072,1009,938,853,759,670,600,538,481,410,315,209,105,22,-42,-109,-199,-309,-434,-561,-689,-836,-1009,-1210,-1430,-1638,-1816,-1966,-2097,-2185,-2205,-2146,-2033,-1919,-1829,-1778,-1752,-1715,-1647,-1536,-1393,-1231,-1082,-954,-852,-785,-746,-722,-693,-642,-554,-434,};
uint16_t sol3[225]={189,189,200,209,205,201,201,192,184,193,213,242,286,332,383,445,500,551,588,610,622,627,628,634,616,591,576,545,510,475,444,421,404,392,392,402,410,409,392,368,353,321,307,308,292,283,273,265,262,252,235,215,192,169,161,153,147,130,88,40,-22,-85,-130,-172,-210,-241,-286,-342,-389,-445,-504,-541,-557,-550,-520,-484,-450,-438,-424,-388,-341,-300,-257,-238,-259,-298,-346,-392,-450,-522,-608,-705,-790,-832,-829,-813,-793,-765,-741,-696,-618,-505,-377,-241,-109,-8,62,121,166,207,238,237,215,169,116,72,47,39,47,74,116,169,255,367,490,609,712,812,881,917,949,982,997,1011,1005,974,922,869,809,735,666,593,518,463,427,401,387,377,366,354,349,352,354,356,368,375,373,372,358,332,283,211,156,120,86,31,-22,-79,-149,-203,-251,-311,-359,-389,-419,-440,-445,-456,-471,-474,-473,-479,-488,-484,-458,-436,-410,-386,-381,-386,-385,-382,-376,-356,-326,-319,-337,-362,-391,-443,-525,-617,-703,-778,-848,-888,-908,-929,-933,-920,-892,-842,-757,-642,-519,-423,-325,-238,-191,-145,-86,-36,16,46,68,82,};
uint16_t lad3[189]={-11,-11,35,80,121,166,207,246,288,322,349,379,405,428,447,464,479,490,504,514,519,506,496,482,458,430,406,372,337,307,279,257,234,201,166,130,97,79,55,29,10,-8,-21,-34,-48,-65,-91,-111,-120,-131,-137,-143,-150,-160,-168,-174,-178,-190,-206,-229,-255,-281,-294,-307,-320,-333,-359,-385,-414,-439,-453,-464,-473,-480,-485,-485,-488,-490,-496,-505,-504,-493,-474,-455,-434,-415,-387,-356,-327,-293,-257,-215,-171,-124,-67,-14,32,86,141,185,230,273,322,372,417,461,501,537,568,592,615,631,641,646,652,653,644,625,603,573,541,510,485,455,422,385,346,297,249,220,206,185,168,144,101,66,44,31,9,-23,-49,-66,-86,-102,-115,-125,-150,-181,-204,-225,-242,-265,-282,-295,-317,-332,-350,-374,-411,-454,-482,-500,-521,-554,-583,-608,-632,-656,-681,-705,-728,-743,-743,-737,-728,-714,-696,-674,-649,-613,-574,-532,-489,-440,-392,-337,-271,-208,-151,-92,};
uint16_t fad1B[953]={-300,-300,-219,-139,-49,46,130,203,281,363,433,506,603,707,815,936,1065,1199,1326,1450,1576,1702,1827,1949,2080,2208,2333,2453,2543,2618,2691,2736,2771,2801,2831,2843,2844,2841,2817,2784,2739,2677,2605,2532,2464,2389,2313,2236,2157,2068,1976,1898,1821,1744,1678,1618,1551,1493,1432,1369,1320,1271,1225,1178,1122,1076,1013,949,880,805,727,647,574,486,391,303,202,97,-19,-138,-263,-398,-523,-640,-762,-890,-1019,-1147,-1284,-1421,-1554,-1697,-1836,-1956,-2075,-2180,-2265,-2361,-2454,-2530,-2595,-2644,-2680,-2691,-2686,-2661,-2616,-2559,-2498,-2424,-2338,-2248,-2162,-2063,-1949,-1843,-1755,-1665,-1577,-1512,-1459,-1419,-1386,-1365,-1349,-1332,-1327,-1329,-1339,-1357,-1357,-1346,-1331,-1308,-1279,-1233,-1179,-1123,-1054,-962,-855,-738,-617,-484,-345,-202,-57,68,195,321,446,573,690,802,902,1002,1102,1194,1286,1383,1484,1587,1690,1785,1888,1982,2058,2134,2200,2253,2291,2325,2367,2398,2408,2398,2377,2347,2293,2230,2159,2084,1998,1897,1782,1649,1511,1355,1189,1019,842,662,486,318,160,-2,-142,-267,-385,-484,-572,-645,-711,-770,-810,-844,-871,-887,-898,-890,-868,-839,-811,-786,-759,-731,-701,-659,-622,-586,-545,-512,-488,-468,-452,-438,-435,-434,-441,-453,-464,-483,-497,-517,-544,-562,-584,-615,-648,-674,-696,-715,-725,-727,-713,-684,-650,-584,-507,-408,-280,-141,21,198,398,615,844,1086,1333,1587,1843,2085,2329,2569,2803,3020,3224,3423,3595,3741,3867,3977,4063,4132,4190,4229,4255,4271,4271,4245,4209,4170,4118,4054,3982,3892,3785,3656,3529,3399,3260,3117,2971,2827,2675,2516,2368,2218,2064,1915,1763,1612,1466,1319,1176,1042,914,792,680,566,454,348,235,106,-7,-109,-215,-330,-451,-566,-692,-831,-977,-1127,-1275,-1428,-1582,-1731,-1867,-1989,-2130,-2248,-2351,-2453,-2548,-2643,-2719,-2781,-2830,-2855,-2875,-2891,-2902,-2920,-2946,-2954,-2933,-2905,-2880,-2858,-2838,-2819,-2809,-2785,-2772,-2772,-2761,-2756,-2751,-2729,-2723,-2728,-2723,-2721,-2745,-2755,-2747,-2756,-2736,-2710,-2689,-2652,-2602,-2550,-2482,-2398,-2318,-2207,-2088,-1974,-1858,-1735,-1591,-1453,-1297,-1135,-976,-803,-652,-508,-372,-253,-129,-16,96,190,269,347,402,461,526,590,653,713,779,830,896,976,1045,1106,1171,1240,1286,1325,1358,1369,1369,1371,1371,1356,1319,1285,1242,1181,1106,1032,944,828,717,591,451,292,109,-84,-283,-492,-711,-912,-1107,-1307,-1463,-1603,-1747,-1867,-1985,-2092,-2181,-2261,-2340,-2403,-2444,-2470,-2494,-2515,-2535,-2552,-2552,-2565,-2568,-2549,-2544,-2550,-2550,-2565,-2567,-2554,-2542,-2513,-2479,-2429,-2383,-2323,-2236,-2154,-2057,-1936,-1806,-1671,-1528,-1369,-1203,-1048,-896,-744,-609,-480,-350,-219,-89,38,160,269,371,478,582,695,834,984,1153,1323,1496,1680,1875,2083,2298,2509,2715,2918,3116,3301,3472,3631,3769,3884,3980,4069,4136,4193,4246,4275,4277,4268,4243,4192,4128,4052,3955,3835,3706,3564,3404,3237,3062,2896,2728,2575,2430,2281,2140,2004,1869,1735,1598,1470,1360,1269,1191,1116,1049,992,923,852,778,706,638,557,477,401,299,171,21,-152,-337,-534,-743,-951,-1148,-1353,-1565,-1768,-1954,-2139,-2318,-2468,-2595,-2703,-2796,-2861,-2921,-2994,-3060,-3104,-3140,-3148,-3144,-3142,-3129,-3111,-3082,-3059,-3025,-2967,-2901,-2829,-2752,-2675,-2589,-2513,-2440,-2373,-2308,-2235,-2170,-2122,-2077,-2040,-2010,-1986,-1970,-1964,-1971,-1992,-2041,-2098,-2144,-2189,-2209,-2214,-2197,-2160,-2105,-2032,-1938,-1826,-1708,-1570,-1401,-1185,-938,-673,-407,-144,114,356,593,812,1019,1212,1377,1526,1668,1785,1883,1971,2070,2158,2237,2328,2420,2520,2622,2717,2790,2849,2903,2939,2980,3018,3050,3069,3070,3067,3043,3000,2952,2897,2842,2788,2720,2639,2549,2433,2285,2115,1929,1706,1460,1206,948,678,406,141,-132,-387,-616,-829,-1021,-1195,-1342,-1481,-1611,-1697,-1761,-1796,-1804,-1780,-1723,-1657,-1568,-1458,-1336,-1193,-1047,-879,-720,-576,-432,-305,-189,-94,-28,15,32,26,6,-28,-63,-95,-130,-175,-219,-265,-327,-379,-422,-463,-506,-538,-557,-566,-549,-517,-462,-387,-295,-191,-65,87,257,446,675,926,1198,1486,1787,2112,2434,2763,3091,3405,3698,3970,4225,4461,4688,4907,5105,5281,5435,5562,5644,5696,5718,5707,5673,5618,5543,5436,5301,5142,4965,4774,4556,4323,4093,3860,3628,3402,3182,2967,2757,2552,2359,2170,1979,1784,1594,1403,1217,1040,888,760,646,524,409,307,186,45,-103,-245,-389,-549,-731,-922,-1117,-1329,-1537,-1747,-1970,-2181,-2388,-2579,-2732,-2853,-2936,-2996,-3052,-3102,-3140,-3176,-3213,-3231,-3229,-3210,-3174,-3147,-3116,-3087,-3068,-3047,-3044,-3022,-3003,-3024,-3052,-3086,-3120,-3147,-3158,-3170,-3202,-3237,-3267,-3289,-3320,-3349,-3368,-3371,-3356,-3295,-3236,-3213,-3187,-3146,-3117,-3114,-3108,-3111,-3110,-3067,-3018,-2974,-2911,-2826,-2719,-2608,-2490,-2360,-2225,-2065,-1887,-1677,-1442,-1179,-896,-631,-388,-173,-1,162,331,493,641,766,846,889,909,899,872,852,847,839,838,829,853,918,996,1083,1178,1250,1299,1350,1428,1517,1611,1715,1815,1915,1992,2032,2032,2009,1941,1866,1773,1642,1509,1368,1203,982,696,363,-23,-414,-801,-1170,-1502,-1800,-2080,-2346,-2568,-2758,-2939,-3090,-3198,-3297,-3360,-3389,-3383,-3332,-3256,-3155,-3041,-2928,-2827,-2737,-2660,-2603,-2542,-2478,-2439,-2408,-2370,-2346,};
uint16_t la1B[801]={1767,1767,1978,2146,2274,2358,2417,2459,2505,2542,2549,2536,2477,2362,2175,1906,1570,1189,784,368,-41,-443,-829,-1193,-1521,-1801,-2026,-2181,-2259,-2252,-2160,-1997,-1778,-1530,-1269,-997,-715,-431,-138,172,492,816,1128,1428,1689,1926,2143,2338,2524,2700,2872,3008,3120,3184,3211,3179,3095,2989,2845,2692,2514,2340,2143,1934,1714,1495,1280,1067,855,652,457,252,47,-155,-344,-528,-679,-810,-899,-963,-999,-1016,-1006,-969,-919,-823,-680,-454,-193,121,442,735,960,1151,1297,1409,1482,1522,1542,1541,1562,1588,1645,1710,1799,1890,2000,2077,2109,2088,2009,1845,1597,1299,977,659,337,42,-245,-493,-722,-919,-1090,-1212,-1323,-1413,-1469,-1486,-1486,-1498,-1498,-1510,-1512,-1526,-1526,-1515,-1480,-1442,-1397,-1345,-1267,-1139,-990,-802,-604,-392,-197,-3,152,257,304,323,305,253,198,126,44,-41,-123,-221,-315,-427,-550,-674,-819,-979,-1154,-1335,-1542,-1758,-1963,-2146,-2329,-2511,-2676,-2834,-2973,-3114,-3282,-3460,-3647,-3815,-3926,-4013,-4081,-4104,-4096,-4089,-4088,-4073,-4007,-3889,-3676,-3302,-2778,-2151,-1502,-854,-220,392,965,1486,1931,2290,2577,2782,2920,3011,3056,3106,3169,3230,3259,3245,3187,3068,2858,2548,2143,1667,1169,663,182,-278,-744,-1215,-1659,-2023,-2301,-2486,-2586,-2600,-2517,-2338,-2088,-1816,-1512,-1185,-856,-520,-167,219,607,989,1353,1691,2013,2304,2570,2817,3053,3284,3508,3698,3852,3954,3984,3956,3875,3751,3587,3398,3195,2972,2737,2488,2220,1943,1671,1411,1160,919,677,429,178,-81,-340,-571,-771,-933,-1050,-1124,-1156,-1184,-1199,-1200,-1193,-1147,-1029,-833,-549,-189,235,659,1026,1341,1574,1735,1879,1992,2061,2102,2130,2166,2203,2258,2345,2455,2603,2749,2844,2878,2851,2727,2478,2133,1731,1291,871,486,107,-235,-537,-804,-1030,-1206,-1325,-1410,-1487,-1525,-1532,-1528,-1514,-1496,-1478,-1487,-1491,-1480,-1470,-1424,-1341,-1242,-1107,-954,-776,-583,-386,-156,95,348,593,764,871,940,966,951,879,754,610,459,331,199,41,-119,-307,-487,-665,-858,-1040,-1218,-1441,-1688,-1944,-2192,-2440,-2696,-2944,-3191,-3438,-3661,-3884,-4109,-4310,-4472,-4601,-4673,-4689,-4662,-4631,-4613,-4606,-4616,-4622,-4584,-4453,-4166,-3678,-3004,-2261,-1504,-746,-19,698,1367,1974,2458,2816,3069,3244,3319,3342,3365,3378,3401,3423,3429,3386,3311,3138,2851,2440,1956,1411,853,297,-240,-783,-1356,-1895,-2394,-2796,-3120,-3331,-3444,-3402,-3231,-2954,-2608,-2239,-1846,-1453,-1055,-657,-213,239,691,1115,1534,1924,2276,2590,2879,3154,3419,3685,3925,4137,4294,4382,4390,4339,4222,4063,3857,3631,3375,3109,2842,2554,2224,1887,1565,1260,969,691,413,116,-185,-483,-763,-1004,-1196,-1356,-1482,-1576,-1638,-1695,-1740,-1763,-1760,-1714,-1586,-1346,-999,-560,-42,496,966,1331,1607,1817,2001,2140,2221,2242,2238,2227,2255,2332,2450,2603,2798,3001,3162,3230,3176,3001,2691,2253,1717,1152,599,84,-390,-818,-1201,-1529,-1799,-2003,-2122,-2174,-2178,-2147,-2075,-1998,-1918,-1861,-1846,-1895,-1972,-2061,-2132,-2136,-2056,-1928,-1768,-1567,-1319,-1032,-725,-405,-102,186,428,638,805,891,888,813,680,532,354,187,28,-117,-277,-431,-584,-731,-893,-1042,-1177,-1338,-1541,-1785,-2069,-2377,-2683,-3014,-3345,-3687,-3974,-4207,-4364,-4490,-4597,-4698,-4764,-4803,-4818,-4824,-4829,-4831,-4879,-4949,-5057,-5127,-5080,-4763,-4173,-3400,-2557,-1665,-757,153,1039,1839,2526,3004,3328,3523,3654,3706,3738,3782,3822,3858,3892,3919,3918,3884,3704,3413,2993,2491,1938,1368,774,134,-551,-1266,-1933,-2552,-3052,-3433,-3672,-3781,-3717,-3507,-3185,-2811,-2429,-2004,-1564,-1133,-686,-211,286,786,1243,1674,2079,2458,2799,3108,3407,3718,4023,4311,4567,4767,4889,4915,4866,4744,4554,4336,4093,3817,3546,3264,2960,2631,2280,1928,1567,1225,895,558,226,-102,-414,-701,-964,-1189,-1379,-1531,-1660,-1783,-1889,-1995,-2069,-2094,-2046,-1905,-1640,-1228,-704,-81,572,1168,1616,1934,2193,2400,2568,2665,2686,2658,2617,2625,2699,2826,3019,3261,3532,3757,3891,3892,3723,3375,2871,2268,1622,992,409,-127,-602,-1012,-1358,-1642,-1846,-1957,-1986,-1953,-1864,-1748,-1616,-1518,-1474,-1489,-1551,-1614,-1675,-1729,-1751,-1721,-1606,-1403,-1147,-881,-612,-328,-24,293,609,888,1100,1230,1267,1231,1142,1009,840,634,413,220,47,-133,-320,-509,-694,-883,-1100,-1333,-1579,-1827,-2126,-2468,-2816,-3154,-3427,-3645,-3804,-3913,-3977,-4049,-4143,-4288,-4444,-4568,-4682,-4782,-4883,-4982,-5104,-5220,-5374,-5510,-5627,-5581,-5205,};
uint16_t do2B[674]={679,679,745,797,851,899,933,969,1011,1048,1077,1099,1107,1112,1115,1110,1098,1092,1085,1070,1054,1040,1022,1001,972,942,917,893,869,843,814,789,766,745,720,700,684,665,647,631,614,596,583,575,567,563,563,565,569,579,597,611,618,628,643,658,667,676,672,671,660,645,625,607,583,556,530,496,457,419,381,348,317,282,249,216,178,145,104,58,13,-37,-83,-124,-161,-200,-251,-304,-355,-405,-450,-485,-514,-537,-554,-578,-610,-646,-670,-690,-710,-725,-739,-748,-757,-763,-778,-803,-824,-855,-889,-912,-939,-960,-984,-1020,-1073,-1124,-1171,-1215,-1242,-1262,-1277,-1294,-1326,-1354,-1380,-1411,-1437,-1448,-1453,-1451,-1453,-1462,-1472,-1476,-1482,-1472,-1449,-1415,-1372,-1323,-1269,-1217,-1166,-1102,-1027,-948,-855,-755,-649,-547,-458,-369,-276,-189,-103,-8,90,193,300,399,491,575,661,760,864,970,1080,1181,1272,1355,1425,1482,1532,1576,1620,1667,1705,1732,1753,1766,1764,1750,1733,1723,1715,1703,1690,1661,1625,1582,1534,1481,1432,1394,1353,1311,1269,1229,1188,1140,1097,1053,1009,967,928,886,852,811,769,737,714,705,707,711,715,731,754,773,789,812,835,852,868,878,883,884,880,860,832,806,777,743,709,666,619,569,526,487,448,411,386,368,346,319,283,239,180,119,51,-21,-85,-136,-195,-261,-344,-425,-492,-560,-605,-637,-664,-690,-713,-740,-771,-807,-847,-872,-885,-891,-886,-881,-904,-946,-996,-1056,-1117,-1178,-1236,-1285,-1343,-1416,-1497,-1587,-1679,-1766,-1845,-1891,-1928,-1962,-1985,-2010,-2037,-2067,-2107,-2141,-2162,-2173,-2172,-2161,-2148,-2142,-2148,-2142,-2125,-2103,-2070,-2023,-1971,-1910,-1834,-1734,-1631,-1533,-1420,-1284,-1139,-995,-852,-717,-581,-450,-320,-198,-83,30,142,250,349,443,551,666,775,888,1006,1113,1216,1311,1391,1470,1545,1611,1675,1730,1775,1804,1831,1843,1839,1827,1817,1795,1768,1736,1687,1631,1572,1505,1433,1359,1289,1226,1172,1117,1058,998,946,896,849,801,761,723,683,640,597,560,523,486,463,459,463,475,498,525,560,600,646,689,733,780,831,875,920,956,974,983,983,972,940,900,856,809,760,713,665,604,557,512,470,442,420,395,369,338,299,251,190,123,57,-14,-84,-149,-213,-271,-329,-387,-428,-468,-506,-529,-537,-550,-554,-550,-544,-533,-527,-527,-522,-529,-551,-575,-615,-669,-733,-818,-914,-1013,-1112,-1203,-1300,-1398,-1491,-1587,-1668,-1742,-1808,-1867,-1934,-1993,-2054,-2111,-2163,-2200,-2232,-2258,-2267,-2276,-2293,-2309,-2332,-2353,-2361,-2353,-2342,-2328,-2305,-2275,-2237,-2180,-2094,-1984,-1868,-1722,-1546,-1366,-1194,-1008,-828,-664,-502,-346,-199,-62,78,199,310,412,509,615,741,882,1036,1195,1355,1511,1654,1793,1920,2042,2159,2277,2377,2460,2540,2604,2653,2685,2702,2698,2683,2665,2633,2589,2536,2471,2391,2307,2216,2121,2028,1938,1855,1768,1674,1574,1471,1372,1277,1187,1100,1016,936,858,777,700,629,563,502,455,435,437,447,465,488,514,553,607,665,728,793,858,928,999,1063,1104,1116,1106,1084,1058,1024,980,933,876,823,777,722,669,627,587,553,533,525,514,480,416,324,228,128,30,-72,-187,-310,-435,-539,-619,-685,-746,-800,-833,-851,-864,-869,-875,-885,-890,-888,-895,-897,-892,-902,-932,-982,-1050,-1143,-1258,-1367,-1467,-1562,-1647,-1739,-1850,-1956,-2056,-2141,-2217,-2280,-2326,-2368,-2397,-2421,-2445,-2467,-2496,-2542,-2594,-2628,-2651,-2664,-2667,-2665,-2656,-2654,-2659,-2655,-2652,-2645,-2623,-2589,-2530,-2434,-2315,-2162,-1988,-1804,-1602,-1383,-1160,-934,-712,-502,-311,-147,-10,97,174,233,293,381,492,627,784,943,};
uint16_t mi2B[535]={890,890,1058,1216,1353,1465,1568,1657,1732,1793,1837,1868,1890,1910,1921,1929,1949,1983,2016,2054,2098,2152,2211,2271,2333,2393,2450,2499,2539,2570,2580,2578,2559,2522,2466,2392,2303,2210,2116,2011,1903,1788,1683,1586,1501,1424,1358,1312,1279,1253,1235,1214,1193,1170,1131,1081,1024,948,859,758,626,470,299,113,-79,-274,-473,-672,-865,-1048,-1222,-1383,-1533,-1666,-1789,-1899,-1993,-2077,-2152,-2209,-2256,-2295,-2319,-2340,-2368,-2396,-2428,-2460,-2482,-2495,-2522,-2541,-2561,-2581,-2570,-2548,-2515,-2451,-2377,-2302,-2205,-2096,-1978,-1845,-1693,-1535,-1373,-1201,-1050,-911,-783,-678,-575,-475,-385,-298,-219,-162,-126,-96,-60,-17,53,136,228,341,449,558,677,790,915,1052,1190,1325,1462,1588,1683,1774,1852,1904,1961,2015,2046,2074,2089,2083,2071,2057,2043,2035,2045,2058,2084,2118,2161,2211,2263,2322,2386,2468,2546,2616,2674,2709,2725,2737,2727,2706,2662,2590,2496,2383,2251,2106,1953,1811,1663,1522,1382,1246,1115,987,872,763,672,603,543,486,423,353,274,188,95,-2,-109,-229,-367,-519,-686,-859,-1039,-1217,-1387,-1558,-1734,-1907,-2064,-2213,-2355,-2492,-2622,-2726,-2813,-2884,-2953,-3028,-3104,-3182,-3251,-3300,-3331,-3373,-3418,-3467,-3544,-3634,-3709,-3769,-3809,-3831,-3835,-3821,-3795,-3749,-3688,-3601,-3474,-3307,-3116,-2925,-2744,-2586,-2446,-2314,-2183,-2047,-1906,-1776,-1673,-1602,-1553,-1540,-1550,-1560,-1555,-1494,-1370,-1199,-994,-776,-555,-335,-96,175,473,793,1115,1429,1721,1974,2185,2357,2474,2562,2625,2659,2668,2650,2605,2532,2453,2384,2334,2313,2318,2336,2380,2444,2518,2607,2715,2832,2954,3087,3210,3305,3380,3414,3410,3386,3335,3265,3185,3080,2952,2807,2650,2486,2335,2188,2054,1960,1917,1910,1930,1955,1972,1978,1990,2003,2025,2044,2042,2007,1923,1780,1581,1341,1064,765,456,134,-202,-535,-865,-1195,-1502,-1781,-2027,-2233,-2400,-2533,-2651,-2763,-2861,-2951,-3023,-3071,-3095,-3093,-3086,-3091,-3121,-3176,-3244,-3325,-3401,-3458,-3507,-3539,-3561,-3600,-3646,-3686,-3710,-3702,-3637,-3509,-3342,-3136,-2910,-2669,-2408,-2141,-1880,-1633,-1388,-1158,-948,-765,-611,-474,-367,-285,-221,-195,-193,-199,-206,-191,-129,-17,148,348,564,779,986,1201,1425,1660,1909,2169,2413,2631,2806,2935,3005,3031,3035,3013,2970,2913,2829,2726,2596,2456,2331,2226,2153,2118,2116,2140,2189,2271,2378,2501,2652,2829,3019,3196,3351,3479,3563,3608,3623,3612,3570,3502,3406,3272,3091,2868,2616,2366,2135,1936,1783,1663,1562,1471,1382,1288,1213,1156,1117,1110,1117,1113,1086,1020,902,743,547,321,86,-161,-430,-712,-1013,-1332,-1656,-1963,-2247,-2501,-2725,-2930,-3128,-3309,-3476,-3618,-3726,-3795,-3825,-3832,-3832,-3853,-3893,-3943,-4003,-4056,-4106,-4162,-4231,-4329,-4462,-4635,-4828,-5015,-5169,-5265,-5295,-5262,-5194,-5109,-5013,-4889,-4713,-4459,-4139,-3800,-3487,-3206,-2981,-2796,-2629,-2467,-2305,-2147,-2003,-1900,-1869,-1901,-1966,-2017,-1985,-1822,-1526,-1148,-730,-298,102,482,879,1303,1758,2241,};
uint16_t fad2B[476]={-439,-439,-379,-318,-252,-185,-117,-46,24,92,156,216,275,329,374,418,460,495,525,557,584,599,612,629,643,660,682,701,717,737,759,774,790,811,833,852,874,899,921,943,961,973,974,978,979,971,963,959,949,938,927,911,893,874,850,815,777,737,692,654,629,594,552,510,458,410,359,304,249,197,143,79,17,-44,-109,-177,-251,-332,-407,-477,-555,-624,-687,-757,-823,-880,-938,-994,-1045,-1087,-1123,-1155,-1182,-1197,-1201,-1202,-1192,-1167,-1144,-1124,-1097,-1068,-1045,-1022,-997,-960,-915,-876,-840,-802,-771,-744,-709,-668,-626,-583,-530,-480,-425,-367,-308,-243,-177,-106,-34,36,106,173,244,303,351,394,428,458,480,497,510,522,531,539,549,550,548,548,545,539,539,546,562,577,601,634,664,687,715,740,765,788,806,829,848,863,877,883,889,893,891,897,899,909,912,913,920,922,922,925,921,909,896,886,867,842,821,790,744,696,635,562,483,404,321,232,136,41,-64,-173,-279,-386,-499,-624,-753,-878,-1003,-1124,-1238,-1350,-1464,-1570,-1664,-1752,-1825,-1890,-1946,-1975,-1997,-2006,-2004,-2007,-2011,-2008,-1993,-1974,-1931,-1875,-1819,-1759,-1696,-1639,-1580,-1523,-1464,-1407,-1349,-1284,-1227,-1167,-1098,-1024,-945,-863,-779,-673,-567,-457,-343,-231,-123,-14,86,181,273,357,433,496,556,604,649,688,718,739,761,781,797,809,818,841,867,894,938,994,1055,1122,1197,1273,1342,1400,1458,1520,1564,1592,1629,1655,1660,1656,1655,1638,1611,1583,1548,1514,1490,1454,1402,1345,1287,1223,1161,1105,1051,1000,954,909,859,814,760,682,600,525,450,360,276,191,97,-4,-115,-227,-334,-443,-555,-668,-796,-934,-1068,-1187,-1288,-1383,-1471,-1533,-1584,-1637,-1683,-1696,-1682,-1676,-1657,-1628,-1604,-1583,-1576,-1552,-1523,-1501,-1456,-1401,-1347,-1291,-1236,-1192,-1146,-1095,-1048,-1004,-961,-916,-866,-813,-746,-671,-582,-480,-378,-276,-163,-47,64,168,274,371,449,512,564,610,645,676,707,739,750,748,756,748,719,688,669,678,677,674,694,723,753,794,858,943,1035,1112,1180,1219,1250,1279,1299,1322,1355,1396,1430,1451,1466,1488,1506,1513,1543,1594,1631,1660,1691,1688,1666,1656,1649,1620,1585,1575,1579,1549,1477,1415,1365,1280,1155,1039,953,870,763,649,532,400,240,54,-141,-338,-529,-724,-934,-1135,-1321,-1513,-1704,-1881,-2032,-2193,-2360,-2487,-2577,-2649,-2678,-2674,-2674,-2678,-2674,-2674,-2682,-2671,-2647,-2606,-2530,-2449,-2376,-2315,-2264,-2213,-2166,-2118,-2063,-1997,-1934,-1876,-1829,-1780,-1726,};
uint16_t do3B[337]={0,0,455,888,1264,1569,1793,1938,2026,2098,2143,2121,2016,1871,1730,1613,1539,1533,1588,1655,1681,1648,1555,1429,1292,1147,1013,928,936,1044,1191,1250,1169,1014,845,696,604,533,416,218,3,-196,-373,-524,-680,-846,-978,-1040,-1044,-999,-921,-890,-957,-1048,-1099,-1137,-1198,-1290,-1421,-1600,-1843,-2140,-2402,-2533,-2532,-2411,-2188,-1967,-1836,-1820,-1852,-1831,-1709,-1497,-1205,-846,-499,-249,-122,-79,-44,43,175,380,686,1069,1483,1912,2331,2688,2985,3239,3453,3645,3793,3854,3814,3706,3590,3475,3379,3334,3364,3485,3631,3688,3658,3568,3445,3305,3122,2959,2910,2981,3076,3007,2674,2168,1674,1332,1092,842,549,237,-100,-418,-676,-910,-1133,-1367,-1623,-1839,-2000,-2165,-2356,-2578,-2848,-3134,-3363,-3509,-3614,-3708,-3753,-3795,-3932,-4195,-4554,-4850,-4891,-4603,-4100,-3640,-3421,-3370,-3321,-3176,-2919,-2606,-2253,-1822,-1339,-931,-714,-704,-805,-859,-751,-437,-8,410,801,1218,1671,2089,2381,2545,2674,2806,2880,2860,2721,2486,2200,1882,1616,1498,1525,1631,1714,1675,1517,1297,1025,746,496,335,380,628,959,1202,1234,1068,825,655,595,555,461,307,123,-68,-243,-382,-497,-608,-759,-910,-961,-897,-783,-676,-661,-764,-904,-1030,-1130,-1189,-1283,-1493,-1833,-2282,-2765,-3226,-3560,-3603,-3337,-3018,-2919,-3011,-3125,-3188,-3157,-2995,-2678,-2204,-1678,-1257,-1004,-915,-903,-847,-670,-370,-2,417,895,1452,2067,2644,3091,3446,3738,4003,4224,4367,4443,4456,4388,4258,4132,4068,4084,4222,4470,4681,4739,4627,4420,4200,3990,3780,3660,3746,3972,4110,3980,3525,2878,2260,1763,1388,1056,674,226,-204,-562,-897,-1206,-1517,-1855,-2124,-2314,-2485,-2657,-2883,-3230,-3624,-3947,-4166,-4291,-4387,-4494,-4608,-4781,-5089,-5490,-5862,-6098,-6038,-5569,-4895,-4421,-4204,-4097,-4014,-3877,-3702,-3464,-3010,-2364,-1804,-1502,-1441,-1523,-1542,-1379,-1116,-761,-278,};
uint16_t mi3B[267]={349,349,331,299,249,192,148,122,122,129,116,98,106,143,211,294,370,409,407,401,406,421,452,489,520,538,578,642,708,776,845,896,922,939,953,970,991,1011,1010,991,970,945,920,908,906,883,839,796,763,747,754,775,781,761,725,685,638,568,488,404,302,195,99,11,-59,-112,-172,-241,-318,-390,-450,-504,-565,-634,-712,-787,-842,-876,-900,-939,-972,-984,-987,-984,-978,-970,-972,-978,-980,-996,-1024,-1044,-1059,-1072,-1087,-1101,-1112,-1119,-1138,-1171,-1207,-1217,-1219,-1209,-1175,-1125,-1067,-1000,-925,-848,-771,-690,-591,-478,-360,-248,-150,-80,-15,60,138,208,262,293,302,299,300,296,293,286,266,242,225,209,181,150,112,74,43,13,-11,-28,-35,-32,-22,-1,25,42,62,88,118,146,186,235,283,338,416,509,616,725,831,919,1000,1090,1177,1263,1348,1419,1476,1526,1550,1553,1546,1526,1506,1482,1456,1420,1383,1343,1286,1211,1135,1058,979,898,816,732,640,540,438,334,223,128,47,-46,-134,-222,-318,-397,-452,-495,-540,-599,-668,-744,-827,-896,-936,-958,-980,-1011,-1060,-1112,-1150,-1182,-1201,-1214,-1246,-1301,-1349,-1380,-1415,-1451,-1488,-1533,-1572,-1597,-1603,-1610,-1630,-1640,-1639,-1624,-1580,-1507,-1410,-1302,-1194,-1075,-949,-822,-696,-556,-409,-273,-136,8,145,268,377,476,548,606,647,676,697,713,718,707,681,630,568,506,443,383,328,278,};
uint16_t fad3B[238]={106,106,156,206,245,289,319,335,365,392,410,426,430,427,422,411,397,398,401,392,373,356,339,327,315,295,267,236,197,162,142,131,126,110,92,74,66,72,80,98,117,133,147,161,170,183,200,225,249,263,289,313,330,354,389,415,435,459,478,494,508,515,521,516,503,486,460,437,416,391,366,335,301,257,211,181,148,103,60,17,-31,-88,-150,-210,-276,-343,-416,-495,-574,-655,-724,-787,-843,-888,-934,-966,-976,-984,-984,-972,-963,-935,-905,-877,-846,-816,-783,-748,-708,-662,-597,-528,-465,-396,-313,-232,-153,-81,-6,60,111,165,223,275,318,352,376,398,416,431,444,459,471,474,464,457,452,436,421,414,412,408,394,372,342,307,267,234,206,189,178,154,129,120,127,145,169,197,230,248,255,269,292,315,326,340,351,353,362,374,390,415,448,479,502,532,563,594,620,639,653,646,628,610,580,553,531,496,447,397,354,316,265,217,164,106,44,-24,-90,-144,-201,-260,-332,-426,-526,-614,-698,-793,-895,-979,-1050,-1117,-1166,-1213,-1247,-1257,-1259,-1248,-1216,-1171,-1132,-1104,-1080,-1051,-1009,-957,-900,-834,-762,-681,-593,-500,-401,-304,-209,-112,-15,78,163,};
uint16_t do4B[168]={322,322,388,452,512,558,598,625,648,666,676,683,685,678,677,675,663,647,627,598,573,550,534,527,526,529,531,528,525,524,526,534,548,561,559,558,546,520,498,477,459,432,397,350,290,217,130,41,-55,-157,-249,-338,-443,-548,-649,-751,-852,-942,-1022,-1075,-1117,-1158,-1189,-1220,-1245,-1257,-1252,-1225,-1179,-1117,-1047,-978,-902,-815,-711,-596,-478,-354,-234,-120,-5,109,219,328,418,500,577,641,698,750,788,810,827,835,830,822,813,798,774,747,726,696,659,621,600,584,575,569,565,563,568,572,585,607,621,642,669,694,712,722,731,727,715,699,677,651,610,559,484,396,301,187,66,-55,-192,-333,-471,-616,-762,-898,-1023,-1146,-1251,-1341,-1419,-1474,-1524,-1564,-1591,-1606,-1597,-1567,-1516,-1443,-1357,-1259,-1141,-1014,-878,-724,-566,-405,-241,-89,50,188,317,446,564,};
uint16_t lad1B[754]={40,40,137,235,324,403,476,531,572,604,633,652,667,679,700,717,725,734,732,733,735,743,755,766,771,769,759,746,728,706,689,673,654,627,606,580,542,506,469,436,401,367,333,307,288,267,247,233,229,239,259,281,306,343,388,435,480,520,558,591,625,661,693,720,737,753,753,746,733,697,649,595,529,458,390,330,281,233,185,125,64,3,-50,-96,-134,-175,-214,-253,-287,-317,-342,-369,-404,-434,-449,-461,-469,-466,-474,-479,-461,-456,-456,-444,-422,-393,-380,-383,-367,-345,-327,-314,-302,-289,-274,-259,-245,-228,-211,-206,-206,-202,-192,-180,-167,-173,-176,-170,-171,-181,-178,-167,-174,-182,-167,-164,-160,-133,-107,-99,-86,-42,16,60,81,120,184,252,301,362,454,546,619,687,761,847,933,1001,1055,1101,1147,1172,1162,1148,1146,1128,1095,1075,1060,1029,992,958,923,890,864,848,835,818,798,785,771,742,711,685,666,645,622,585,549,524,502,476,450,421,405,396,385,383,379,382,395,414,437,468,491,508,517,524,529,546,557,559,554,538,510,475,430,378,337,302,257,208,163,109,47,-12,-77,-140,-201,-267,-337,-399,-459,-514,-559,-602,-641,-673,-703,-735,-750,-762,-775,-780,-788,-804,-811,-817,-824,-827,-825,-821,-821,-827,-840,-846,-842,-845,-842,-834,-828,-816,-804,-793,-780,-775,-777,-777,-780,-777,-773,-773,-768,-762,-757,-748,-741,-745,-745,-750,-756,-762,-764,-774,-775,-770,-767,-760,-750,-736,-715,-689,-667,-642,-614,-583,-546,-516,-495,-482,-468,-453,-449,-433,-424,-422,-430,-450,-468,-481,-483,-491,-499,-496,-502,-510,-516,-523,-540,-556,-566,-576,-584,-584,-587,-592,-594,-587,-576,-561,-539,-508,-478,-451,-414,-361,-299,-227,-151,-77,-11,40,78,113,142,160,168,166,152,130,104,76,42,2,-33,-64,-87,-109,-127,-153,-185,-214,-244,-278,-305,-331,-354,-385,-419,-451,-477,-505,-523,-524,-514,-484,-433,-363,-276,-179,-70,47,163,273,372,458,535,602,661,712,761,814,866,922,980,1042,1104,1156,1205,1243,1266,1279,1276,1259,1220,1163,1093,1008,910,807,701,600,504,413,335,264,207,163,130,102,77,68,56,53,47,41,45,53,71,93,113,129,144,163,186,213,250,279,310,346,382,418,458,488,512,528,536,543,544,533,514,482,437,384,323,260,196,128,61,-6,-81,-154,-223,-291,-357,-420,-478,-529,-578,-614,-646,-679,-711,-729,-738,-741,-740,-734,-718,-696,-675,-649,-621,-595,-558,-516,-468,-426,-389,-351,-317,-285,-259,-227,-198,-181,-169,-163,-168,-179,-200,-230,-257,-293,-331,-359,-381,-403,-423,-437,-448,-454,-458,-455,-448,-442,-432,-412,-375,-331,-273,-196,-97,22,148,284,418,537,640,730,806,870,926,977,1016,1047,1076,1104,1128,1158,1184,1210,1234,1261,1277,1287,1289,1282,1271,1262,1263,1265,1265,1255,1229,1200,1162,1126,1086,1039,985,919,845,766,687,611,546,494,449,417,391,366,351,338,338,354,384,424,468,510,550,582,607,629,650,673,706,751,793,831,861,879,884,878,852,811,752,681,597,501,395,293,196,99,12,-67,-136,-187,-225,-258,-288,-316,-343,-369,-389,-405,-420,-439,-465,-496,-546,-598,-650,-711,-774,-842,-915,-984,-1051,-1122,-1186,-1233,-1265,-1286,-1305,-1318,-1318,-1316,-1301,-1268,-1242,-1214,-1186,-1161,-1144,-1127,-1119,-1116,-1119,-1123,-1127,-1131,-1132,-1142,-1159,-1172,-1179,-1184,-1179,-1177,-1174,-1173,-1164,-1151,-1136,-1118,-1092,-1065,-1026,-966,-901,-831,-753,-676,-602,-528,-462,-397,-333,-283,-254,-235,-233,-250,-279,-321,-369,-426,-491,-561,-629,-709,-782,-849,-914,-962,-997,-1022,-1050,-1074,-1099,-1124,-1140,-1149,-1144,-1124,-1096,-1060,-1011,-939,-831,-697,-540,-368,-195,-36,104,224,320,394,448,487,512,526,526,521,509,486,451,414,375,333,295,259,222,197,172,146,117,85,41,-8,-67,-133,-199,-266,-340,-421,-503,-586,-662,-719,-750,-747,-707,};
uint16_t si1B[714]={162,162,180,195,213,235,261,277,293,305,315,324,337,347,352,362,381,406,426,449,474,496,509,509,514,523,536,561,588,597,585,571,552,526,511,495,472,446,413,375,333,295,260,234,213,184,156,125,96,84,75,67,76,80,83,87,85,85,105,128,149,184,213,242,279,325,375,417,461,516,567,607,650,702,751,792,841,884,904,923,944,951,958,973,983,980,978,953,914,882,842,802,770,731,696,663,608,558,511,457,405,364,327,278,236,200,153,101,50,1,-53,-106,-172,-236,-300,-376,-441,-497,-566,-650,-727,-797,-876,-947,-1015,-1081,-1161,-1258,-1338,-1413,-1491,-1544,-1596,-1660,-1720,-1772,-1821,-1857,-1881,-1900,-1918,-1934,-1932,-1922,-1910,-1898,-1890,-1883,-1878,-1873,-1849,-1817,-1786,-1755,-1732,-1705,-1670,-1638,-1609,-1574,-1538,-1494,-1446,-1395,-1333,-1269,-1214,-1164,-1103,-1034,-962,-871,-766,-658,-575,-502,-424,-349,-256,-145,-36,81,191,298,398,486,584,688,781,879,984,1086,1183,1281,1377,1460,1533,1598,1651,1699,1746,1788,1818,1835,1843,1841,1821,1791,1750,1701,1650,1605,1554,1498,1438,1370,1301,1226,1143,1085,1039,994,953,914,874,829,786,747,710,690,676,657,647,638,620,604,579,568,570,563,558,559,558,553,554,567,584,588,601,619,628,642,654,670,694,703,702,703,695,684,671,654,626,591,554,521,490,472,456,434,407,368,317,264,232,205,175,167,163,139,124,106,83,69,35,-10,-56,-93,-130,-179,-233,-315,-411,-499,-592,-670,-726,-782,-833,-894,-964,-1042,-1132,-1211,-1273,-1315,-1342,-1362,-1383,-1415,-1448,-1478,-1490,-1482,-1450,-1409,-1382,-1375,-1382,-1388,-1367,-1298,-1204,-1114,-1031,-978,-952,-935,-923,-897,-849,-796,-734,-691,-681,-674,-660,-631,-578,-515,-453,-405,-366,-336,-339,-343,-311,-263,-202,-138,-76,-29,-2,15,19,13,31,75,127,192,261,324,371,402,408,409,433,464,494,555,618,665,691,695,693,691,696,710,725,739,763,771,746,708,663,612,581,543,500,466,422,384,331,255,189,126,65,22,-7,-37,-66,-86,-108,-128,-137,-149,-144,-131,-105,-72,-46,-15,30,63,89,116,149,196,251,311,369,422,468,530,601,671,745,817,897,978,1055,1146,1237,1326,1407,1479,1541,1585,1620,1661,1687,1703,1709,1700,1675,1641,1610,1581,1554,1534,1512,1493,1470,1433,1398,1370,1338,1307,1269,1230,1176,1113,1057,971,862,755,635,502,377,242,92,-44,-169,-299,-427,-553,-678,-788,-894,-1002,-1115,-1244,-1372,-1495,-1615,-1712,-1797,-1878,-1960,-2047,-2132,-2242,-2345,-2418,-2474,-2495,-2510,-2528,-2540,-2562,-2593,-2614,-2629,-2638,-2632,-2626,-2627,-2660,-2715,-2774,-2841,-2897,-2933,-2960,-2973,-2961,-2938,-2910,-2864,-2808,-2734,-2649,-2551,-2439,-2321,-2205,-2076,-1937,-1789,-1620,-1455,-1274,-1085,-921,-769,-611,-457,-288,-97,93,296,518,741,947,1145,1330,1491,1642,1784,1909,2037,2150,2265,2359,2429,2486,2511,2517,2520,2505,2463,2412,2357,2305,2261,2205,2132,2062,1987,1909,1827,1740,1673,1602,1537,1495,1439,1363,1279,1199,1136,1097,1083,1062,1032,998,972,951,938,941,932,913,903,888,870,853,819,787,746,683,630,570,512,472,443,418,416,420,424,434,448,472,497,517,543,562,577,601,612,617,613,610,594,563,538,506,474,452,432,437,448,447,449,444,445,464,490,522,554,555,525,474,401,322,235,127,18,-126,-284,-430,-568,-685,-800,-916,-1034,-1173,-1315,-1425,-1509,-1577,-1630,-1686,-1756,-1808,-1829,-1820,-1784,-1743,-1730,-1715,-1707,-1706,-1656,-1564,-1451,-1299,-1140,-1016,-922,-848,-791,-751,-697,-639,-575,-514,-493,-522,-582,-666,-770,-864,-945,-1026,-1104,-1177,-1246,-1298,-1306,-1289,-1267,-1253,-1236,-1227,-1228,-1211,-1158,-1091,-1013,-949,-907,-894,-903,-912,-903,};
uint16_t re2B[600]={1592,1592,1688,1763,1806,1829,1852,1879,1913,1947,1959,1963,1972,1986,2028,2087,2167,2277,2413,2567,2727,2862,2961,3006,2987,2906,2772,2579,2339,2065,1777,1506,1254,1028,829,670,546,459,394,342,314,293,294,319,337,305,245,153,24,-109,-265,-422,-591,-774,-948,-1115,-1284,-1434,-1562,-1674,-1753,-1808,-1838,-1843,-1828,-1824,-1834,-1853,-1898,-1941,-1979,-2036,-2112,-2190,-2273,-2391,-2536,-2666,-2758,-2779,-2746,-2671,-2571,-2486,-2430,-2385,-2388,-2450,-2506,-2592,-2732,-2868,-2948,-2927,-2782,-2537,-2233,-1946,-1708,-1473,-1264,-1079,-939,-887,-899,-901,-902,-905,-885,-870,-852,-816,-774,-730,-651,-518,-343,-147,61,271,450,595,684,732,751,745,747,747,730,715,689,638,557,446,334,247,189,176,210,289,414,575,744,909,1068,1223,1372,1524,1680,1819,1924,1982,2015,2043,2058,2074,2096,2104,2116,2169,2283,2444,2638,2823,2967,3055,3087,3064,2983,2840,2651,2433,2194,1970,1788,1658,1572,1506,1443,1375,1301,1229,1154,1068,975,867,733,568,374,149,-114,-415,-720,-999,-1241,-1439,-1598,-1700,-1757,-1789,-1812,-1828,-1817,-1772,-1704,-1632,-1563,-1487,-1407,-1343,-1308,-1332,-1415,-1531,-1671,-1816,-1945,-2057,-2120,-2127,-2085,-2012,-1930,-1856,-1817,-1806,-1821,-1855,-1887,-1951,-2074,-2191,-2352,-2528,-2626,-2615,-2467,-2187,-1845,-1514,-1160,-817,-490,-212,-55,-20,-32,-71,-123,-147,-154,-141,-146,-183,-225,-297,-390,-454,-466,-415,-303,-130,93,333,542,701,817,918,1011,1078,1145,1228,1317,1391,1432,1431,1414,1389,1365,1361,1389,1465,1575,1689,1820,1955,2052,2124,2183,2201,2216,2259,2283,2267,2254,2277,2323,2365,2386,2429,2517,2664,2872,3137,3457,3750,3941,4030,4019,3902,3701,3415,3032,2610,2195,1803,1449,1166,934,740,560,414,304,219,178,194,246,319,404,461,460,400,282,114,-78,-250,-417,-584,-738,-907,-1094,-1283,-1452,-1594,-1705,-1783,-1834,-1873,-1910,-1923,-1947,-1986,-2038,-2131,-2255,-2394,-2548,-2696,-2839,-2939,-2965,-2924,-2820,-2681,-2545,-2431,-2359,-2335,-2366,-2436,-2551,-2717,-2955,-3266,-3630,-3949,-4108,-4057,-3787,-3349,-2891,-2466,-2058,-1706,-1363,-1100,-981,-960,-974,-1023,-1054,-1082,-1128,-1141,-1160,-1186,-1217,-1267,-1288,-1233,-1111,-882,-571,-229,128,423,609,718,749,750,753,761,786,827,846,836,771,648,504,356,253,214,252,380,569,806,1046,1263,1459,1610,1733,1847,1952,2063,2139,2174,2194,2209,2230,2246,2229,2198,2192,2248,2417,2687,3032,3401,3703,3916,4015,3982,3834,3588,3255,2879,2522,2222,2012,1880,1801,1759,1739,1724,1684,1627,1579,1540,1496,1427,1328,1181,964,676,343,-40,-433,-787,-1104,-1375,-1586,-1753,-1889,-2000,-2082,-2118,-2108,-2054,-1967,-1869,-1789,-1745,-1733,-1752,-1802,-1889,-2022,-2186,-2354,-2488,-2553,-2541,-2436,-2249,-2028,-1829,-1669,-1550,-1470,-1446,-1494,-1622,-1821,-2071,-2402,-2782,-3173,-3531,-3713,-3650,-3334,-2810,-2261,-1772,-1283,-863,-492,-171,-16,7,-15,-81,-125,-135,-128,-104,-100,-155,-288,-490,-693,-864,-985,-980,-866,-683,-438,-191,39,240,395,554,722,886,1072,1261,1436,1583,1664,1684,1675,1675,1689,1721,1771,1845,1947,2076,2177,2239,2260,2244,2235,2244,2262,2304,2321,2320,2319,2333,2384,2470,2558,2643,2769,2973,3317,3775,4271,4742,5095,5272,5270,5096,4760,4277,3684,3051,2434,1883,1442,};
uint16_t fa2B[505]={-1,-1,0,-2,-1,0,1,0,1,-1,0,1,0,0,0,1,0,-1,0,0,0,1,0,0,1,0,-1,0,-1,0,-1,0,1,1,0,0,0,-1,0,0,0,0,0,-1,0,0,0,0,1,0,0,0,0,-1,0,0,1,0,0,0,0,-1,0,2,0,-1,0,1,0,0,0,-1,-1,-1,1,0,0,1,-1,0,-2,0,0,0,0,0,1,0,0,0,0,0,0,0,0,1,-1,1,1,0,-1,0,-1,0,1,0,0,0,0,0,0,0,-1,-1,-1,0,-1,0,0,0,1,0,0,0,0,-1,0,-1,0,0,0,0,0,0,1,-1,1,0,0,1,0,0,0,0,0,0,0,1,0,0,0,2,0,0,1,1,0,0,-1,1,0,-1,0,0,-2,0,0,2,0,0,0,0,0,-1,0,1,0,0,0,0,-2,0,0,1,1,-1,-1,0,0,1,-1,0,0,0,0,1,0,0,-1,0,1,0,0,0,-1,0,-1,1,0,0,-1,0,0,0,-1,1,-1,0,2,0,-1,-1,-1,-1,-2,-1,1,-1,0,0,0,-1,-1,0,-2,-1,0,0,-1,1,0,0,0,-1,0,0,0,-1,1,0,0,0,0,0,1,0,0,0,-1,0,-1,0,0,0,1,1,0,-1,0,0,0,-1,0,0,-1,0,0,0,0,-1,-1,1,1,0,0,1,-1,0,-1,0,-1,0,1,0,0,1,0,0,0,0,0,0,0,0,0,1,0,-1,0,0,2,0,0,0,0,-1,-1,-1,1,0,-1,0,-1,-1,0,1,1,-1,-1,0,1,1,0,1,1,0,2,0,0,0,1,0,0,-1,0,0,1,1,-1,0,0,0,-1,1,-1,0,0,1,0,0,1,0,1,0,1,-1,0,0,0,0,0,-1,0,0,-1,0,0,1,-1,1,0,1,0,0,0,0,0,-1,0,0,1,-1,1,1,1,1,-1,-1,-2,0,0,0,-2,0,0,1,0,0,0,1,0,0,1,0,0,0,0,0,-1,1,0,1,1,-1,1,0,-2,1,0,0,1,0,0,0,-1,0,1,-2,0,1,0,0,1,0,1,1,1,0,0,0,0,0,-1,1,1,0,-2,0,0,0,-1,0,0,1,0,0,0,-1,-1,-1,0,-1,0,0,0,1,0,-1,0,0,1,0,1,0,0,0,1,1,0,-1,-2,0,0,0,0,0,0,0,0,0,1,0,0,-1,0,0,};
uint16_t la2B[400]={183,183,227,268,286,309,342,366,376,377,363,352,352,347,337,321,315,327,353,380,412,446,486,522,567,618,659,705,758,818,872,914,944,979,1012,1030,1036,1025,1006,998,988,956,933,908,876,840,798,761,720,673,644,617,588,548,508,480,463,445,424,396,363,344,320,291,267,221,178,133,79,46,-4,-51,-109,-200,-272,-355,-471,-565,-643,-718,-798,-883,-950,-1014,-1077,-1108,-1115,-1113,-1085,-1027,-952,-871,-787,-700,-602,-510,-414,-316,-234,-166,-110,-59,-6,46,79,105,117,112,95,66,24,-2,-22,-49,-62,-62,-62,-62,-49,-18,22,67,121,171,222,268,313,353,381,405,424,429,417,404,390,358,317,274,234,189,135,97,62,16,-29,-68,-112,-155,-210,-263,-299,-330,-355,-380,-395,-424,-480,-532,-573,-600,-619,-632,-636,-656,-666,-680,-709,-719,-719,-721,-725,-745,-758,-766,-797,-846,-905,-961,-1021,-1067,-1082,-1086,-1107,-1117,-1127,-1111,-1067,-1004,-887,-747,-604,-459,-316,-166,-45,57,178,289,375,444,503,580,633,649,659,645,612,584,548,504,456,389,327,283,248,237,234,233,265,325,395,486,580,674,762,836,913,982,1031,1081,1122,1154,1192,1216,1221,1222,1202,1170,1132,1085,1045,1017,990,971,950,916,876,821,761,726,697,670,668,656,633,614,602,582,546,496,458,427,403,391,357,308,244,166,78,-7,-85,-162,-260,-382,-525,-721,-952,-1146,-1301,-1429,-1532,-1608,-1678,-1751,-1816,-1839,-1777,-1657,-1493,-1273,-1055,-886,-743,-606,-453,-280,-109,23,126,223,300,357,383,394,394,372,340,296,233,160,76,-8,-63,-92,-127,-151,-140,-100,-43,31,135,263,366,448,516,575,618,637,660,671,652,610,561,514,483,456,416,374,304,221,165,131,117,109,85,58,24,-32,-91,-142,-181,-202,-217,-242,-272,-311,-362,-417,-479,-541,-599,-654,-666,-648,-634,-643,-671,-703,-734,-787,-858,-901,-939,-1009,-1095,-1205,-1302,-1390,-1519,-1660,-1744,-1782,-1845,-1882,-1831,-1710,-1525,-1282,-1012,-713,-456,-269,-90,88,245,397,556,715,865,978,1040,};
uint16_t si2B[357]={-44,-44,29,104,193,267,334,402,459,502,532,539,525,510,494,474,442,384,310,232,146,51,-48,-153,-256,-354,-460,-561,-644,-712,-756,-785,-796,-800,-804,-818,-821,-804,-785,-763,-741,-727,-727,-729,-735,-738,-739,-731,-725,-725,-714,-685,-663,-648,-617,-584,-550,-510,-460,-397,-320,-241,-158,-64,24,107,188,282,379,459,527,588,642,693,745,798,854,899,932,972,1007,1030,1059,1097,1137,1168,1195,1229,1283,1356,1440,1517,1592,1672,1751,1828,1895,1944,1977,1995,1998,1995,1979,1951,1911,1863,1809,1723,1623,1512,1380,1251,1110,940,779,641,498,352,215,93,-14,-127,-229,-291,-352,-412,-466,-540,-615,-683,-761,-837,-892,-943,-1006,-1075,-1139,-1211,-1291,-1357,-1414,-1455,-1489,-1516,-1520,-1511,-1480,-1432,-1366,-1279,-1196,-1107,-1010,-928,-841,-769,-712,-648,-599,-566,-556,-553,-541,-552,-572,-599,-633,-682,-736,-785,-818,-835,-847,-839,-795,-739,-657,-535,-397,-243,-58,146,338,526,715,880,1006,1101,1163,1206,1239,1246,1221,1164,1082,975,843,695,545,398,224,37,-144,-328,-507,-666,-789,-872,-934,-983,-1026,-1062,-1081,-1075,-1049,-1012,-980,-953,-952,-984,-1012,-1030,-1058,-1088,-1123,-1185,-1267,-1340,-1396,-1425,-1424,-1414,-1398,-1377,-1329,-1217,-1066,-891,-695,-506,-325,-156,8,177,343,505,646,745,814,870,901,923,962,1003,1020,1005,963,916,882,881,912,957,982,995,1010,1045,1123,1267,1471,1689,1868,2010,2130,2247,2381,2527,2649,2732,2765,2746,2682,2616,2574,2532,2476,2394,2274,2096,1884,1672,1479,1289,1086,892,693,458,223,20,-127,-223,-299,-373,-473,-567,-644,-727,-783,-807,-833,-866,-926,-1002,-1107,-1255,-1383,-1472,-1551,-1654,-1782,-1904,-1988,-2052,-2090,-2063,-1967,-1822,-1666,-1523,-1414,-1358,-1279,-1136,-978,-821,-734,-737,-729,-707,-648,-549,-455,-382,-364,-438,-547,-624,-664,-708,-743,-770,-839,-930,-978,-967,-904,-761,-522,-255,};
uint16_t fa3B[252]={-264,-264,-156,-43,63,163,258,339,407,465,511,540,571,596,604,615,627,628,633,637,629,620,605,584,560,540,515,485,444,397,365,336,311,282,235,194,160,144,133,104,72,40,12,-9,-24,-29,-27,-12,14,35,58,82,99,126,167,227,313,405,490,565,617,647,673,697,735,778,812,843,866,880,880,860,827,782,727,668,614,577,539,500,470,442,420,396,359,326,297,259,216,167,116,59,-13,-93,-169,-253,-338,-435,-533,-613,-703,-802,-905,-1027,-1158,-1288,-1401,-1499,-1593,-1671,-1723,-1762,-1803,-1843,-1875,-1889,-1891,-1844,-1737,-1588,-1407,-1216,-1028,-860,-707,-577,-457,-330,-181,-21,142,305,448,554,635,696,732,728,707,680,655,641,642,650,670,703,739,773,791,794,786,767,770,784,767,744,728,710,684,634,572,503,447,421,372,272,168,68,-22,-90,-130,-151,-155,-165,-182,-194,-208,-232,-243,-227,-172,-61,101,284,457,597,714,799,825,828,842,867,914,988,1063,1133,1172,1171,1127,1030,908,785,669,583,515,446,379,336,324,347,387,404,385,335,276,222,190,181,175,134,70,-19,-134,-264,-372,-446,-524,-629,-781,-986,-1212,-1431,-1639,-1799,-1918,-2019,-2137,-2238,-2319,-2420,-2537,-2620,-2664,-2649,-2500,-2201,-1827,-1484,-1217,-1006,-829,-674,-536,};
uint16_t la3B[200]={-88,-88,53,140,183,197,164,107,59,48,82,170,297,456,622,741,817,856,864,861,857,844,826,795,754,707,657,619,599,603,638,708,806,905,987,1030,1009,920,782,596,393,208,40,-107,-219,-269,-249,-171,-42,109,251,350,404,400,329,192,16,-158,-316,-429,-465,-416,-288,-106,86,221,282,266,196,106,2,-108,-213,-323,-445,-588,-748,-897,-1013,-1064,-1043,-956,-821,-654,-474,-337,-286,-327,-439,-604,-790,-966,-1130,-1270,-1363,-1389,-1327,-1166,-930,-637,-328,-60,131,221,209,116,-15,-136,-207,-213,-117,79,346,643,917,1116,1215,1210,1132,1040,978,958,962,971,952,890,804,725,687,705,769,875,1032,1219,1389,1498,1524,1427,1210,910,576,260,-16,-260,-435,-522,-510,-391,-188,58,289,457,525,485,338,106,-161,-425,-652,-791,-791,-643,-369,-26,307,534,611,538,357,145,-44,-190,-293,-383,-514,-706,-944,-1183,-1360,-1450,-1435,-1327,-1146,-904,-632,-392,-237,-200,-290,-487,-753,-1030,-1293,-1538,-1733,-1833,-1816,-1653,-1364,-974,-561,};
uint16_t si3B[178]={30,30,65,98,122,149,190,235,280,332,380,417,457,494,526,554,575,589,586,581,565,547,527,505,483,450,409,375,350,332,327,325,314,303,298,296,296,300,316,326,330,322,300,278,252,223,187,155,120,73,22,-28,-78,-126,-166,-202,-244,-291,-335,-383,-434,-481,-519,-562,-608,-653,-704,-747,-782,-813,-835,-848,-857,-853,-837,-816,-779,-724,-669,-607,-532,-468,-409,-354,-302,-244,-191,-137,-99,-62,-18,22,59,103,155,209,260,309,357,409,459,505,546,586,620,645,651,644,634,612,583,553,522,493,460,423,390,361,331,308,294,287,282,293,307,321,343,362,374,379,381,378,355,321,283,226,164,110,67,16,-40,-91,-147,-203,-259,-309,-357,-406,-455,-512,-575,-635,-695,-758,-817,-869,-921,-970,-1015,-1047,-1066,-1076,-1075,-1051,-1004,-947,-885,-809,-733,-660,-581,-499,-420,-339,-268,-209,-145,-94,-55,};
uint16_t re4B[150]={58,58,138,226,314,401,475,531,582,625,666,709,754,800,839,864,871,869,860,851,839,815,783,747,706,664,622,581,543,506,470,442,420,397,366,336,311,278,244,203,145,75,1,-73,-137,-212,-298,-380,-469,-564,-654,-748,-840,-926,-1007,-1074,-1136,-1188,-1228,-1252,-1267,-1260,-1240,-1218,-1173,-1103,-1018,-904,-776,-663,-550,-429,-305,-181,-65,45,153,265,370,463,547,637,716,786,853,910,957,1004,1052,1094,1125,1146,1156,1158,1138,1099,1057,1014,958,888,806,727,662,621,600,578,563,552,536,517,493,468,444,422,393,353,299,221,129,36,-64,-172,-273,-379,-506,-639,-775,-899,-994,-1081,-1175,-1263,-1346,-1414,-1468,-1507,-1514,-1481,-1416,-1331,-1238,-1136,-1013,-879,-739,-592,-438,-280,-127,7,124,};
uint16_t fa4B[126]={167,167,240,317,386,432,471,507,549,598,641,690,720,725,726,709,683,659,628,592,534,472,443,414,348,283,219,153,98,54,-3,-68,-129,-197,-265,-318,-366,-415,-462,-507,-570,-617,-635,-651,-681,-700,-713,-731,-718,-686,-661,-625,-587,-543,-492,-460,-410,-338,-269,-183,-96,-11,70,150,240,331,406,483,564,632,679,702,714,745,782,783,794,793,755,748,739,696,658,611,557,496,444,382,303,231,155,77,11,-53,-124,-184,-244,-306,-349,-404,-465,-512,-573,-632,-673,-713,-756,-792,-805,-813,-811,-812,-791,-737,-696,-640,-583,-525,-455,-389,-302,-197,-126,-60,29,117,232,};
uint16_t dod2B[636]={529,529,580,606,634,644,641,614,576,534,494,449,393,337,274,203,131,44,-36,-94,-142,-174,-200,-209,-195,-163,-110,-45,34,114,214,326,440,557,688,803,905,1023,1150,1285,1429,1588,1729,1854,1979,2099,2212,2296,2362,2413,2429,2417,2353,2234,2062,1838,1579,1307,1018,725,416,97,-193,-470,-708,-921,-1136,-1332,-1502,-1655,-1790,-1897,-1979,-2037,-2044,-2019,-1991,-1930,-1844,-1743,-1622,-1500,-1375,-1258,-1153,-1039,-934,-843,-748,-680,-612,-526,-451,-382,-320,-255,-187,-100,-10,58,128,187,242,282,314,322,317,270,178,76,-58,-191,-317,-441,-576,-701,-829,-961,-1099,-1269,-1436,-1599,-1771,-1943,-2101,-2229,-2340,-2444,-2513,-2535,-2526,-2491,-2416,-2291,-2140,-1950,-1737,-1517,-1295,-1080,-864,-682,-511,-352,-206,-69,57,172,279,405,523,613,665,709,763,801,821,851,901,944,999,1049,1079,1089,1109,1120,1101,1099,1101,1094,1098,1111,1111,1088,1047,986,909,838,761,696,650,629,655,680,714,790,876,969,1085,1207,1330,1470,1622,1781,1926,2081,2246,2396,2545,2687,2829,3010,3178,3338,3464,3590,3733,3851,3934,3985,4003,3993,3917,3762,3524,3220,2886,2540,2172,1802,1452,1121,839,577,337,133,-48,-247,-450,-653,-844,-988,-1101,-1184,-1241,-1286,-1293,-1266,-1238,-1227,-1198,-1170,-1138,-1103,-1062,-1018,-973,-922,-866,-796,-731,-655,-569,-483,-390,-286,-178,-55,74,200,328,455,580,667,713,704,638,536,403,242,56,-139,-332,-504,-678,-841,-992,-1152,-1331,-1513,-1711,-1931,-2152,-2370,-2567,-2739,-2920,-3085,-3233,-3355,-3450,-3485,-3459,-3383,-3238,-3053,-2875,-2687,-2490,-2317,-2140,-1964,-1809,-1641,-1486,-1345,-1204,-1077,-934,-773,-603,-437,-275,-132,-6,100,203,295,401,503,587,660,715,753,758,774,781,769,738,689,618,559,493,419,333,229,117,7,-101,-185,-267,-344,-402,-434,-424,-393,-341,-241,-118,15,161,329,504,687,878,1047,1189,1346,1504,1658,1841,2049,2258,2471,2699,2895,3047,3199,3349,3475,3574,3638,3623,3473,3203,2848,2370,1801,1248,737,277,-127,-485,-827,-1146,-1431,-1683,-1930,-2180,-2389,-2548,-2662,-2709,-2702,-2634,-2513,-2372,-2212,-2051,-1919,-1797,-1673,-1560,-1436,-1298,-1161,-1026,-905,-801,-719,-638,-554,-494,-433,-379,-331,-259,-172,-60,96,289,479,634,749,803,788,728,629,476,300,112,-86,-276,-460,-651,-830,-991,-1148,-1305,-1467,-1662,-1872,-2078,-2272,-2435,-2583,-2702,-2796,-2897,-2983,-3027,-3032,-2969,-2819,-2610,-2373,-2103,-1801,-1506,-1242,-991,-743,-522,-320,-145,-30,76,187,284,381,470,535,588,635,657,670,708,772,838,904,982,1046,1103,1168,1202,1200,1194,1205,1214,1205,1196,1198,1180,1147,1114,1074,1021,952,895,837,758,685,633,590,584,646,721,836,986,1142,1333,1510,1684,1891,2095,2286,2478,2634,2785,2962,3158,3355,3529,3725,3945,4183,4409,4618,4817,4996,5161,5295,5347,5255,5012,4595,4019,3374,2727,2155,1701,1335,1025,739,430,154,-87,-361,-656,-922,-1143,-1343,-1529,-1656,-1707,-1710,-1692,-1647,-1621,-1616,-1617,-1619,-1627,-1606,-1561,-1505,-1424,-1329,-1241,-1156,-1055,-937,-807,-683,-562,-422,-266,-100,104,351,624,904,1162,1351,1462,1484,1411,1257,1035,766,481,202,-58,-284,-494,-712,-918,-1133,-1370,-1624,-1914,-2228,-2543,-2836,-3096,-3317,-3486,-3619,-3752,-3888,-4041,-4161,-4212,-4210,-4104,-3915,-3690,-3442,-3184,-2928,-2687,-2448,-2194,-1957,-1741,-1566,-1420,-1294,-1184,-1046,-889,-694,-482,-278,-84,80,186,};
uint16_t red2B[566]={0,0,0,0,-2,2,0,0,-1,1,0,0,-1,0,0,1,0,0,0,0,0,0,-1,0,0,0,0,1,0,0,0,0,-1,0,0,0,0,-1,0,0,-1,0,0,0,-1,0,1,0,0,0,0,1,1,1,1,0,1,0,0,1,0,1,0,0,0,-1,-1,1,1,0,0,0,0,1,0,0,0,1,1,1,-2,0,0,-1,-2,0,0,0,1,0,0,-1,1,0,1,0,0,1,0,-2,1,0,0,-2,0,1,0,0,0,0,0,0,0,0,-1,0,0,0,0,1,1,0,0,0,1,0,0,1,-1,0,0,0,0,1,0,1,1,0,-1,0,0,-1,0,-1,0,0,0,1,0,1,0,1,0,0,1,0,0,0,0,0,0,0,1,0,-1,0,0,1,-1,0,0,0,1,1,1,0,-1,1,0,0,2,2,0,0,0,0,1,-1,0,0,0,1,0,-1,0,0,1,0,0,-1,0,2,0,0,-1,0,0,0,1,2,0,0,0,-1,0,1,0,-1,-1,0,0,1,0,-1,0,-1,1,0,0,-1,0,-1,0,1,0,-1,1,0,0,0,1,0,0,0,0,1,0,-1,0,1,1,-1,0,0,0,0,0,0,-1,1,-1,-1,-1,0,0,0,0,1,1,-1,0,1,0,1,-1,0,0,-1,0,0,0,0,0,-1,0,0,0,0,1,0,0,0,0,0,0,0,0,-1,-1,0,-1,0,0,1,0,1,0,0,0,0,1,0,0,0,0,0,0,0,1,0,0,0,0,0,-1,0,0,0,-1,0,0,0,0,0,0,0,1,0,0,0,0,0,0,0,0,0,1,-1,0,-1,0,0,0,0,-1,0,0,0,0,-1,0,0,-1,2,0,-1,0,0,0,0,1,0,1,-1,0,0,1,-1,0,0,0,1,0,-1,0,0,0,0,-1,0,0,-1,-1,0,1,0,-1,0,0,0,-1,0,0,0,0,0,-1,1,-2,0,-1,-1,0,0,0,0,0,-1,0,0,0,0,1,-1,0,0,0,-1,0,0,0,-1,1,0,-1,0,0,0,1,0,0,1,0,0,0,-1,0,0,0,-1,0,0,0,0,0,0,-1,-1,0,0,0,1,0,0,0,-1,-1,2,0,0,1,2,1,0,0,-1,0,0,0,0,0,-1,0,0,0,0,1,0,0,-1,-2,0,-1,1,1,2,0,1,0,0,0,1,0,1,2,0,0,0,-1,-1,0,-1,0,0,0,0,1,0,0,0,1,0,1,-1,0,-1,1,-1,0,0,0,0,2,-1,0,1,1,-1,0,-1,1,0,0,1,1,0,-1,-1,0,0,0,2,0,0,0,0,0,1,0,0,1,0,-1,0,0,2,1,};
uint16_t sol2B[449]={-58,-58,15,81,143,202,261,325,384,438,492,547,603,660,725,787,847,913,979,1045,1116,1187,1258,1322,1381,1433,1472,1497,1517,1527,1523,1510,1495,1472,1447,1420,1385,1349,1319,1283,1247,1212,1174,1130,1087,1051,1009,959,907,855,795,727,658,588,508,421,326,233,133,30,-82,-190,-305,-421,-537,-650,-762,-871,-976,-1078,-1177,-1266,-1344,-1415,-1477,-1530,-1580,-1622,-1661,-1700,-1736,-1770,-1807,-1852,-1893,-1933,-1976,-2018,-2054,-2087,-2120,-2150,-2175,-2190,-2194,-2196,-2190,-2169,-2146,-2119,-2080,-2034,-1981,-1921,-1850,-1766,-1672,-1573,-1470,-1363,-1246,-1132,-1012,-892,-774,-659,-550,-442,-339,-239,-138,-39,64,162,262,365,465,570,683,801,920,1036,1155,1271,1387,1498,1604,1704,1787,1862,1921,1972,2016,2042,2061,2081,2089,2087,2080,2070,2057,2036,2013,1988,1953,1918,1883,1846,1806,1764,1724,1681,1619,1553,1490,1423,1346,1271,1197,1111,1010,907,797,679,559,438,320,207,92,-29,-140,-247,-350,-446,-532,-609,-676,-735,-783,-829,-875,-911,-945,-984,-1023,-1066,-1109,-1153,-1198,-1243,-1290,-1342,-1388,-1428,-1462,-1491,-1514,-1529,-1540,-1539,-1526,-1498,-1460,-1416,-1360,-1287,-1216,-1139,-1050,-957,-855,-749,-640,-522,-405,-296,-184,-78,17,108,196,274,343,410,480,548,616,686,765,844,928,1010,1092,1185,1280,1374,1464,1555,1639,1711,1775,1816,1841,1857,1856,1846,1830,1804,1768,1735,1698,1656,1616,1570,1525,1487,1449,1411,1373,1337,1301,1261,1215,1168,1116,1053,988,916,837,752,657,556,447,331,205,82,-39,-166,-291,-416,-539,-659,-778,-897,-1014,-1118,-1214,-1299,-1374,-1438,-1501,-1557,-1617,-1677,-1739,-1801,-1867,-1932,-2003,-2079,-2150,-2219,-2287,-2361,-2429,-2489,-2541,-2582,-2619,-2645,-2661,-2670,-2669,-2659,-2643,-2618,-2585,-2542,-2488,-2427,-2355,-2266,-2171,-2072,-1960,-1836,-1705,-1569,-1431,-1284,-1140,-995,-855,-710,-563,-421,-284,-148,-10,128,268,404,547,691,838,985,1134,1284,1433,1582,1726,1865,1992,2105,2203,2282,2346,2395,2440,2480,2507,2529,2546,2557,2561,2556,2548,2535,2513,2486,2446,2404,2358,2303,2242,2171,2099,2028,1948,1866,1782,1694,1602,1503,1398,1283,1163,1042,921,795,675,557,436,314,192,68,-55,-169,-275,-375,-461,-535,-608,-674,-739,-798,-865,-935,-1003,-1074,-1145,-1222,-1300,-1386,-1477,-1569,-1655,-1734,-1808,-1874,-1927,-1965,-1999,-2021,-2028,-2024,-2004,-1976,-1938,-1890,-1832,-1763,-1677,-1573,-1458,-1333,-1202,-1064,-925,-783,};
uint16_t lad2B[378]={12,12,64,119,165,193,215,251,292,325,371,418,456,480,492,509,541,580,610,630,642,656,676,690,707,733,746,739,729,727,735,731,710,685,671,658,639,617,587,552,515,494,461,401,349,310,265,212,174,140,87,30,-14,-45,-93,-134,-166,-196,-222,-258,-299,-340,-371,-392,-429,-469,-479,-483,-514,-556,-594,-636,-674,-685,-693,-704,-721,-756,-787,-788,-772,-759,-745,-724,-691,-641,-589,-535,-469,-403,-346,-281,-221,-153,-91,-36,24,88,150,202,259,301,321,333,344,364,385,391,398,404,415,452,494,523,555,590,614,641,679,706,720,727,741,761,777,789,773,737,709,682,653,631,595,534,464,387,331,293,241,180,129,66,-5,-62,-119,-161,-174,-203,-258,-293,-324,-381,-413,-425,-450,-479,-499,-528,-573,-629,-675,-687,-689,-706,-740,-787,-832,-867,-910,-949,-979,-993,-994,-1022,-1059,-1052,-1019,-993,-956,-893,-815,-732,-653,-571,-464,-342,-207,-93,-10,80,165,221,285,368,449,492,502,509,521,520,519,519,510,493,482,484,508,561,621,694,769,829,867,905,953,1003,1057,1107,1154,1189,1218,1218,1191,1177,1179,1159,1111,1054,980,884,791,716,653,576,478,366,265,172,89,27,-8,-21,-30,-70,-143,-205,-244,-270,-311,-369,-397,-383,-375,-412,-483,-542,-588,-634,-681,-726,-777,-848,-943,-1044,-1115,-1181,-1265,-1334,-1378,-1418,-1426,-1386,-1321,-1263,-1185,-1070,-949,-806,-643,-499,-370,-231,-79,43,140,247,347,426,506,588,635,618,549,448,350,285,232,190,158,154,182,239,300,362,426,464,489,541,604,682,780,882,984,1058,1095,1103,1118,1128,1128,1130,1125,1088,1008,891,778,678,578,480,364,218,86,-8,-68,-137,-211,-280,-318,-329,-327,-327,-361,-420,-460,-497,-499,-465,-440,-420,-399,-418,-508,-614,-691,-750,-795,-840,-924,-1041,-1184,-1337,-1485,-1614,-1722,-1798,-1824,-1866,-1875,-1748,-1579,-1381,-1099,-837,-665,-500,-355,-233,-67,128,329,};
uint16_t re3B[300]={429,429,543,630,708,760,807,854,881,889,898,903,914,930,949,974,989,998,997,1012,1038,1066,1088,1109,1122,1122,1121,1126,1125,1095,1046,981,904,813,719,604,506,419,338,244,134,35,-40,-88,-131,-188,-247,-298,-334,-347,-370,-376,-369,-376,-378,-382,-388,-405,-428,-460,-506,-542,-533,-488,-431,-349,-259,-179,-118,-37,50,139,268,387,499,582,637,677,675,667,650,618,572,534,497,465,443,430,413,389,350,317,286,273,299,325,372,409,438,453,467,469,462,453,434,393,307,188,54,-96,-243,-400,-543,-673,-809,-940,-1081,-1234,-1372,-1496,-1621,-1729,-1807,-1847,-1869,-1880,-1871,-1861,-1849,-1836,-1807,-1765,-1734,-1726,-1722,-1706,-1678,-1621,-1498,-1342,-1209,-1082,-980,-870,-736,-576,-389,-200,14,237,446,590,699,773,815,848,874,873,879,888,907,944,995,1029,1027,1036,1031,1031,1058,1133,1217,1286,1346,1420,1476,1519,1563,1588,1607,1582,1550,1490,1411,1304,1186,1061,938,823,696,560,426,325,219,141,70,3,-64,-140,-205,-247,-259,-267,-277,-299,-319,-363,-430,-497,-584,-664,-763,-848,-873,-812,-696,-568,-467,-395,-313,-232,-110,56,270,494,668,786,842,834,783,709,654,594,533,463,404,375,346,346,331,297,255,208,190,218,302,399,509,621,707,763,793,823,815,790,759,690,596,463,273,60,-138,-356,-567,-763,-956,-1174,-1384,-1563,-1711,-1850,-1952,-2058,-2181,-2255,-2311,-2292,-2251,-2208,-2173,-2128,-2098,-2080,-2067,-2072,-2103,-2160,-2193,-2147,-1998,-1821,-1676,-1553,-1467,-1380,-1213,-980,-689,-337,35,391,664,};
uint16_t red3B[283]={-43,-43,34,131,243,357,466,558,642,702,745,784,813,834,847,851,845,835,817,786,750,715,686,663,631,596,568,536,506,480,446,412,373,325,283,246,205,156,97,23,-53,-141,-234,-323,-415,-498,-571,-643,-696,-732,-747,-727,-675,-608,-534,-467,-417,-377,-337,-279,-215,-149,-91,-40,1,34,62,82,94,107,131,175,241,320,409,502,604,695,771,829,861,884,895,891,888,892,892,881,854,811,746,674,614,555,499,442,391,337,282,221,150,70,-12,-86,-149,-209,-274,-345,-419,-496,-586,-689,-806,-937,-1064,-1191,-1315,-1428,-1526,-1601,-1648,-1652,-1614,-1548,-1468,-1391,-1330,-1276,-1220,-1156,-1082,-998,-896,-795,-712,-643,-602,-563,-527,-478,-406,-327,-244,-149,-32,108,254,395,536,660,764,844,894,930,954,989,1038,1077,1104,1111,1091,1059,1021,982,943,907,870,832,796,759,705,646,579,517,462,418,367,302,232,153,65,-35,-151,-280,-416,-556,-695,-824,-944,-1039,-1105,-1127,-1087,-1004,-886,-760,-661,-593,-547,-504,-441,-353,-246,-125,-22,47,94,115,121,125,136,167,222,290,379,474,575,690,806,913,1002,1069,1111,1134,1143,1140,1145,1169,1197,1209,1189,1136,1072,1009,938,853,759,670,600,538,481,410,315,209,105,22,-42,-109,-199,-309,-434,-561,-689,-836,-1009,-1210,-1430,-1638,-1816,-1966,-2097,-2185,-2205,-2146,-2033,-1919,-1829,-1778,-1752,-1715,-1647,-1536,-1393,-1231,-1082,-954,-852,-785,-746,-722,-693,-642,-554,-434,};
uint16_t sol3B[225]={189,189,200,209,205,201,201,192,184,193,213,242,286,332,383,445,500,551,588,610,622,627,628,634,616,591,576,545,510,475,444,421,404,392,392,402,410,409,392,368,353,321,307,308,292,283,273,265,262,252,235,215,192,169,161,153,147,130,88,40,-22,-85,-130,-172,-210,-241,-286,-342,-389,-445,-504,-541,-557,-550,-520,-484,-450,-438,-424,-388,-341,-300,-257,-238,-259,-298,-346,-392,-450,-522,-608,-705,-790,-832,-829,-813,-793,-765,-741,-696,-618,-505,-377,-241,-109,-8,62,121,166,207,238,237,215,169,116,72,47,39,47,74,116,169,255,367,490,609,712,812,881,917,949,982,997,1011,1005,974,922,869,809,735,666,593,518,463,427,401,387,377,366,354,349,352,354,356,368,375,373,372,358,332,283,211,156,120,86,31,-22,-79,-149,-203,-251,-311,-359,-389,-419,-440,-445,-456,-471,-474,-473,-479,-488,-484,-458,-436,-410,-386,-381,-386,-385,-382,-376,-356,-326,-319,-337,-362,-391,-443,-525,-617,-703,-778,-848,-888,-908,-929,-933,-920,-892,-842,-757,-642,-519,-423,-325,-238,-191,-145,-86,-36,16,46,68,82,};
uint16_t lad3B[189]={-11,-11,35,80,121,166,207,246,288,322,349,379,405,428,447,464,479,490,504,514,519,506,496,482,458,430,406,372,337,307,279,257,234,201,166,130,97,79,55,29,10,-8,-21,-34,-48,-65,-91,-111,-120,-131,-137,-143,-150,-160,-168,-174,-178,-190,-206,-229,-255,-281,-294,-307,-320,-333,-359,-385,-414,-439,-453,-464,-473,-480,-485,-485,-488,-490,-496,-505,-504,-493,-474,-455,-434,-415,-387,-356,-327,-293,-257,-215,-171,-124,-67,-14,32,86,141,185,230,273,322,372,417,461,501,537,568,592,615,631,641,646,652,653,644,625,603,573,541,510,485,455,422,385,346,297,249,220,206,185,168,144,101,66,44,31,9,-23,-49,-66,-86,-102,-115,-125,-150,-181,-204,-225,-242,-265,-282,-295,-317,-332,-350,-374,-411,-454,-482,-500,-521,-554,-583,-608,-632,-656,-681,-705,-728,-743,-743,-737,-728,-714,-696,-674,-649,-613,-574,-532,-489,-440,-392,-337,-271,-208,-151,-92,};
uint16_t *arrayNotesA20[8] = {fad1,la1,do2,mi2,fad2,la2,do3,mi3,};
int taillesA20[8] = {953,801,674,535,476,400,337,267,};
uint16_t *arrayNotesB20[8] = {fad3,la3,do4,lad1,si1,re2,fa2,la2,};
int taillesB20[8] = {238,200,168,754,714,600,505,400,};
uint16_t *arrayNotesA27[8] = {si2,re3,fa3,la3,si3,re4,fa4,dod2,};
int taillesA27[8] = {357,300,252,200,178,150,126,636,};
uint16_t *arrayNotesB27[8] = {red2,sol2,lad2,re3,red3,sol3,lad3,};
int taillesB27[8] = {566,449,378,300,283,225,189,};
uint16_t *arrayNotesA20B[8] = {fad1B,la1B,do2B,mi2B,fad2B,la2B,do3B,mi3B,};
int taillesA20B[8] = {953,801,674,535,476,400,337,267,};
uint16_t *arrayNotesB20B[8] = {fad3B,la3B,do4B,lad1B,si1B,re2B,fa2B,la2B,};
int taillesB20B[8] = {238,200,168,754,714,600,505,400,};
uint16_t *arrayNotesA27B[8] = {si2B,re3B,fa3B,la3B,si3B,re4B,fa4B,dod2B,};
int taillesA27B[8] = {357,300,252,200,178,150,126,636,};
uint16_t *arrayNotesB27B[8] = {red2B,sol2B,lad2B,re3B,red3B,sol3B,lad3B,};
int taillesB27B[8] = {566,449,378,300,283,225,189,};
